ISO-10303-21;
HEADER;
FILE_DESCRIPTION(('KiCad electronic assembly'),'2;1');
FILE_NAME('IR2026.step','2025-03-08T18:21:24',('Pcbnew'),('Kicad'),
  'Open CASCADE STEP processor 7.8','KiCad to STEP converter','Unknown'
  );
FILE_SCHEMA(('AUTOMOTIVE_DESIGN { 1 0 10303 214 1 1 1 1 }'));
ENDSEC;
DATA;
#1 = APPLICATION_PROTOCOL_DEFINITION('international standard',
  'automotive_design',2000,#2);
#2 = APPLICATION_CONTEXT(
  'core data for automotive mechanical design processes');
#3 = SHAPE_DEFINITION_REPRESENTATION(#4,#10);
#4 = PRODUCT_DEFINITION_SHAPE('','',#5);
#5 = PRODUCT_DEFINITION('design','',#6,#9);
#6 = PRODUCT_DEFINITION_FORMATION('','',#7);
#7 = PRODUCT('IR2026 1','IR2026 1','',(#8));
#8 = PRODUCT_CONTEXT('',#2,'mechanical');
#9 = PRODUCT_DEFINITION_CONTEXT('part definition',#2,'design');
#10 = SHAPE_REPRESENTATION('',(#11,#15,#19,#23,#27,#31,#35,#39,#43,#47,
    #51,#55,#59,#63,#67,#71,#75,#79),#83);
#11 = AXIS2_PLACEMENT_3D('',#12,#13,#14);
#12 = CARTESIAN_POINT('',(0.,0.,0.));
#13 = DIRECTION('',(0.,0.,1.));
#14 = DIRECTION('',(1.,0.,-0.));
#15 = AXIS2_PLACEMENT_3D('',#16,#17,#18);
#16 = CARTESIAN_POINT('',(-40.2138,-13.9078,1.595));
#17 = DIRECTION('',(-0.,0.,1.));
#18 = DIRECTION('',(0.390731128489,-0.920504853452,0.));
#19 = AXIS2_PLACEMENT_3D('',#20,#21,#22);
#20 = CARTESIAN_POINT('',(18.6011,38.2698,1.595));
#21 = DIRECTION('',(0.,0.,1.));
#22 = DIRECTION('',(-0.927183854567,0.374606593416,0.));
#23 = AXIS2_PLACEMENT_3D('',#24,#25,#26);
#24 = CARTESIAN_POINT('',(-38.2929,18.6107,1.595));
#25 = DIRECTION('',(0.,0.,1.));
#26 = DIRECTION('',(-0.374606593416,-0.927183854567,0.));
#27 = AXIS2_PLACEMENT_3D('',#28,#29,#30);
#28 = CARTESIAN_POINT('',(31.8481,28.256,1.595));
#29 = DIRECTION('',(0.,0.,1.));
#30 = DIRECTION('',(-0.707106781187,0.707106781187,0.));
#31 = AXIS2_PLACEMENT_3D('',#32,#33,#34);
#32 = CARTESIAN_POINT('',(-18.6107,-38.2929,1.595));
#33 = DIRECTION('',(-0.,0.,1.));
#34 = DIRECTION('',(0.927183854567,-0.374606593416,0.));
#35 = AXIS2_PLACEMENT_3D('',#36,#37,#38);
#36 = CARTESIAN_POINT('',(2.54,42.5,1.595));
#37 = DIRECTION('',(0.,0.,1.));
#38 = DIRECTION('',(-1.,1.224646799147E-16,0.));
#39 = AXIS2_PLACEMENT_3D('',#40,#41,#42);
#40 = CARTESIAN_POINT('',(-42.475,2.54,1.595));
#41 = DIRECTION('',(-0.,0.,1.));
#42 = DIRECTION('',(1.110223024625E-16,-1.,0.));
#43 = AXIS2_PLACEMENT_3D('',#44,#45,#46);
#44 = CARTESIAN_POINT('',(40.2369,13.9174,1.595));
#45 = DIRECTION('',(0.,0.,1.));
#46 = DIRECTION('',(-0.390731128489,0.920504853452,0.));
#47 = AXIS2_PLACEMENT_3D('',#48,#49,#50);
#48 = CARTESIAN_POINT('',(-13.9174,40.2369,1.595));
#49 = DIRECTION('',(0.,0.,1.));
#50 = DIRECTION('',(-0.920504853452,-0.390731128489,0.));
#51 = AXIS2_PLACEMENT_3D('',#52,#53,#54);
#52 = CARTESIAN_POINT('',(28.256,-31.8481,1.595));
#53 = DIRECTION('',(0.,-0.,1.));
#54 = DIRECTION('',(0.707106781187,0.707106781187,0.));
#55 = AXIS2_PLACEMENT_3D('',#56,#57,#58);
#56 = CARTESIAN_POINT('',(42.5,-2.54,1.595));
#57 = DIRECTION('',(0.,-0.,1.));
#58 = DIRECTION('',(1.110223024625E-16,1.,0.));
#59 = AXIS2_PLACEMENT_3D('',#60,#61,#62);
#60 = CARTESIAN_POINT('',(-28.2383,31.8304,1.595));
#61 = DIRECTION('',(0.,0.,1.));
#62 = DIRECTION('',(-0.707106781187,-0.707106781187,0.));
#63 = AXIS2_PLACEMENT_3D('',#64,#65,#66);
#64 = CARTESIAN_POINT('',(38.2929,-18.6107,1.595));
#65 = DIRECTION('',(0.,-0.,1.));
#66 = DIRECTION('',(0.374606593416,0.927183854567,0.));
#67 = AXIS2_PLACEMENT_3D('',#68,#69,#70);
#68 = CARTESIAN_POINT('',(-31.8304,-28.2383,1.595));
#69 = DIRECTION('',(-0.,0.,1.));
#70 = DIRECTION('',(0.707106781187,-0.707106781187,0.));
#71 = AXIS2_PLACEMENT_3D('',#72,#73,#74);
#72 = CARTESIAN_POINT('',(13.9078,-40.2138,1.595));
#73 = DIRECTION('',(0.,-0.,1.));
#74 = DIRECTION('',(0.920504853452,0.390731128489,0.));
#75 = AXIS2_PLACEMENT_3D('',#76,#77,#78);
#76 = CARTESIAN_POINT('',(-2.54,-42.5,1.595));
#77 = DIRECTION('',(0.,0.,1.));
#78 = DIRECTION('',(1.,0.,0.));
#79 = AXIS2_PLACEMENT_3D('',#80,#81,#82);
#80 = CARTESIAN_POINT('',(0.,0.,0.));
#81 = DIRECTION('',(0.,0.,1.));
#82 = DIRECTION('',(1.,0.,-0.));
#83 = ( GEOMETRIC_REPRESENTATION_CONTEXT(3) 
GLOBAL_UNCERTAINTY_ASSIGNED_CONTEXT((#87)) GLOBAL_UNIT_ASSIGNED_CONTEXT(
(#84,#85,#86)) REPRESENTATION_CONTEXT('Context #1',
  '3D Context with UNIT and UNCERTAINTY') );
#84 = ( LENGTH_UNIT() NAMED_UNIT(*) SI_UNIT(.MILLI.,.METRE.) );
#85 = ( NAMED_UNIT(*) PLANE_ANGLE_UNIT() SI_UNIT($,.RADIAN.) );
#86 = ( NAMED_UNIT(*) SI_UNIT($,.STERADIAN.) SOLID_ANGLE_UNIT() );
#87 = UNCERTAINTY_MEASURE_WITH_UNIT(LENGTH_MEASURE(1.E-07),#84,
  'distance_accuracy_value','confusion accuracy');
#88 = PRODUCT_RELATED_PRODUCT_CATEGORY('part',$,(#7));
#89 = SHAPE_DEFINITION_REPRESENTATION(#90,#96);
#90 = PRODUCT_DEFINITION_SHAPE('','',#91);
#91 = PRODUCT_DEFINITION('design','',#92,#95);
#92 = PRODUCT_DEFINITION_FORMATION('','',#93);
#93 = PRODUCT('Vishay_MINICAST-3Pin','Vishay_MINICAST-3Pin','',(#94));
#94 = PRODUCT_CONTEXT('',#2,'mechanical');
#95 = PRODUCT_DEFINITION_CONTEXT('part definition',#2,'design');
#96 = ADVANCED_BREP_SHAPE_REPRESENTATION('',(#11,#97),#2229);
#97 = MANIFOLD_SOLID_BREP('',#98);
#98 = CLOSED_SHELL('',(#99,#139,#188,#213,#336,#403,#420,#437,#449,#528,
    #682,#706,#852,#870,#902,#1048,#1072,#1212,#1236,#1247,#1257,#1288,
    #1392,#1416,#1513,#1535,#1547,#1564,#1581,#1598,#1615,#1632,#1649,
    #1666,#1683,#1700,#1717,#1734,#1751,#1768,#1780,#1797,#1814,#1831,
    #1848,#1865,#1882,#1899,#1916,#1933,#1950,#1967,#1984,#2001,#2018,
    #2035,#2047,#2064,#2086,#2103,#2120,#2132,#2149,#2166,#2183,#2200,
    #2217));
#99 = ADVANCED_FACE('',(#100),#134,.F.);
#100 = FACE_BOUND('',#101,.F.);
#101 = EDGE_LOOP('',(#102,#112,#120,#128));
#102 = ORIENTED_EDGE('',*,*,#103,.F.);
#103 = EDGE_CURVE('',#104,#106,#108,.T.);
#104 = VERTEX_POINT('',#105);
#105 = CARTESIAN_POINT('',(5.04,1.4,3.4));
#106 = VERTEX_POINT('',#107);
#107 = CARTESIAN_POINT('',(5.04,1.4,10.15));
#108 = LINE('',#109,#110);
#109 = CARTESIAN_POINT('',(5.04,1.4,3.4));
#110 = VECTOR('',#111,1.);
#111 = DIRECTION('',(0.,6.661338147751E-16,1.));
#112 = ORIENTED_EDGE('',*,*,#113,.T.);
#113 = EDGE_CURVE('',#104,#114,#116,.T.);
#114 = VERTEX_POINT('',#115);
#115 = CARTESIAN_POINT('',(5.04,-1.4,3.4));
#116 = LINE('',#117,#118);
#117 = CARTESIAN_POINT('',(5.04,1.4,3.4));
#118 = VECTOR('',#119,1.);
#119 = DIRECTION('',(0.,-1.,4.440892098501E-16));
#120 = ORIENTED_EDGE('',*,*,#121,.T.);
#121 = EDGE_CURVE('',#114,#122,#124,.T.);
#122 = VERTEX_POINT('',#123);
#123 = CARTESIAN_POINT('',(5.04,-1.4,10.15));
#124 = LINE('',#125,#126);
#125 = CARTESIAN_POINT('',(5.04,-1.4,3.4));
#126 = VECTOR('',#127,1.);
#127 = DIRECTION('',(0.,6.661338147751E-16,1.));
#128 = ORIENTED_EDGE('',*,*,#129,.F.);
#129 = EDGE_CURVE('',#106,#122,#130,.T.);
#130 = LINE('',#131,#132);
#131 = CARTESIAN_POINT('',(5.04,1.4,10.15));
#132 = VECTOR('',#133,1.);
#133 = DIRECTION('',(0.,-1.,4.440892098501E-16));
#134 = PLANE('',#135);
#135 = AXIS2_PLACEMENT_3D('',#136,#137,#138);
#136 = CARTESIAN_POINT('',(5.04,1.4,3.4));
#137 = DIRECTION('',(-1.,0.,0.));
#138 = DIRECTION('',(0.,6.661338147751E-16,1.));
#139 = ADVANCED_FACE('',(#140),#183,.T.);
#140 = FACE_BOUND('',#141,.T.);
#141 = EDGE_LOOP('',(#142,#143,#151,#159,#168,#176));
#142 = ORIENTED_EDGE('',*,*,#103,.F.);
#143 = ORIENTED_EDGE('',*,*,#144,.F.);
#144 = EDGE_CURVE('',#145,#104,#147,.T.);
#145 = VERTEX_POINT('',#146);
#146 = CARTESIAN_POINT('',(4.E-02,1.4,3.4));
#147 = LINE('',#148,#149);
#148 = CARTESIAN_POINT('',(4.E-02,1.4,3.4));
#149 = VECTOR('',#150,1.);
#150 = DIRECTION('',(1.,0.,0.));
#151 = ORIENTED_EDGE('',*,*,#152,.F.);
#152 = EDGE_CURVE('',#153,#145,#155,.T.);
#153 = VERTEX_POINT('',#154);
#154 = CARTESIAN_POINT('',(4.E-02,1.4,10.15));
#155 = LINE('',#156,#157);
#156 = CARTESIAN_POINT('',(4.E-02,1.4,10.35));
#157 = VECTOR('',#158,1.);
#158 = DIRECTION('',(0.,-6.661338147751E-16,-1.));
#159 = ORIENTED_EDGE('',*,*,#160,.F.);
#160 = EDGE_CURVE('',#161,#153,#163,.T.);
#161 = VERTEX_POINT('',#162);
#162 = CARTESIAN_POINT('',(0.24,1.4,10.35));
#163 = CIRCLE('',#164,0.2);
#164 = AXIS2_PLACEMENT_3D('',#165,#166,#167);
#165 = CARTESIAN_POINT('',(0.24,1.4,10.15));
#166 = DIRECTION('',(0.,-1.,4.440892098501E-16));
#167 = DIRECTION('',(0.,-4.440892098501E-16,-1.));
#168 = ORIENTED_EDGE('',*,*,#169,.F.);
#169 = EDGE_CURVE('',#170,#161,#172,.T.);
#170 = VERTEX_POINT('',#171);
#171 = CARTESIAN_POINT('',(4.84,1.4,10.35));
#172 = LINE('',#173,#174);
#173 = CARTESIAN_POINT('',(5.04,1.4,10.35));
#174 = VECTOR('',#175,1.);
#175 = DIRECTION('',(-1.,0.,0.));
#176 = ORIENTED_EDGE('',*,*,#177,.F.);
#177 = EDGE_CURVE('',#106,#170,#178,.T.);
#178 = CIRCLE('',#179,0.2);
#179 = AXIS2_PLACEMENT_3D('',#180,#181,#182);
#180 = CARTESIAN_POINT('',(4.84,1.4,10.15));
#181 = DIRECTION('',(0.,-1.,4.440892098501E-16));
#182 = DIRECTION('',(0.,-4.440892098501E-16,-1.));
#183 = PLANE('',#184);
#184 = AXIS2_PLACEMENT_3D('',#185,#186,#187);
#185 = CARTESIAN_POINT('',(4.E-02,1.4,3.4));
#186 = DIRECTION('',(0.,1.,-6.661338147751E-16));
#187 = DIRECTION('',(0.,6.661338147751E-16,1.));
#188 = ADVANCED_FACE('',(#189),#208,.T.);
#189 = FACE_BOUND('',#190,.T.);
#190 = EDGE_LOOP('',(#191,#192,#200,#207));
#191 = ORIENTED_EDGE('',*,*,#177,.T.);
#192 = ORIENTED_EDGE('',*,*,#193,.T.);
#193 = EDGE_CURVE('',#170,#194,#196,.T.);
#194 = VERTEX_POINT('',#195);
#195 = CARTESIAN_POINT('',(4.84,-1.4,10.35));
#196 = LINE('',#197,#198);
#197 = CARTESIAN_POINT('',(4.84,1.4,10.35));
#198 = VECTOR('',#199,1.);
#199 = DIRECTION('',(0.,-1.,4.440892098501E-16));
#200 = ORIENTED_EDGE('',*,*,#201,.F.);
#201 = EDGE_CURVE('',#122,#194,#202,.T.);
#202 = CIRCLE('',#203,0.2);
#203 = AXIS2_PLACEMENT_3D('',#204,#205,#206);
#204 = CARTESIAN_POINT('',(4.84,-1.4,10.15));
#205 = DIRECTION('',(0.,-1.,4.440892098501E-16));
#206 = DIRECTION('',(0.,-4.440892098501E-16,-1.));
#207 = ORIENTED_EDGE('',*,*,#129,.F.);
#208 = CYLINDRICAL_SURFACE('',#209,0.2);
#209 = AXIS2_PLACEMENT_3D('',#210,#211,#212);
#210 = CARTESIAN_POINT('',(4.84,1.4,10.15));
#211 = DIRECTION('',(0.,-1.,4.440892098501E-16));
#212 = DIRECTION('',(1.,0.,0.));
#213 = ADVANCED_FACE('',(#214),#331,.F.);
#214 = FACE_BOUND('',#215,.F.);
#215 = EDGE_LOOP('',(#216,#217,#225,#233,#242,#250,#258,#266,#274,#283,
    #291,#299,#307,#315,#324,#330));
#216 = ORIENTED_EDGE('',*,*,#144,.F.);
#217 = ORIENTED_EDGE('',*,*,#218,.T.);
#218 = EDGE_CURVE('',#145,#219,#221,.T.);
#219 = VERTEX_POINT('',#220);
#220 = CARTESIAN_POINT('',(4.E-02,-1.4,3.4));
#221 = LINE('',#222,#223);
#222 = CARTESIAN_POINT('',(4.E-02,1.4,3.4));
#223 = VECTOR('',#224,1.);
#224 = DIRECTION('',(0.,-1.,4.440892098501E-16));
#225 = ORIENTED_EDGE('',*,*,#226,.T.);
#226 = EDGE_CURVE('',#219,#227,#229,.T.);
#227 = VERTEX_POINT('',#228);
#228 = CARTESIAN_POINT('',(0.54,-1.4,3.4));
#229 = LINE('',#230,#231);
#230 = CARTESIAN_POINT('',(4.E-02,-1.4,3.4));
#231 = VECTOR('',#232,1.);
#232 = DIRECTION('',(1.,0.,0.));
#233 = ORIENTED_EDGE('',*,*,#234,.T.);
#234 = EDGE_CURVE('',#227,#235,#237,.T.);
#235 = VERTEX_POINT('',#236);
#236 = CARTESIAN_POINT('',(0.94,-0.2,3.4));
#237 = CIRCLE('',#238,2.);
#238 = AXIS2_PLACEMENT_3D('',#239,#240,#241);
#239 = CARTESIAN_POINT('',(2.54,-1.4,3.4));
#240 = DIRECTION('',(0.,3.330669073875E-16,-1.));
#241 = DIRECTION('',(1.,-3.330669073875E-16,-1.109335647967E-31));
#242 = ORIENTED_EDGE('',*,*,#243,.T.);
#243 = EDGE_CURVE('',#235,#244,#246,.T.);
#244 = VERTEX_POINT('',#245);
#245 = CARTESIAN_POINT('',(0.59,-0.2,3.4));
#246 = LINE('',#247,#248);
#247 = CARTESIAN_POINT('',(0.195,-0.2,3.4));
#248 = VECTOR('',#249,1.);
#249 = DIRECTION('',(-1.,0.,0.));
#250 = ORIENTED_EDGE('',*,*,#251,.F.);
#251 = EDGE_CURVE('',#252,#244,#254,.T.);
#252 = VERTEX_POINT('',#253);
#253 = CARTESIAN_POINT('',(0.59,0.2,3.4));
#254 = LINE('',#255,#256);
#255 = CARTESIAN_POINT('',(0.59,0.8,3.4));
#256 = VECTOR('',#257,1.);
#257 = DIRECTION('',(0.,-1.,4.440892098501E-16));
#258 = ORIENTED_EDGE('',*,*,#259,.F.);
#259 = EDGE_CURVE('',#260,#252,#262,.T.);
#260 = VERTEX_POINT('',#261);
#261 = CARTESIAN_POINT('',(1.19,0.2,3.4));
#262 = LINE('',#263,#264);
#263 = CARTESIAN_POINT('',(0.195,0.2,3.4));
#264 = VECTOR('',#265,1.);
#265 = DIRECTION('',(-1.,0.,0.));
#266 = ORIENTED_EDGE('',*,*,#267,.F.);
#267 = EDGE_CURVE('',#268,#260,#270,.T.);
#268 = VERTEX_POINT('',#269);
#269 = CARTESIAN_POINT('',(1.19,7.563545633737E-02,3.4));
#270 = LINE('',#271,#272);
#271 = CARTESIAN_POINT('',(1.19,0.8,3.4));
#272 = VECTOR('',#273,1.);
#273 = DIRECTION('',(0.,1.,-4.440892098501E-16));
#274 = ORIENTED_EDGE('',*,*,#275,.T.);
#275 = EDGE_CURVE('',#268,#276,#278,.T.);
#276 = VERTEX_POINT('',#277);
#277 = CARTESIAN_POINT('',(3.89,7.563545633737E-02,3.4));
#278 = CIRCLE('',#279,2.);
#279 = AXIS2_PLACEMENT_3D('',#280,#281,#282);
#280 = CARTESIAN_POINT('',(2.54,-1.4,3.4));
#281 = DIRECTION('',(0.,3.330669073875E-16,-1.));
#282 = DIRECTION('',(1.,-3.330669073875E-16,-1.109335647967E-31));
#283 = ORIENTED_EDGE('',*,*,#284,.T.);
#284 = EDGE_CURVE('',#276,#285,#287,.T.);
#285 = VERTEX_POINT('',#286);
#286 = CARTESIAN_POINT('',(3.89,0.2,3.4));
#287 = LINE('',#288,#289);
#288 = CARTESIAN_POINT('',(3.89,0.8,3.4));
#289 = VECTOR('',#290,1.);
#290 = DIRECTION('',(0.,1.,-4.440892098501E-16));
#291 = ORIENTED_EDGE('',*,*,#292,.F.);
#292 = EDGE_CURVE('',#293,#285,#295,.T.);
#293 = VERTEX_POINT('',#294);
#294 = CARTESIAN_POINT('',(4.49,0.2,3.4));
#295 = LINE('',#296,#297);
#296 = CARTESIAN_POINT('',(2.735,0.2,3.4));
#297 = VECTOR('',#298,1.);
#298 = DIRECTION('',(-1.,0.,0.));
#299 = ORIENTED_EDGE('',*,*,#300,.T.);
#300 = EDGE_CURVE('',#293,#301,#303,.T.);
#301 = VERTEX_POINT('',#302);
#302 = CARTESIAN_POINT('',(4.49,-0.2,3.4));
#303 = LINE('',#304,#305);
#304 = CARTESIAN_POINT('',(4.49,0.8,3.4));
#305 = VECTOR('',#306,1.);
#306 = DIRECTION('',(0.,-1.,4.440892098501E-16));
#307 = ORIENTED_EDGE('',*,*,#308,.T.);
#308 = EDGE_CURVE('',#301,#309,#311,.T.);
#309 = VERTEX_POINT('',#310);
#310 = CARTESIAN_POINT('',(4.14,-0.2,3.4));
#311 = LINE('',#312,#313);
#312 = CARTESIAN_POINT('',(2.735,-0.2,3.4));
#313 = VECTOR('',#314,1.);
#314 = DIRECTION('',(-1.,0.,0.));
#315 = ORIENTED_EDGE('',*,*,#316,.T.);
#316 = EDGE_CURVE('',#309,#317,#319,.T.);
#317 = VERTEX_POINT('',#318);
#318 = CARTESIAN_POINT('',(4.54,-1.4,3.4));
#319 = CIRCLE('',#320,2.);
#320 = AXIS2_PLACEMENT_3D('',#321,#322,#323);
#321 = CARTESIAN_POINT('',(2.54,-1.4,3.4));
#322 = DIRECTION('',(0.,3.330669073875E-16,-1.));
#323 = DIRECTION('',(1.,-3.330669073875E-16,-1.109335647967E-31));
#324 = ORIENTED_EDGE('',*,*,#325,.T.);
#325 = EDGE_CURVE('',#317,#114,#326,.T.);
#326 = LINE('',#327,#328);
#327 = CARTESIAN_POINT('',(4.E-02,-1.4,3.4));
#328 = VECTOR('',#329,1.);
#329 = DIRECTION('',(1.,0.,0.));
#330 = ORIENTED_EDGE('',*,*,#113,.F.);
#331 = PLANE('',#332);
#332 = AXIS2_PLACEMENT_3D('',#333,#334,#335);
#333 = CARTESIAN_POINT('',(4.E-02,1.4,3.4));
#334 = DIRECTION('',(0.,4.440892098501E-16,1.));
#335 = DIRECTION('',(1.,0.,-0.));
#336 = ADVANCED_FACE('',(#337),#398,.F.);
#337 = FACE_BOUND('',#338,.F.);
#338 = EDGE_LOOP('',(#339,#340,#341,#342,#350,#359,#368,#374,#375,#383,
    #392));
#339 = ORIENTED_EDGE('',*,*,#201,.F.);
#340 = ORIENTED_EDGE('',*,*,#121,.F.);
#341 = ORIENTED_EDGE('',*,*,#325,.F.);
#342 = ORIENTED_EDGE('',*,*,#343,.T.);
#343 = EDGE_CURVE('',#317,#344,#346,.T.);
#344 = VERTEX_POINT('',#345);
#345 = CARTESIAN_POINT('',(4.54,-1.4,7.6));
#346 = LINE('',#347,#348);
#347 = CARTESIAN_POINT('',(4.54,-1.4,3.4));
#348 = VECTOR('',#349,1.);
#349 = DIRECTION('',(0.,-5.551115123126E-16,1.));
#350 = ORIENTED_EDGE('',*,*,#351,.T.);
#351 = EDGE_CURVE('',#344,#352,#354,.T.);
#352 = VERTEX_POINT('',#353);
#353 = CARTESIAN_POINT('',(2.54,-1.4,9.6));
#354 = CIRCLE('',#355,2.);
#355 = AXIS2_PLACEMENT_3D('',#356,#357,#358);
#356 = CARTESIAN_POINT('',(2.54,-1.4,7.6));
#357 = DIRECTION('',(0.,-1.,-5.551115123126E-16));
#358 = DIRECTION('',(1.,0.,0.));
#359 = ORIENTED_EDGE('',*,*,#360,.F.);
#360 = EDGE_CURVE('',#361,#352,#363,.T.);
#361 = VERTEX_POINT('',#362);
#362 = CARTESIAN_POINT('',(0.54,-1.4,7.6));
#363 = CIRCLE('',#364,2.);
#364 = AXIS2_PLACEMENT_3D('',#365,#366,#367);
#365 = CARTESIAN_POINT('',(2.54,-1.4,7.6));
#366 = DIRECTION('',(0.,1.,-6.661338147751E-16));
#367 = DIRECTION('',(0.,6.661338147751E-16,1.));
#368 = ORIENTED_EDGE('',*,*,#369,.F.);
#369 = EDGE_CURVE('',#227,#361,#370,.T.);
#370 = LINE('',#371,#372);
#371 = CARTESIAN_POINT('',(0.54,-1.4,3.4));
#372 = VECTOR('',#373,1.);
#373 = DIRECTION('',(0.,-3.330669073875E-16,1.));
#374 = ORIENTED_EDGE('',*,*,#226,.F.);
#375 = ORIENTED_EDGE('',*,*,#376,.F.);
#376 = EDGE_CURVE('',#377,#219,#379,.T.);
#377 = VERTEX_POINT('',#378);
#378 = CARTESIAN_POINT('',(4.E-02,-1.4,10.15));
#379 = LINE('',#380,#381);
#380 = CARTESIAN_POINT('',(4.E-02,-1.4,10.35));
#381 = VECTOR('',#382,1.);
#382 = DIRECTION('',(0.,-6.661338147751E-16,-1.));
#383 = ORIENTED_EDGE('',*,*,#384,.F.);
#384 = EDGE_CURVE('',#385,#377,#387,.T.);
#385 = VERTEX_POINT('',#386);
#386 = CARTESIAN_POINT('',(0.24,-1.4,10.35));
#387 = CIRCLE('',#388,0.2);
#388 = AXIS2_PLACEMENT_3D('',#389,#390,#391);
#389 = CARTESIAN_POINT('',(0.24,-1.4,10.15));
#390 = DIRECTION('',(0.,-1.,4.440892098501E-16));
#391 = DIRECTION('',(0.,-4.440892098501E-16,-1.));
#392 = ORIENTED_EDGE('',*,*,#393,.F.);
#393 = EDGE_CURVE('',#194,#385,#394,.T.);
#394 = LINE('',#395,#396);
#395 = CARTESIAN_POINT('',(5.04,-1.4,10.35));
#396 = VECTOR('',#397,1.);
#397 = DIRECTION('',(-1.,0.,0.));
#398 = PLANE('',#399);
#399 = AXIS2_PLACEMENT_3D('',#400,#401,#402);
#400 = CARTESIAN_POINT('',(4.E-02,-1.4,3.4));
#401 = DIRECTION('',(0.,1.,-6.661338147751E-16));
#402 = DIRECTION('',(0.,6.661338147751E-16,1.));
#403 = ADVANCED_FACE('',(#404),#415,.F.);
#404 = FACE_BOUND('',#405,.F.);
#405 = EDGE_LOOP('',(#406,#407,#408,#409));
#406 = ORIENTED_EDGE('',*,*,#169,.F.);
#407 = ORIENTED_EDGE('',*,*,#193,.T.);
#408 = ORIENTED_EDGE('',*,*,#393,.T.);
#409 = ORIENTED_EDGE('',*,*,#410,.F.);
#410 = EDGE_CURVE('',#161,#385,#411,.T.);
#411 = LINE('',#412,#413);
#412 = CARTESIAN_POINT('',(0.24,1.4,10.35));
#413 = VECTOR('',#414,1.);
#414 = DIRECTION('',(0.,-1.,4.440892098501E-16));
#415 = PLANE('',#416);
#416 = AXIS2_PLACEMENT_3D('',#417,#418,#419);
#417 = CARTESIAN_POINT('',(5.04,1.4,10.35));
#418 = DIRECTION('',(0.,-4.440892098501E-16,-1.));
#419 = DIRECTION('',(-1.,-0.,0.));
#420 = ADVANCED_FACE('',(#421),#432,.F.);
#421 = FACE_BOUND('',#422,.F.);
#422 = EDGE_LOOP('',(#423,#424,#430,#431));
#423 = ORIENTED_EDGE('',*,*,#152,.F.);
#424 = ORIENTED_EDGE('',*,*,#425,.T.);
#425 = EDGE_CURVE('',#153,#377,#426,.T.);
#426 = LINE('',#427,#428);
#427 = CARTESIAN_POINT('',(4.E-02,1.4,10.15));
#428 = VECTOR('',#429,1.);
#429 = DIRECTION('',(0.,-1.,4.440892098501E-16));
#430 = ORIENTED_EDGE('',*,*,#376,.T.);
#431 = ORIENTED_EDGE('',*,*,#218,.F.);
#432 = PLANE('',#433);
#433 = AXIS2_PLACEMENT_3D('',#434,#435,#436);
#434 = CARTESIAN_POINT('',(4.E-02,1.4,10.35));
#435 = DIRECTION('',(1.,0.,0.));
#436 = DIRECTION('',(0.,-6.661338147751E-16,-1.));
#437 = ADVANCED_FACE('',(#438),#444,.T.);
#438 = FACE_BOUND('',#439,.T.);
#439 = EDGE_LOOP('',(#440,#441,#442,#443));
#440 = ORIENTED_EDGE('',*,*,#160,.T.);
#441 = ORIENTED_EDGE('',*,*,#425,.T.);
#442 = ORIENTED_EDGE('',*,*,#384,.F.);
#443 = ORIENTED_EDGE('',*,*,#410,.F.);
#444 = CYLINDRICAL_SURFACE('',#445,0.2);
#445 = AXIS2_PLACEMENT_3D('',#446,#447,#448);
#446 = CARTESIAN_POINT('',(0.24,1.4,10.15));
#447 = DIRECTION('',(0.,-1.,4.440892098501E-16));
#448 = DIRECTION('',(0.,4.440892098501E-16,1.));
#449 = ADVANCED_FACE('',(#450,#489),#523,.T.);
#450 = FACE_BOUND('',#451,.T.);
#451 = EDGE_LOOP('',(#452,#458,#459,#467,#473,#474,#482,#488));
#452 = ORIENTED_EDGE('',*,*,#453,.F.);
#453 = EDGE_CURVE('',#227,#317,#454,.T.);
#454 = LINE('',#455,#456);
#455 = CARTESIAN_POINT('',(4.E-02,-1.4,3.4));
#456 = VECTOR('',#457,1.);
#457 = DIRECTION('',(1.,0.,0.));
#458 = ORIENTED_EDGE('',*,*,#234,.T.);
#459 = ORIENTED_EDGE('',*,*,#460,.T.);
#460 = EDGE_CURVE('',#235,#461,#463,.T.);
#461 = VERTEX_POINT('',#462);
#462 = CARTESIAN_POINT('',(1.19,-0.2,3.4));
#463 = LINE('',#464,#465);
#464 = CARTESIAN_POINT('',(1.445,-0.2,3.4));
#465 = VECTOR('',#466,1.);
#466 = DIRECTION('',(1.,0.,0.));
#467 = ORIENTED_EDGE('',*,*,#468,.F.);
#468 = EDGE_CURVE('',#268,#461,#469,.T.);
#469 = LINE('',#470,#471);
#470 = CARTESIAN_POINT('',(1.19,-0.6,3.4));
#471 = VECTOR('',#472,1.);
#472 = DIRECTION('',(0.,-1.,-3.330669073875E-16));
#473 = ORIENTED_EDGE('',*,*,#275,.T.);
#474 = ORIENTED_EDGE('',*,*,#475,.T.);
#475 = EDGE_CURVE('',#276,#476,#478,.T.);
#476 = VERTEX_POINT('',#477);
#477 = CARTESIAN_POINT('',(3.89,-0.2,3.4));
#478 = LINE('',#479,#480);
#479 = CARTESIAN_POINT('',(3.89,-0.6,3.4));
#480 = VECTOR('',#481,1.);
#481 = DIRECTION('',(0.,-1.,-3.330669073875E-16));
#482 = ORIENTED_EDGE('',*,*,#483,.T.);
#483 = EDGE_CURVE('',#476,#309,#484,.T.);
#484 = LINE('',#485,#486);
#485 = CARTESIAN_POINT('',(3.985,-0.2,3.4));
#486 = VECTOR('',#487,1.);
#487 = DIRECTION('',(1.,0.,0.));
#488 = ORIENTED_EDGE('',*,*,#316,.T.);
#489 = FACE_BOUND('',#490,.T.);
#490 = EDGE_LOOP('',(#491,#501,#509,#517));
#491 = ORIENTED_EDGE('',*,*,#492,.F.);
#492 = EDGE_CURVE('',#493,#495,#497,.T.);
#493 = VERTEX_POINT('',#494);
#494 = CARTESIAN_POINT('',(2.19,-0.2,3.4));
#495 = VERTEX_POINT('',#496);
#496 = CARTESIAN_POINT('',(2.19,0.2,3.4));
#497 = LINE('',#498,#499);
#498 = CARTESIAN_POINT('',(2.19,-0.6,3.4));
#499 = VECTOR('',#500,1.);
#500 = DIRECTION('',(0.,1.,3.330669073875E-16));
#501 = ORIENTED_EDGE('',*,*,#502,.T.);
#502 = EDGE_CURVE('',#493,#503,#505,.T.);
#503 = VERTEX_POINT('',#504);
#504 = CARTESIAN_POINT('',(2.89,-0.2,3.4));
#505 = LINE('',#506,#507);
#506 = CARTESIAN_POINT('',(2.715,-0.2,3.4));
#507 = VECTOR('',#508,1.);
#508 = DIRECTION('',(1.,0.,0.));
#509 = ORIENTED_EDGE('',*,*,#510,.F.);
#510 = EDGE_CURVE('',#511,#503,#513,.T.);
#511 = VERTEX_POINT('',#512);
#512 = CARTESIAN_POINT('',(2.89,0.2,3.4));
#513 = LINE('',#514,#515);
#514 = CARTESIAN_POINT('',(2.89,-0.6,3.4));
#515 = VECTOR('',#516,1.);
#516 = DIRECTION('',(0.,-1.,-3.330669073875E-16));
#517 = ORIENTED_EDGE('',*,*,#518,.F.);
#518 = EDGE_CURVE('',#495,#511,#519,.T.);
#519 = LINE('',#520,#521);
#520 = CARTESIAN_POINT('',(2.715,0.2,3.4));
#521 = VECTOR('',#522,1.);
#522 = DIRECTION('',(1.,0.,0.));
#523 = PLANE('',#524);
#524 = AXIS2_PLACEMENT_3D('',#525,#526,#527);
#525 = CARTESIAN_POINT('',(2.54,-1.4,3.4));
#526 = DIRECTION('',(-0.,3.330669073875E-16,-1.));
#527 = DIRECTION('',(1.,-3.441691376338E-16,-1.146313502899E-31));
#528 = ADVANCED_FACE('',(#529),#677,.F.);
#529 = FACE_BOUND('',#530,.F.);
#530 = EDGE_LOOP('',(#531,#542,#550,#558,#566,#574,#582,#590,#598,#606,
    #614,#622,#630,#638,#646,#655,#661,#662,#663,#671));
#531 = ORIENTED_EDGE('',*,*,#532,.F.);
#532 = EDGE_CURVE('',#533,#535,#537,.T.);
#533 = VERTEX_POINT('',#534);
#534 = CARTESIAN_POINT('',(5.43,-0.2,2.35));
#535 = VERTEX_POINT('',#536);
#536 = CARTESIAN_POINT('',(5.18,-0.2,2.6));
#537 = CIRCLE('',#538,0.25);
#538 = AXIS2_PLACEMENT_3D('',#539,#540,#541);
#539 = CARTESIAN_POINT('',(5.18,-0.2,2.35));
#540 = DIRECTION('',(0.,-1.,4.440892098501E-16));
#541 = DIRECTION('',(0.,-4.440892098501E-16,-1.));
#542 = ORIENTED_EDGE('',*,*,#543,.F.);
#543 = EDGE_CURVE('',#544,#533,#546,.T.);
#544 = VERTEX_POINT('',#545);
#545 = CARTESIAN_POINT('',(5.43,-0.2,2.1));
#546 = LINE('',#547,#548);
#547 = CARTESIAN_POINT('',(5.43,-0.2,2.1));
#548 = VECTOR('',#549,1.);
#549 = DIRECTION('',(0.,6.661338147751E-16,1.));
#550 = ORIENTED_EDGE('',*,*,#551,.F.);
#551 = EDGE_CURVE('',#552,#544,#554,.T.);
#552 = VERTEX_POINT('',#553);
#553 = CARTESIAN_POINT('',(5.43,-0.2,1.2));
#554 = LINE('',#555,#556);
#555 = CARTESIAN_POINT('',(5.43,-0.2,1.2));
#556 = VECTOR('',#557,1.);
#557 = DIRECTION('',(0.,6.661338147751E-16,1.));
#558 = ORIENTED_EDGE('',*,*,#559,.T.);
#559 = EDGE_CURVE('',#552,#560,#562,.T.);
#560 = VERTEX_POINT('',#561);
#561 = CARTESIAN_POINT('',(5.505,-0.2,1.2));
#562 = LINE('',#563,#564);
#563 = CARTESIAN_POINT('',(5.43,-0.2,1.2));
#564 = VECTOR('',#565,1.);
#565 = DIRECTION('',(1.,0.,0.));
#566 = ORIENTED_EDGE('',*,*,#567,.F.);
#567 = EDGE_CURVE('',#568,#560,#570,.T.);
#568 = VERTEX_POINT('',#569);
#569 = CARTESIAN_POINT('',(5.505,-0.2,0.1));
#570 = LINE('',#571,#572);
#571 = CARTESIAN_POINT('',(5.505,-0.2,0.1));
#572 = VECTOR('',#573,1.);
#573 = DIRECTION('',(0.,6.661338147751E-16,1.));
#574 = ORIENTED_EDGE('',*,*,#575,.F.);
#575 = EDGE_CURVE('',#576,#568,#578,.T.);
#576 = VERTEX_POINT('',#577);
#577 = CARTESIAN_POINT('',(5.43,-0.2,0.1));
#578 = LINE('',#579,#580);
#579 = CARTESIAN_POINT('',(5.43,-0.2,0.1));
#580 = VECTOR('',#581,1.);
#581 = DIRECTION('',(1.,0.,0.));
#582 = ORIENTED_EDGE('',*,*,#583,.T.);
#583 = EDGE_CURVE('',#576,#584,#586,.T.);
#584 = VERTEX_POINT('',#585);
#585 = CARTESIAN_POINT('',(5.43,-0.2,-3.));
#586 = LINE('',#587,#588);
#587 = CARTESIAN_POINT('',(5.43,-0.2,0.1));
#588 = VECTOR('',#589,1.);
#589 = DIRECTION('',(0.,-6.661338147751E-16,-1.));
#590 = ORIENTED_EDGE('',*,*,#591,.T.);
#591 = EDGE_CURVE('',#584,#592,#594,.T.);
#592 = VERTEX_POINT('',#593);
#593 = CARTESIAN_POINT('',(4.73,-0.2,-3.));
#594 = LINE('',#595,#596);
#595 = CARTESIAN_POINT('',(5.43,-0.2,-3.));
#596 = VECTOR('',#597,1.);
#597 = DIRECTION('',(-1.,0.,0.));
#598 = ORIENTED_EDGE('',*,*,#599,.F.);
#599 = EDGE_CURVE('',#600,#592,#602,.T.);
#600 = VERTEX_POINT('',#601);
#601 = CARTESIAN_POINT('',(4.73,-0.2,0.1));
#602 = LINE('',#603,#604);
#603 = CARTESIAN_POINT('',(4.73,-0.2,0.1));
#604 = VECTOR('',#605,1.);
#605 = DIRECTION('',(0.,-6.661338147751E-16,-1.));
#606 = ORIENTED_EDGE('',*,*,#607,.F.);
#607 = EDGE_CURVE('',#608,#600,#610,.T.);
#608 = VERTEX_POINT('',#609);
#609 = CARTESIAN_POINT('',(4.655,-0.2,0.1));
#610 = LINE('',#611,#612);
#611 = CARTESIAN_POINT('',(4.655,-0.2,0.1));
#612 = VECTOR('',#613,1.);
#613 = DIRECTION('',(1.,0.,0.));
#614 = ORIENTED_EDGE('',*,*,#615,.F.);
#615 = EDGE_CURVE('',#616,#608,#618,.T.);
#616 = VERTEX_POINT('',#617);
#617 = CARTESIAN_POINT('',(4.655,-0.2,1.2));
#618 = LINE('',#619,#620);
#619 = CARTESIAN_POINT('',(4.655,-0.2,1.2));
#620 = VECTOR('',#621,1.);
#621 = DIRECTION('',(0.,-6.661338147751E-16,-1.));
#622 = ORIENTED_EDGE('',*,*,#623,.T.);
#623 = EDGE_CURVE('',#616,#624,#626,.T.);
#624 = VERTEX_POINT('',#625);
#625 = CARTESIAN_POINT('',(4.73,-0.2,1.2));
#626 = LINE('',#627,#628);
#627 = CARTESIAN_POINT('',(4.655,-0.2,1.2));
#628 = VECTOR('',#629,1.);
#629 = DIRECTION('',(1.,0.,0.));
#630 = ORIENTED_EDGE('',*,*,#631,.F.);
#631 = EDGE_CURVE('',#632,#624,#634,.T.);
#632 = VERTEX_POINT('',#633);
#633 = CARTESIAN_POINT('',(4.73,-0.2,2.1));
#634 = LINE('',#635,#636);
#635 = CARTESIAN_POINT('',(4.73,-0.2,2.1));
#636 = VECTOR('',#637,1.);
#637 = DIRECTION('',(0.,-6.661338147751E-16,-1.));
#638 = ORIENTED_EDGE('',*,*,#639,.F.);
#639 = EDGE_CURVE('',#640,#632,#642,.T.);
#640 = VERTEX_POINT('',#641);
#641 = CARTESIAN_POINT('',(4.14,-0.2,2.1));
#642 = LINE('',#643,#644);
#643 = CARTESIAN_POINT('',(3.89,-0.2,2.1));
#644 = VECTOR('',#645,1.);
#645 = DIRECTION('',(1.,3.521700469737E-31,5.286776307739E-16));
#646 = ORIENTED_EDGE('',*,*,#647,.F.);
#647 = EDGE_CURVE('',#648,#640,#650,.T.);
#648 = VERTEX_POINT('',#649);
#649 = CARTESIAN_POINT('',(3.89,-0.2,2.35));
#650 = CIRCLE('',#651,0.25);
#651 = AXIS2_PLACEMENT_3D('',#652,#653,#654);
#652 = CARTESIAN_POINT('',(4.14,-0.2,2.35));
#653 = DIRECTION('',(0.,-1.,4.440892098501E-16));
#654 = DIRECTION('',(0.,-4.440892098501E-16,-1.));
#655 = ORIENTED_EDGE('',*,*,#656,.F.);
#656 = EDGE_CURVE('',#476,#648,#657,.T.);
#657 = LINE('',#658,#659);
#658 = CARTESIAN_POINT('',(3.89,-0.2,3.5));
#659 = VECTOR('',#660,1.);
#660 = DIRECTION('',(0.,-6.661338147751E-16,-1.));
#661 = ORIENTED_EDGE('',*,*,#483,.T.);
#662 = ORIENTED_EDGE('',*,*,#308,.F.);
#663 = ORIENTED_EDGE('',*,*,#664,.F.);
#664 = EDGE_CURVE('',#665,#301,#667,.T.);
#665 = VERTEX_POINT('',#666);
#666 = CARTESIAN_POINT('',(4.49,-0.2,2.6));
#667 = LINE('',#668,#669);
#668 = CARTESIAN_POINT('',(4.49,-0.2,2.6));
#669 = VECTOR('',#670,1.);
#670 = DIRECTION('',(0.,6.661338147751E-16,1.));
#671 = ORIENTED_EDGE('',*,*,#672,.F.);
#672 = EDGE_CURVE('',#535,#665,#673,.T.);
#673 = LINE('',#674,#675);
#674 = CARTESIAN_POINT('',(5.43,-0.2,2.6));
#675 = VECTOR('',#676,1.);
#676 = DIRECTION('',(-1.,0.,0.));
#677 = PLANE('',#678);
#678 = AXIS2_PLACEMENT_3D('',#679,#680,#681);
#679 = CARTESIAN_POINT('',(5.43,-0.2,0.1));
#680 = DIRECTION('',(0.,1.,-6.661338147751E-16));
#681 = DIRECTION('',(0.,6.661338147751E-16,1.));
#682 = ADVANCED_FACE('',(#683),#701,.F.);
#683 = FACE_BOUND('',#684,.F.);
#684 = EDGE_LOOP('',(#685,#693,#699,#700));
#685 = ORIENTED_EDGE('',*,*,#686,.F.);
#686 = EDGE_CURVE('',#687,#293,#689,.T.);
#687 = VERTEX_POINT('',#688);
#688 = CARTESIAN_POINT('',(4.49,0.2,2.6));
#689 = LINE('',#690,#691);
#690 = CARTESIAN_POINT('',(4.49,0.2,2.6));
#691 = VECTOR('',#692,1.);
#692 = DIRECTION('',(0.,6.661338147751E-16,1.));
#693 = ORIENTED_EDGE('',*,*,#694,.T.);
#694 = EDGE_CURVE('',#687,#665,#695,.T.);
#695 = LINE('',#696,#697);
#696 = CARTESIAN_POINT('',(4.49,0.2,2.6));
#697 = VECTOR('',#698,1.);
#698 = DIRECTION('',(0.,-1.,4.440892098501E-16));
#699 = ORIENTED_EDGE('',*,*,#664,.T.);
#700 = ORIENTED_EDGE('',*,*,#300,.F.);
#701 = PLANE('',#702);
#702 = AXIS2_PLACEMENT_3D('',#703,#704,#705);
#703 = CARTESIAN_POINT('',(4.49,0.2,2.6));
#704 = DIRECTION('',(-1.,0.,0.));
#705 = DIRECTION('',(0.,6.661338147751E-16,1.));
#706 = ADVANCED_FACE('',(#707),#847,.T.);
#707 = FACE_BOUND('',#708,.T.);
#708 = EDGE_LOOP('',(#709,#720,#728,#736,#744,#752,#760,#768,#776,#784,
    #792,#800,#808,#816,#824,#833,#839,#840,#841));
#709 = ORIENTED_EDGE('',*,*,#710,.F.);
#710 = EDGE_CURVE('',#711,#713,#715,.T.);
#711 = VERTEX_POINT('',#712);
#712 = CARTESIAN_POINT('',(5.43,0.2,2.35));
#713 = VERTEX_POINT('',#714);
#714 = CARTESIAN_POINT('',(5.18,0.2,2.6));
#715 = CIRCLE('',#716,0.25);
#716 = AXIS2_PLACEMENT_3D('',#717,#718,#719);
#717 = CARTESIAN_POINT('',(5.18,0.2,2.35));
#718 = DIRECTION('',(0.,-1.,4.440892098501E-16));
#719 = DIRECTION('',(0.,-4.440892098501E-16,-1.));
#720 = ORIENTED_EDGE('',*,*,#721,.F.);
#721 = EDGE_CURVE('',#722,#711,#724,.T.);
#722 = VERTEX_POINT('',#723);
#723 = CARTESIAN_POINT('',(5.43,0.2,2.1));
#724 = LINE('',#725,#726);
#725 = CARTESIAN_POINT('',(5.43,0.2,2.1));
#726 = VECTOR('',#727,1.);
#727 = DIRECTION('',(0.,6.661338147751E-16,1.));
#728 = ORIENTED_EDGE('',*,*,#729,.F.);
#729 = EDGE_CURVE('',#730,#722,#732,.T.);
#730 = VERTEX_POINT('',#731);
#731 = CARTESIAN_POINT('',(5.43,0.2,1.2));
#732 = LINE('',#733,#734);
#733 = CARTESIAN_POINT('',(5.43,0.2,1.2));
#734 = VECTOR('',#735,1.);
#735 = DIRECTION('',(0.,6.661338147751E-16,1.));
#736 = ORIENTED_EDGE('',*,*,#737,.T.);
#737 = EDGE_CURVE('',#730,#738,#740,.T.);
#738 = VERTEX_POINT('',#739);
#739 = CARTESIAN_POINT('',(5.505,0.2,1.2));
#740 = LINE('',#741,#742);
#741 = CARTESIAN_POINT('',(5.43,0.2,1.2));
#742 = VECTOR('',#743,1.);
#743 = DIRECTION('',(1.,0.,0.));
#744 = ORIENTED_EDGE('',*,*,#745,.F.);
#745 = EDGE_CURVE('',#746,#738,#748,.T.);
#746 = VERTEX_POINT('',#747);
#747 = CARTESIAN_POINT('',(5.505,0.2,0.1));
#748 = LINE('',#749,#750);
#749 = CARTESIAN_POINT('',(5.505,0.2,0.1));
#750 = VECTOR('',#751,1.);
#751 = DIRECTION('',(0.,6.661338147751E-16,1.));
#752 = ORIENTED_EDGE('',*,*,#753,.F.);
#753 = EDGE_CURVE('',#754,#746,#756,.T.);
#754 = VERTEX_POINT('',#755);
#755 = CARTESIAN_POINT('',(5.43,0.2,0.1));
#756 = LINE('',#757,#758);
#757 = CARTESIAN_POINT('',(5.43,0.2,0.1));
#758 = VECTOR('',#759,1.);
#759 = DIRECTION('',(1.,0.,0.));
#760 = ORIENTED_EDGE('',*,*,#761,.T.);
#761 = EDGE_CURVE('',#754,#762,#764,.T.);
#762 = VERTEX_POINT('',#763);
#763 = CARTESIAN_POINT('',(5.43,0.2,-3.));
#764 = LINE('',#765,#766);
#765 = CARTESIAN_POINT('',(5.43,0.2,0.1));
#766 = VECTOR('',#767,1.);
#767 = DIRECTION('',(0.,-6.661338147751E-16,-1.));
#768 = ORIENTED_EDGE('',*,*,#769,.T.);
#769 = EDGE_CURVE('',#762,#770,#772,.T.);
#770 = VERTEX_POINT('',#771);
#771 = CARTESIAN_POINT('',(4.73,0.2,-3.));
#772 = LINE('',#773,#774);
#773 = CARTESIAN_POINT('',(5.43,0.2,-3.));
#774 = VECTOR('',#775,1.);
#775 = DIRECTION('',(-1.,0.,0.));
#776 = ORIENTED_EDGE('',*,*,#777,.F.);
#777 = EDGE_CURVE('',#778,#770,#780,.T.);
#778 = VERTEX_POINT('',#779);
#779 = CARTESIAN_POINT('',(4.73,0.2,0.1));
#780 = LINE('',#781,#782);
#781 = CARTESIAN_POINT('',(4.73,0.2,0.1));
#782 = VECTOR('',#783,1.);
#783 = DIRECTION('',(0.,-6.661338147751E-16,-1.));
#784 = ORIENTED_EDGE('',*,*,#785,.F.);
#785 = EDGE_CURVE('',#786,#778,#788,.T.);
#786 = VERTEX_POINT('',#787);
#787 = CARTESIAN_POINT('',(4.655,0.2,0.1));
#788 = LINE('',#789,#790);
#789 = CARTESIAN_POINT('',(4.655,0.2,0.1));
#790 = VECTOR('',#791,1.);
#791 = DIRECTION('',(1.,0.,0.));
#792 = ORIENTED_EDGE('',*,*,#793,.F.);
#793 = EDGE_CURVE('',#794,#786,#796,.T.);
#794 = VERTEX_POINT('',#795);
#795 = CARTESIAN_POINT('',(4.655,0.2,1.2));
#796 = LINE('',#797,#798);
#797 = CARTESIAN_POINT('',(4.655,0.2,1.2));
#798 = VECTOR('',#799,1.);
#799 = DIRECTION('',(0.,-6.661338147751E-16,-1.));
#800 = ORIENTED_EDGE('',*,*,#801,.T.);
#801 = EDGE_CURVE('',#794,#802,#804,.T.);
#802 = VERTEX_POINT('',#803);
#803 = CARTESIAN_POINT('',(4.73,0.2,1.2));
#804 = LINE('',#805,#806);
#805 = CARTESIAN_POINT('',(4.655,0.2,1.2));
#806 = VECTOR('',#807,1.);
#807 = DIRECTION('',(1.,0.,0.));
#808 = ORIENTED_EDGE('',*,*,#809,.F.);
#809 = EDGE_CURVE('',#810,#802,#812,.T.);
#810 = VERTEX_POINT('',#811);
#811 = CARTESIAN_POINT('',(4.73,0.2,2.1));
#812 = LINE('',#813,#814);
#813 = CARTESIAN_POINT('',(4.73,0.2,2.1));
#814 = VECTOR('',#815,1.);
#815 = DIRECTION('',(0.,-6.661338147751E-16,-1.));
#816 = ORIENTED_EDGE('',*,*,#817,.F.);
#817 = EDGE_CURVE('',#818,#810,#820,.T.);
#818 = VERTEX_POINT('',#819);
#819 = CARTESIAN_POINT('',(4.14,0.2,2.1));
#820 = LINE('',#821,#822);
#821 = CARTESIAN_POINT('',(3.89,0.2,2.1));
#822 = VECTOR('',#823,1.);
#823 = DIRECTION('',(1.,3.521700469737E-31,5.286776307739E-16));
#824 = ORIENTED_EDGE('',*,*,#825,.F.);
#825 = EDGE_CURVE('',#826,#818,#828,.T.);
#826 = VERTEX_POINT('',#827);
#827 = CARTESIAN_POINT('',(3.89,0.2,2.35));
#828 = CIRCLE('',#829,0.25);
#829 = AXIS2_PLACEMENT_3D('',#830,#831,#832);
#830 = CARTESIAN_POINT('',(4.14,0.2,2.35));
#831 = DIRECTION('',(0.,-1.,4.440892098501E-16));
#832 = DIRECTION('',(0.,-4.440892098501E-16,-1.));
#833 = ORIENTED_EDGE('',*,*,#834,.F.);
#834 = EDGE_CURVE('',#285,#826,#835,.T.);
#835 = LINE('',#836,#837);
#836 = CARTESIAN_POINT('',(3.89,0.2,3.5));
#837 = VECTOR('',#838,1.);
#838 = DIRECTION('',(0.,-6.661338147751E-16,-1.));
#839 = ORIENTED_EDGE('',*,*,#292,.F.);
#840 = ORIENTED_EDGE('',*,*,#686,.F.);
#841 = ORIENTED_EDGE('',*,*,#842,.F.);
#842 = EDGE_CURVE('',#713,#687,#843,.T.);
#843 = LINE('',#844,#845);
#844 = CARTESIAN_POINT('',(5.43,0.2,2.6));
#845 = VECTOR('',#846,1.);
#846 = DIRECTION('',(-1.,0.,0.));
#847 = PLANE('',#848);
#848 = AXIS2_PLACEMENT_3D('',#849,#850,#851);
#849 = CARTESIAN_POINT('',(5.43,0.2,0.1));
#850 = DIRECTION('',(0.,1.,-6.661338147751E-16));
#851 = DIRECTION('',(0.,6.661338147751E-16,1.));
#852 = ADVANCED_FACE('',(#853),#865,.F.);
#853 = FACE_BOUND('',#854,.F.);
#854 = EDGE_LOOP('',(#855,#856,#857,#858,#859));
#855 = ORIENTED_EDGE('',*,*,#834,.F.);
#856 = ORIENTED_EDGE('',*,*,#284,.F.);
#857 = ORIENTED_EDGE('',*,*,#475,.T.);
#858 = ORIENTED_EDGE('',*,*,#656,.T.);
#859 = ORIENTED_EDGE('',*,*,#860,.F.);
#860 = EDGE_CURVE('',#826,#648,#861,.T.);
#861 = LINE('',#862,#863);
#862 = CARTESIAN_POINT('',(3.89,0.2,2.35));
#863 = VECTOR('',#864,1.);
#864 = DIRECTION('',(0.,-1.,4.440892098501E-16));
#865 = PLANE('',#866);
#866 = AXIS2_PLACEMENT_3D('',#867,#868,#869);
#867 = CARTESIAN_POINT('',(3.89,0.2,3.5));
#868 = DIRECTION('',(1.,0.,0.));
#869 = DIRECTION('',(0.,-6.661338147751E-16,-1.));
#870 = ADVANCED_FACE('',(#871),#897,.T.);
#871 = FACE_BOUND('',#872,.T.);
#872 = EDGE_LOOP('',(#873,#881,#882,#883,#891));
#873 = ORIENTED_EDGE('',*,*,#874,.F.);
#874 = EDGE_CURVE('',#260,#875,#877,.T.);
#875 = VERTEX_POINT('',#876);
#876 = CARTESIAN_POINT('',(1.19,0.2,2.35));
#877 = LINE('',#878,#879);
#878 = CARTESIAN_POINT('',(1.19,0.2,3.5));
#879 = VECTOR('',#880,1.);
#880 = DIRECTION('',(0.,-6.661338147751E-16,-1.));
#881 = ORIENTED_EDGE('',*,*,#267,.F.);
#882 = ORIENTED_EDGE('',*,*,#468,.T.);
#883 = ORIENTED_EDGE('',*,*,#884,.T.);
#884 = EDGE_CURVE('',#461,#885,#887,.T.);
#885 = VERTEX_POINT('',#886);
#886 = CARTESIAN_POINT('',(1.19,-0.2,2.35));
#887 = LINE('',#888,#889);
#888 = CARTESIAN_POINT('',(1.19,-0.2,3.5));
#889 = VECTOR('',#890,1.);
#890 = DIRECTION('',(0.,-6.661338147751E-16,-1.));
#891 = ORIENTED_EDGE('',*,*,#892,.F.);
#892 = EDGE_CURVE('',#875,#885,#893,.T.);
#893 = LINE('',#894,#895);
#894 = CARTESIAN_POINT('',(1.19,0.2,2.35));
#895 = VECTOR('',#896,1.);
#896 = DIRECTION('',(0.,-1.,4.440892098501E-16));
#897 = PLANE('',#898);
#898 = AXIS2_PLACEMENT_3D('',#899,#900,#901);
#899 = CARTESIAN_POINT('',(1.19,0.2,3.5));
#900 = DIRECTION('',(1.,0.,0.));
#901 = DIRECTION('',(0.,-6.661338147751E-16,-1.));
#902 = ADVANCED_FACE('',(#903),#1043,.T.);
#903 = FACE_BOUND('',#904,.T.);
#904 = EDGE_LOOP('',(#905,#914,#922,#930,#938,#946,#954,#962,#970,#978,
    #986,#994,#1002,#1010,#1018,#1027,#1035,#1041,#1042));
#905 = ORIENTED_EDGE('',*,*,#906,.F.);
#906 = EDGE_CURVE('',#907,#875,#909,.T.);
#907 = VERTEX_POINT('',#908);
#908 = CARTESIAN_POINT('',(0.94,0.2,2.1));
#909 = CIRCLE('',#910,0.25);
#910 = AXIS2_PLACEMENT_3D('',#911,#912,#913);
#911 = CARTESIAN_POINT('',(0.94,0.2,2.35));
#912 = DIRECTION('',(0.,-1.,4.440892098501E-16));
#913 = DIRECTION('',(0.,-4.440892098501E-16,-1.));
#914 = ORIENTED_EDGE('',*,*,#915,.T.);
#915 = EDGE_CURVE('',#907,#916,#918,.T.);
#916 = VERTEX_POINT('',#917);
#917 = CARTESIAN_POINT('',(0.35,0.2,2.1));
#918 = LINE('',#919,#920);
#919 = CARTESIAN_POINT('',(1.19,0.2,2.1));
#920 = VECTOR('',#921,1.);
#921 = DIRECTION('',(-1.,0.,0.));
#922 = ORIENTED_EDGE('',*,*,#923,.F.);
#923 = EDGE_CURVE('',#924,#916,#926,.T.);
#924 = VERTEX_POINT('',#925);
#925 = CARTESIAN_POINT('',(0.35,0.2,1.2));
#926 = LINE('',#927,#928);
#927 = CARTESIAN_POINT('',(0.35,0.2,1.2));
#928 = VECTOR('',#929,1.);
#929 = DIRECTION('',(0.,6.661338147751E-16,1.));
#930 = ORIENTED_EDGE('',*,*,#931,.T.);
#931 = EDGE_CURVE('',#924,#932,#934,.T.);
#932 = VERTEX_POINT('',#933);
#933 = CARTESIAN_POINT('',(0.425,0.2,1.2));
#934 = LINE('',#935,#936);
#935 = CARTESIAN_POINT('',(0.35,0.2,1.2));
#936 = VECTOR('',#937,1.);
#937 = DIRECTION('',(1.,0.,0.));
#938 = ORIENTED_EDGE('',*,*,#939,.F.);
#939 = EDGE_CURVE('',#940,#932,#942,.T.);
#940 = VERTEX_POINT('',#941);
#941 = CARTESIAN_POINT('',(0.425,0.2,0.1));
#942 = LINE('',#943,#944);
#943 = CARTESIAN_POINT('',(0.425,0.2,0.1));
#944 = VECTOR('',#945,1.);
#945 = DIRECTION('',(0.,6.661338147751E-16,1.));
#946 = ORIENTED_EDGE('',*,*,#947,.F.);
#947 = EDGE_CURVE('',#948,#940,#950,.T.);
#948 = VERTEX_POINT('',#949);
#949 = CARTESIAN_POINT('',(0.35,0.2,0.1));
#950 = LINE('',#951,#952);
#951 = CARTESIAN_POINT('',(0.35,0.2,0.1));
#952 = VECTOR('',#953,1.);
#953 = DIRECTION('',(1.,0.,0.));
#954 = ORIENTED_EDGE('',*,*,#955,.T.);
#955 = EDGE_CURVE('',#948,#956,#958,.T.);
#956 = VERTEX_POINT('',#957);
#957 = CARTESIAN_POINT('',(0.35,0.2,-3.));
#958 = LINE('',#959,#960);
#959 = CARTESIAN_POINT('',(0.35,0.2,0.1));
#960 = VECTOR('',#961,1.);
#961 = DIRECTION('',(0.,-6.661338147751E-16,-1.));
#962 = ORIENTED_EDGE('',*,*,#963,.T.);
#963 = EDGE_CURVE('',#956,#964,#966,.T.);
#964 = VERTEX_POINT('',#965);
#965 = CARTESIAN_POINT('',(-0.35,0.2,-3.));
#966 = LINE('',#967,#968);
#967 = CARTESIAN_POINT('',(0.35,0.2,-3.));
#968 = VECTOR('',#969,1.);
#969 = DIRECTION('',(-1.,0.,0.));
#970 = ORIENTED_EDGE('',*,*,#971,.F.);
#971 = EDGE_CURVE('',#972,#964,#974,.T.);
#972 = VERTEX_POINT('',#973);
#973 = CARTESIAN_POINT('',(-0.35,0.2,0.1));
#974 = LINE('',#975,#976);
#975 = CARTESIAN_POINT('',(-0.35,0.2,0.1));
#976 = VECTOR('',#977,1.);
#977 = DIRECTION('',(0.,-6.661338147751E-16,-1.));
#978 = ORIENTED_EDGE('',*,*,#979,.F.);
#979 = EDGE_CURVE('',#980,#972,#982,.T.);
#980 = VERTEX_POINT('',#981);
#981 = CARTESIAN_POINT('',(-0.425,0.2,0.1));
#982 = LINE('',#983,#984);
#983 = CARTESIAN_POINT('',(-0.425,0.2,0.1));
#984 = VECTOR('',#985,1.);
#985 = DIRECTION('',(1.,0.,0.));
#986 = ORIENTED_EDGE('',*,*,#987,.F.);
#987 = EDGE_CURVE('',#988,#980,#990,.T.);
#988 = VERTEX_POINT('',#989);
#989 = CARTESIAN_POINT('',(-0.425,0.2,1.2));
#990 = LINE('',#991,#992);
#991 = CARTESIAN_POINT('',(-0.425,0.2,1.2));
#992 = VECTOR('',#993,1.);
#993 = DIRECTION('',(0.,-6.661338147751E-16,-1.));
#994 = ORIENTED_EDGE('',*,*,#995,.T.);
#995 = EDGE_CURVE('',#988,#996,#998,.T.);
#996 = VERTEX_POINT('',#997);
#997 = CARTESIAN_POINT('',(-0.35,0.2,1.2));
#998 = LINE('',#999,#1000);
#999 = CARTESIAN_POINT('',(-0.425,0.2,1.2));
#1000 = VECTOR('',#1001,1.);
#1001 = DIRECTION('',(1.,0.,0.));
#1002 = ORIENTED_EDGE('',*,*,#1003,.F.);
#1003 = EDGE_CURVE('',#1004,#996,#1006,.T.);
#1004 = VERTEX_POINT('',#1005);
#1005 = CARTESIAN_POINT('',(-0.35,0.2,2.1));
#1006 = LINE('',#1007,#1008);
#1007 = CARTESIAN_POINT('',(-0.35,0.2,2.1));
#1008 = VECTOR('',#1009,1.);
#1009 = DIRECTION('',(0.,-6.661338147751E-16,-1.));
#1010 = ORIENTED_EDGE('',*,*,#1011,.T.);
#1011 = EDGE_CURVE('',#1004,#1012,#1014,.T.);
#1012 = VERTEX_POINT('',#1013);
#1013 = CARTESIAN_POINT('',(-0.35,0.2,2.35));
#1014 = LINE('',#1015,#1016);
#1015 = CARTESIAN_POINT('',(-0.35,0.2,2.1));
#1016 = VECTOR('',#1017,1.);
#1017 = DIRECTION('',(0.,6.661338147751E-16,1.));
#1018 = ORIENTED_EDGE('',*,*,#1019,.F.);
#1019 = EDGE_CURVE('',#1020,#1012,#1022,.T.);
#1020 = VERTEX_POINT('',#1021);
#1021 = CARTESIAN_POINT('',(-0.1,0.2,2.6));
#1022 = CIRCLE('',#1023,0.25);
#1023 = AXIS2_PLACEMENT_3D('',#1024,#1025,#1026);
#1024 = CARTESIAN_POINT('',(-0.1,0.2,2.35));
#1025 = DIRECTION('',(0.,-1.,4.440892098501E-16));
#1026 = DIRECTION('',(0.,-4.440892098501E-16,-1.));
#1027 = ORIENTED_EDGE('',*,*,#1028,.T.);
#1028 = EDGE_CURVE('',#1020,#1029,#1031,.T.);
#1029 = VERTEX_POINT('',#1030);
#1030 = CARTESIAN_POINT('',(0.59,0.2,2.6));
#1031 = LINE('',#1032,#1033);
#1032 = CARTESIAN_POINT('',(-0.35,0.2,2.6));
#1033 = VECTOR('',#1034,1.);
#1034 = DIRECTION('',(1.,0.,0.));
#1035 = ORIENTED_EDGE('',*,*,#1036,.T.);
#1036 = EDGE_CURVE('',#1029,#252,#1037,.T.);
#1037 = LINE('',#1038,#1039);
#1038 = CARTESIAN_POINT('',(0.59,0.2,2.6));
#1039 = VECTOR('',#1040,1.);
#1040 = DIRECTION('',(0.,6.661338147751E-16,1.));
#1041 = ORIENTED_EDGE('',*,*,#259,.F.);
#1042 = ORIENTED_EDGE('',*,*,#874,.T.);
#1043 = PLANE('',#1044);
#1044 = AXIS2_PLACEMENT_3D('',#1045,#1046,#1047);
#1045 = CARTESIAN_POINT('',(0.35,0.2,0.1));
#1046 = DIRECTION('',(0.,1.,-6.661338147751E-16));
#1047 = DIRECTION('',(0.,6.661338147751E-16,1.));
#1048 = ADVANCED_FACE('',(#1049),#1067,.T.);
#1049 = FACE_BOUND('',#1050,.T.);
#1050 = EDGE_LOOP('',(#1051,#1052,#1060,#1066));
#1051 = ORIENTED_EDGE('',*,*,#1036,.F.);
#1052 = ORIENTED_EDGE('',*,*,#1053,.T.);
#1053 = EDGE_CURVE('',#1029,#1054,#1056,.T.);
#1054 = VERTEX_POINT('',#1055);
#1055 = CARTESIAN_POINT('',(0.59,-0.2,2.6));
#1056 = LINE('',#1057,#1058);
#1057 = CARTESIAN_POINT('',(0.59,0.2,2.6));
#1058 = VECTOR('',#1059,1.);
#1059 = DIRECTION('',(0.,-1.,4.440892098501E-16));
#1060 = ORIENTED_EDGE('',*,*,#1061,.T.);
#1061 = EDGE_CURVE('',#1054,#244,#1062,.T.);
#1062 = LINE('',#1063,#1064);
#1063 = CARTESIAN_POINT('',(0.59,-0.2,2.6));
#1064 = VECTOR('',#1065,1.);
#1065 = DIRECTION('',(0.,6.661338147751E-16,1.));
#1066 = ORIENTED_EDGE('',*,*,#251,.F.);
#1067 = PLANE('',#1068);
#1068 = AXIS2_PLACEMENT_3D('',#1069,#1070,#1071);
#1069 = CARTESIAN_POINT('',(0.59,0.2,2.6));
#1070 = DIRECTION('',(-1.,0.,0.));
#1071 = DIRECTION('',(0.,6.661338147751E-16,1.));
#1072 = ADVANCED_FACE('',(#1073),#1207,.F.);
#1073 = FACE_BOUND('',#1074,.F.);
#1074 = EDGE_LOOP('',(#1075,#1084,#1092,#1100,#1108,#1116,#1124,#1132,
    #1140,#1148,#1156,#1164,#1172,#1180,#1188,#1197,#1203,#1204,#1205,
    #1206));
#1075 = ORIENTED_EDGE('',*,*,#1076,.F.);
#1076 = EDGE_CURVE('',#1077,#885,#1079,.T.);
#1077 = VERTEX_POINT('',#1078);
#1078 = CARTESIAN_POINT('',(0.94,-0.2,2.1));
#1079 = CIRCLE('',#1080,0.25);
#1080 = AXIS2_PLACEMENT_3D('',#1081,#1082,#1083);
#1081 = CARTESIAN_POINT('',(0.94,-0.2,2.35));
#1082 = DIRECTION('',(0.,-1.,4.440892098501E-16));
#1083 = DIRECTION('',(0.,-4.440892098501E-16,-1.));
#1084 = ORIENTED_EDGE('',*,*,#1085,.T.);
#1085 = EDGE_CURVE('',#1077,#1086,#1088,.T.);
#1086 = VERTEX_POINT('',#1087);
#1087 = CARTESIAN_POINT('',(0.35,-0.2,2.1));
#1088 = LINE('',#1089,#1090);
#1089 = CARTESIAN_POINT('',(1.19,-0.2,2.1));
#1090 = VECTOR('',#1091,1.);
#1091 = DIRECTION('',(-1.,0.,0.));
#1092 = ORIENTED_EDGE('',*,*,#1093,.F.);
#1093 = EDGE_CURVE('',#1094,#1086,#1096,.T.);
#1094 = VERTEX_POINT('',#1095);
#1095 = CARTESIAN_POINT('',(0.35,-0.2,1.2));
#1096 = LINE('',#1097,#1098);
#1097 = CARTESIAN_POINT('',(0.35,-0.2,1.2));
#1098 = VECTOR('',#1099,1.);
#1099 = DIRECTION('',(0.,6.661338147751E-16,1.));
#1100 = ORIENTED_EDGE('',*,*,#1101,.T.);
#1101 = EDGE_CURVE('',#1094,#1102,#1104,.T.);
#1102 = VERTEX_POINT('',#1103);
#1103 = CARTESIAN_POINT('',(0.425,-0.2,1.2));
#1104 = LINE('',#1105,#1106);
#1105 = CARTESIAN_POINT('',(0.35,-0.2,1.2));
#1106 = VECTOR('',#1107,1.);
#1107 = DIRECTION('',(1.,0.,0.));
#1108 = ORIENTED_EDGE('',*,*,#1109,.F.);
#1109 = EDGE_CURVE('',#1110,#1102,#1112,.T.);
#1110 = VERTEX_POINT('',#1111);
#1111 = CARTESIAN_POINT('',(0.425,-0.2,0.1));
#1112 = LINE('',#1113,#1114);
#1113 = CARTESIAN_POINT('',(0.425,-0.2,0.1));
#1114 = VECTOR('',#1115,1.);
#1115 = DIRECTION('',(0.,6.661338147751E-16,1.));
#1116 = ORIENTED_EDGE('',*,*,#1117,.F.);
#1117 = EDGE_CURVE('',#1118,#1110,#1120,.T.);
#1118 = VERTEX_POINT('',#1119);
#1119 = CARTESIAN_POINT('',(0.35,-0.2,0.1));
#1120 = LINE('',#1121,#1122);
#1121 = CARTESIAN_POINT('',(0.35,-0.2,0.1));
#1122 = VECTOR('',#1123,1.);
#1123 = DIRECTION('',(1.,0.,0.));
#1124 = ORIENTED_EDGE('',*,*,#1125,.T.);
#1125 = EDGE_CURVE('',#1118,#1126,#1128,.T.);
#1126 = VERTEX_POINT('',#1127);
#1127 = CARTESIAN_POINT('',(0.35,-0.2,-3.));
#1128 = LINE('',#1129,#1130);
#1129 = CARTESIAN_POINT('',(0.35,-0.2,0.1));
#1130 = VECTOR('',#1131,1.);
#1131 = DIRECTION('',(0.,-6.661338147751E-16,-1.));
#1132 = ORIENTED_EDGE('',*,*,#1133,.T.);
#1133 = EDGE_CURVE('',#1126,#1134,#1136,.T.);
#1134 = VERTEX_POINT('',#1135);
#1135 = CARTESIAN_POINT('',(-0.35,-0.2,-3.));
#1136 = LINE('',#1137,#1138);
#1137 = CARTESIAN_POINT('',(0.35,-0.2,-3.));
#1138 = VECTOR('',#1139,1.);
#1139 = DIRECTION('',(-1.,0.,0.));
#1140 = ORIENTED_EDGE('',*,*,#1141,.F.);
#1141 = EDGE_CURVE('',#1142,#1134,#1144,.T.);
#1142 = VERTEX_POINT('',#1143);
#1143 = CARTESIAN_POINT('',(-0.35,-0.2,0.1));
#1144 = LINE('',#1145,#1146);
#1145 = CARTESIAN_POINT('',(-0.35,-0.2,0.1));
#1146 = VECTOR('',#1147,1.);
#1147 = DIRECTION('',(0.,-6.661338147751E-16,-1.));
#1148 = ORIENTED_EDGE('',*,*,#1149,.F.);
#1149 = EDGE_CURVE('',#1150,#1142,#1152,.T.);
#1150 = VERTEX_POINT('',#1151);
#1151 = CARTESIAN_POINT('',(-0.425,-0.2,0.1));
#1152 = LINE('',#1153,#1154);
#1153 = CARTESIAN_POINT('',(-0.425,-0.2,0.1));
#1154 = VECTOR('',#1155,1.);
#1155 = DIRECTION('',(1.,0.,0.));
#1156 = ORIENTED_EDGE('',*,*,#1157,.F.);
#1157 = EDGE_CURVE('',#1158,#1150,#1160,.T.);
#1158 = VERTEX_POINT('',#1159);
#1159 = CARTESIAN_POINT('',(-0.425,-0.2,1.2));
#1160 = LINE('',#1161,#1162);
#1161 = CARTESIAN_POINT('',(-0.425,-0.2,1.2));
#1162 = VECTOR('',#1163,1.);
#1163 = DIRECTION('',(0.,-6.661338147751E-16,-1.));
#1164 = ORIENTED_EDGE('',*,*,#1165,.T.);
#1165 = EDGE_CURVE('',#1158,#1166,#1168,.T.);
#1166 = VERTEX_POINT('',#1167);
#1167 = CARTESIAN_POINT('',(-0.35,-0.2,1.2));
#1168 = LINE('',#1169,#1170);
#1169 = CARTESIAN_POINT('',(-0.425,-0.2,1.2));
#1170 = VECTOR('',#1171,1.);
#1171 = DIRECTION('',(1.,0.,0.));
#1172 = ORIENTED_EDGE('',*,*,#1173,.F.);
#1173 = EDGE_CURVE('',#1174,#1166,#1176,.T.);
#1174 = VERTEX_POINT('',#1175);
#1175 = CARTESIAN_POINT('',(-0.35,-0.2,2.1));
#1176 = LINE('',#1177,#1178);
#1177 = CARTESIAN_POINT('',(-0.35,-0.2,2.1));
#1178 = VECTOR('',#1179,1.);
#1179 = DIRECTION('',(0.,-6.661338147751E-16,-1.));
#1180 = ORIENTED_EDGE('',*,*,#1181,.T.);
#1181 = EDGE_CURVE('',#1174,#1182,#1184,.T.);
#1182 = VERTEX_POINT('',#1183);
#1183 = CARTESIAN_POINT('',(-0.35,-0.2,2.35));
#1184 = LINE('',#1185,#1186);
#1185 = CARTESIAN_POINT('',(-0.35,-0.2,2.1));
#1186 = VECTOR('',#1187,1.);
#1187 = DIRECTION('',(0.,6.661338147751E-16,1.));
#1188 = ORIENTED_EDGE('',*,*,#1189,.F.);
#1189 = EDGE_CURVE('',#1190,#1182,#1192,.T.);
#1190 = VERTEX_POINT('',#1191);
#1191 = CARTESIAN_POINT('',(-0.1,-0.2,2.6));
#1192 = CIRCLE('',#1193,0.25);
#1193 = AXIS2_PLACEMENT_3D('',#1194,#1195,#1196);
#1194 = CARTESIAN_POINT('',(-0.1,-0.2,2.35));
#1195 = DIRECTION('',(0.,-1.,4.440892098501E-16));
#1196 = DIRECTION('',(0.,-4.440892098501E-16,-1.));
#1197 = ORIENTED_EDGE('',*,*,#1198,.T.);
#1198 = EDGE_CURVE('',#1190,#1054,#1199,.T.);
#1199 = LINE('',#1200,#1201);
#1200 = CARTESIAN_POINT('',(-0.35,-0.2,2.6));
#1201 = VECTOR('',#1202,1.);
#1202 = DIRECTION('',(1.,0.,0.));
#1203 = ORIENTED_EDGE('',*,*,#1061,.T.);
#1204 = ORIENTED_EDGE('',*,*,#243,.F.);
#1205 = ORIENTED_EDGE('',*,*,#460,.T.);
#1206 = ORIENTED_EDGE('',*,*,#884,.T.);
#1207 = PLANE('',#1208);
#1208 = AXIS2_PLACEMENT_3D('',#1209,#1210,#1211);
#1209 = CARTESIAN_POINT('',(0.35,-0.2,0.1));
#1210 = DIRECTION('',(0.,1.,-6.661338147751E-16));
#1211 = DIRECTION('',(0.,6.661338147751E-16,1.));
#1212 = ADVANCED_FACE('',(#1213),#1231,.T.);
#1213 = FACE_BOUND('',#1214,.T.);
#1214 = EDGE_LOOP('',(#1215,#1222,#1223,#1230));
#1215 = ORIENTED_EDGE('',*,*,#1216,.T.);
#1216 = EDGE_CURVE('',#344,#361,#1217,.T.);
#1217 = CIRCLE('',#1218,2.);
#1218 = AXIS2_PLACEMENT_3D('',#1219,#1220,#1221);
#1219 = CARTESIAN_POINT('',(2.54,-1.4,7.6));
#1220 = DIRECTION('',(0.,3.330669073875E-16,-1.));
#1221 = DIRECTION('',(1.,-8.770761894539E-16,-2.921250539646E-31));
#1222 = ORIENTED_EDGE('',*,*,#369,.F.);
#1223 = ORIENTED_EDGE('',*,*,#1224,.F.);
#1224 = EDGE_CURVE('',#317,#227,#1225,.T.);
#1225 = CIRCLE('',#1226,2.);
#1226 = AXIS2_PLACEMENT_3D('',#1227,#1228,#1229);
#1227 = CARTESIAN_POINT('',(2.54,-1.4,3.4));
#1228 = DIRECTION('',(0.,3.330669073875E-16,-1.));
#1229 = DIRECTION('',(1.,-3.330669073875E-16,-1.109335647967E-31));
#1230 = ORIENTED_EDGE('',*,*,#343,.T.);
#1231 = CYLINDRICAL_SURFACE('',#1232,2.);
#1232 = AXIS2_PLACEMENT_3D('',#1233,#1234,#1235);
#1233 = CARTESIAN_POINT('',(2.54,-1.4,3.4));
#1234 = DIRECTION('',(0.,-3.330669073875E-16,1.));
#1235 = DIRECTION('',(1.,-3.441691376338E-16,-1.146313502899E-31));
#1236 = ADVANCED_FACE('',(#1237),#1242,.T.);
#1237 = FACE_BOUND('',#1238,.T.);
#1238 = EDGE_LOOP('',(#1239,#1240,#1241));
#1239 = ORIENTED_EDGE('',*,*,#360,.F.);
#1240 = ORIENTED_EDGE('',*,*,#1216,.F.);
#1241 = ORIENTED_EDGE('',*,*,#351,.T.);
#1242 = SPHERICAL_SURFACE('',#1243,2.);
#1243 = AXIS2_PLACEMENT_3D('',#1244,#1245,#1246);
#1244 = CARTESIAN_POINT('',(2.54,-1.4,7.6));
#1245 = DIRECTION('',(0.,-3.330669073875E-16,1.));
#1246 = DIRECTION('',(1.,-1.368212099764E-15,-4.557061727186E-31));
#1247 = ADVANCED_FACE('',(#1248),#1252,.T.);
#1248 = FACE_BOUND('',#1249,.T.);
#1249 = EDGE_LOOP('',(#1250,#1251));
#1250 = ORIENTED_EDGE('',*,*,#453,.T.);
#1251 = ORIENTED_EDGE('',*,*,#1224,.T.);
#1252 = PLANE('',#1253);
#1253 = AXIS2_PLACEMENT_3D('',#1254,#1255,#1256);
#1254 = CARTESIAN_POINT('',(2.54,-1.4,3.4));
#1255 = DIRECTION('',(-0.,3.330669073875E-16,-1.));
#1256 = DIRECTION('',(1.,-3.441691376338E-16,-1.146313502899E-31));
#1257 = ADVANCED_FACE('',(#1258),#1283,.T.);
#1258 = FACE_BOUND('',#1259,.T.);
#1259 = EDGE_LOOP('',(#1260,#1268,#1276,#1282));
#1260 = ORIENTED_EDGE('',*,*,#1261,.F.);
#1261 = EDGE_CURVE('',#1262,#495,#1264,.T.);
#1262 = VERTEX_POINT('',#1263);
#1263 = CARTESIAN_POINT('',(2.19,0.2,2.1));
#1264 = LINE('',#1265,#1266);
#1265 = CARTESIAN_POINT('',(2.19,0.2,2.1));
#1266 = VECTOR('',#1267,1.);
#1267 = DIRECTION('',(0.,6.661338147751E-16,1.));
#1268 = ORIENTED_EDGE('',*,*,#1269,.T.);
#1269 = EDGE_CURVE('',#1262,#1270,#1272,.T.);
#1270 = VERTEX_POINT('',#1271);
#1271 = CARTESIAN_POINT('',(2.19,-0.2,2.1));
#1272 = LINE('',#1273,#1274);
#1273 = CARTESIAN_POINT('',(2.19,0.2,2.1));
#1274 = VECTOR('',#1275,1.);
#1275 = DIRECTION('',(0.,-1.,4.440892098501E-16));
#1276 = ORIENTED_EDGE('',*,*,#1277,.T.);
#1277 = EDGE_CURVE('',#1270,#493,#1278,.T.);
#1278 = LINE('',#1279,#1280);
#1279 = CARTESIAN_POINT('',(2.19,-0.2,2.1));
#1280 = VECTOR('',#1281,1.);
#1281 = DIRECTION('',(0.,6.661338147751E-16,1.));
#1282 = ORIENTED_EDGE('',*,*,#492,.T.);
#1283 = PLANE('',#1284);
#1284 = AXIS2_PLACEMENT_3D('',#1285,#1286,#1287);
#1285 = CARTESIAN_POINT('',(2.19,0.2,2.1));
#1286 = DIRECTION('',(-1.,0.,0.));
#1287 = DIRECTION('',(0.,6.661338147751E-16,1.));
#1288 = ADVANCED_FACE('',(#1289),#1387,.T.);
#1289 = FACE_BOUND('',#1290,.T.);
#1290 = EDGE_LOOP('',(#1291,#1301,#1309,#1317,#1325,#1333,#1341,#1349,
    #1355,#1356,#1357,#1365,#1373,#1381));
#1291 = ORIENTED_EDGE('',*,*,#1292,.F.);
#1292 = EDGE_CURVE('',#1293,#1295,#1297,.T.);
#1293 = VERTEX_POINT('',#1294);
#1294 = CARTESIAN_POINT('',(2.89,0.2,0.1));
#1295 = VERTEX_POINT('',#1296);
#1296 = CARTESIAN_POINT('',(2.965,0.2,0.1));
#1297 = LINE('',#1298,#1299);
#1298 = CARTESIAN_POINT('',(2.89,0.2,0.1));
#1299 = VECTOR('',#1300,1.);
#1300 = DIRECTION('',(1.,0.,0.));
#1301 = ORIENTED_EDGE('',*,*,#1302,.T.);
#1302 = EDGE_CURVE('',#1293,#1303,#1305,.T.);
#1303 = VERTEX_POINT('',#1304);
#1304 = CARTESIAN_POINT('',(2.89,0.2,-3.));
#1305 = LINE('',#1306,#1307);
#1306 = CARTESIAN_POINT('',(2.89,0.2,0.1));
#1307 = VECTOR('',#1308,1.);
#1308 = DIRECTION('',(0.,-6.661338147751E-16,-1.));
#1309 = ORIENTED_EDGE('',*,*,#1310,.T.);
#1310 = EDGE_CURVE('',#1303,#1311,#1313,.T.);
#1311 = VERTEX_POINT('',#1312);
#1312 = CARTESIAN_POINT('',(2.19,0.2,-3.));
#1313 = LINE('',#1314,#1315);
#1314 = CARTESIAN_POINT('',(2.89,0.2,-3.));
#1315 = VECTOR('',#1316,1.);
#1316 = DIRECTION('',(-1.,0.,0.));
#1317 = ORIENTED_EDGE('',*,*,#1318,.F.);
#1318 = EDGE_CURVE('',#1319,#1311,#1321,.T.);
#1319 = VERTEX_POINT('',#1320);
#1320 = CARTESIAN_POINT('',(2.19,0.2,0.1));
#1321 = LINE('',#1322,#1323);
#1322 = CARTESIAN_POINT('',(2.19,0.2,0.1));
#1323 = VECTOR('',#1324,1.);
#1324 = DIRECTION('',(0.,-6.661338147751E-16,-1.));
#1325 = ORIENTED_EDGE('',*,*,#1326,.F.);
#1326 = EDGE_CURVE('',#1327,#1319,#1329,.T.);
#1327 = VERTEX_POINT('',#1328);
#1328 = CARTESIAN_POINT('',(2.115,0.2,0.1));
#1329 = LINE('',#1330,#1331);
#1330 = CARTESIAN_POINT('',(2.115,0.2,0.1));
#1331 = VECTOR('',#1332,1.);
#1332 = DIRECTION('',(1.,0.,0.));
#1333 = ORIENTED_EDGE('',*,*,#1334,.F.);
#1334 = EDGE_CURVE('',#1335,#1327,#1337,.T.);
#1335 = VERTEX_POINT('',#1336);
#1336 = CARTESIAN_POINT('',(2.115,0.2,1.2));
#1337 = LINE('',#1338,#1339);
#1338 = CARTESIAN_POINT('',(2.115,0.2,1.2));
#1339 = VECTOR('',#1340,1.);
#1340 = DIRECTION('',(0.,-6.661338147751E-16,-1.));
#1341 = ORIENTED_EDGE('',*,*,#1342,.T.);
#1342 = EDGE_CURVE('',#1335,#1343,#1345,.T.);
#1343 = VERTEX_POINT('',#1344);
#1344 = CARTESIAN_POINT('',(2.19,0.2,1.2));
#1345 = LINE('',#1346,#1347);
#1346 = CARTESIAN_POINT('',(2.115,0.2,1.2));
#1347 = VECTOR('',#1348,1.);
#1348 = DIRECTION('',(1.,0.,0.));
#1349 = ORIENTED_EDGE('',*,*,#1350,.F.);
#1350 = EDGE_CURVE('',#1262,#1343,#1351,.T.);
#1351 = LINE('',#1352,#1353);
#1352 = CARTESIAN_POINT('',(2.19,0.2,2.1));
#1353 = VECTOR('',#1354,1.);
#1354 = DIRECTION('',(0.,-6.661338147751E-16,-1.));
#1355 = ORIENTED_EDGE('',*,*,#1261,.T.);
#1356 = ORIENTED_EDGE('',*,*,#518,.T.);
#1357 = ORIENTED_EDGE('',*,*,#1358,.T.);
#1358 = EDGE_CURVE('',#511,#1359,#1361,.T.);
#1359 = VERTEX_POINT('',#1360);
#1360 = CARTESIAN_POINT('',(2.89,0.2,2.1));
#1361 = LINE('',#1362,#1363);
#1362 = CARTESIAN_POINT('',(2.89,0.2,3.5));
#1363 = VECTOR('',#1364,1.);
#1364 = DIRECTION('',(0.,-6.661338147751E-16,-1.));
#1365 = ORIENTED_EDGE('',*,*,#1366,.F.);
#1366 = EDGE_CURVE('',#1367,#1359,#1369,.T.);
#1367 = VERTEX_POINT('',#1368);
#1368 = CARTESIAN_POINT('',(2.89,0.2,1.2));
#1369 = LINE('',#1370,#1371);
#1370 = CARTESIAN_POINT('',(2.89,0.2,1.2));
#1371 = VECTOR('',#1372,1.);
#1372 = DIRECTION('',(0.,6.661338147751E-16,1.));
#1373 = ORIENTED_EDGE('',*,*,#1374,.T.);
#1374 = EDGE_CURVE('',#1367,#1375,#1377,.T.);
#1375 = VERTEX_POINT('',#1376);
#1376 = CARTESIAN_POINT('',(2.965,0.2,1.2));
#1377 = LINE('',#1378,#1379);
#1378 = CARTESIAN_POINT('',(2.89,0.2,1.2));
#1379 = VECTOR('',#1380,1.);
#1380 = DIRECTION('',(1.,0.,0.));
#1381 = ORIENTED_EDGE('',*,*,#1382,.F.);
#1382 = EDGE_CURVE('',#1295,#1375,#1383,.T.);
#1383 = LINE('',#1384,#1385);
#1384 = CARTESIAN_POINT('',(2.965,0.2,0.1));
#1385 = VECTOR('',#1386,1.);
#1386 = DIRECTION('',(0.,6.661338147751E-16,1.));
#1387 = PLANE('',#1388);
#1388 = AXIS2_PLACEMENT_3D('',#1389,#1390,#1391);
#1389 = CARTESIAN_POINT('',(2.89,0.2,0.1));
#1390 = DIRECTION('',(0.,1.,-6.661338147751E-16));
#1391 = DIRECTION('',(0.,6.661338147751E-16,1.));
#1392 = ADVANCED_FACE('',(#1393),#1411,.T.);
#1393 = FACE_BOUND('',#1394,.T.);
#1394 = EDGE_LOOP('',(#1395,#1396,#1397,#1405));
#1395 = ORIENTED_EDGE('',*,*,#1358,.F.);
#1396 = ORIENTED_EDGE('',*,*,#510,.T.);
#1397 = ORIENTED_EDGE('',*,*,#1398,.T.);
#1398 = EDGE_CURVE('',#503,#1399,#1401,.T.);
#1399 = VERTEX_POINT('',#1400);
#1400 = CARTESIAN_POINT('',(2.89,-0.2,2.1));
#1401 = LINE('',#1402,#1403);
#1402 = CARTESIAN_POINT('',(2.89,-0.2,3.5));
#1403 = VECTOR('',#1404,1.);
#1404 = DIRECTION('',(0.,-6.661338147751E-16,-1.));
#1405 = ORIENTED_EDGE('',*,*,#1406,.F.);
#1406 = EDGE_CURVE('',#1359,#1399,#1407,.T.);
#1407 = LINE('',#1408,#1409);
#1408 = CARTESIAN_POINT('',(2.89,0.2,2.1));
#1409 = VECTOR('',#1410,1.);
#1410 = DIRECTION('',(0.,-1.,4.440892098501E-16));
#1411 = PLANE('',#1412);
#1412 = AXIS2_PLACEMENT_3D('',#1413,#1414,#1415);
#1413 = CARTESIAN_POINT('',(2.89,0.2,3.5));
#1414 = DIRECTION('',(1.,0.,0.));
#1415 = DIRECTION('',(0.,-6.661338147751E-16,-1.));
#1416 = ADVANCED_FACE('',(#1417),#1508,.F.);
#1417 = FACE_BOUND('',#1418,.F.);
#1418 = EDGE_LOOP('',(#1419,#1429,#1437,#1445,#1453,#1461,#1469,#1477,
    #1483,#1484,#1485,#1486,#1494,#1502));
#1419 = ORIENTED_EDGE('',*,*,#1420,.F.);
#1420 = EDGE_CURVE('',#1421,#1423,#1425,.T.);
#1421 = VERTEX_POINT('',#1422);
#1422 = CARTESIAN_POINT('',(2.89,-0.2,0.1));
#1423 = VERTEX_POINT('',#1424);
#1424 = CARTESIAN_POINT('',(2.965,-0.2,0.1));
#1425 = LINE('',#1426,#1427);
#1426 = CARTESIAN_POINT('',(2.89,-0.2,0.1));
#1427 = VECTOR('',#1428,1.);
#1428 = DIRECTION('',(1.,0.,0.));
#1429 = ORIENTED_EDGE('',*,*,#1430,.T.);
#1430 = EDGE_CURVE('',#1421,#1431,#1433,.T.);
#1431 = VERTEX_POINT('',#1432);
#1432 = CARTESIAN_POINT('',(2.89,-0.2,-3.));
#1433 = LINE('',#1434,#1435);
#1434 = CARTESIAN_POINT('',(2.89,-0.2,0.1));
#1435 = VECTOR('',#1436,1.);
#1436 = DIRECTION('',(0.,-6.661338147751E-16,-1.));
#1437 = ORIENTED_EDGE('',*,*,#1438,.T.);
#1438 = EDGE_CURVE('',#1431,#1439,#1441,.T.);
#1439 = VERTEX_POINT('',#1440);
#1440 = CARTESIAN_POINT('',(2.19,-0.2,-3.));
#1441 = LINE('',#1442,#1443);
#1442 = CARTESIAN_POINT('',(2.89,-0.2,-3.));
#1443 = VECTOR('',#1444,1.);
#1444 = DIRECTION('',(-1.,0.,0.));
#1445 = ORIENTED_EDGE('',*,*,#1446,.F.);
#1446 = EDGE_CURVE('',#1447,#1439,#1449,.T.);
#1447 = VERTEX_POINT('',#1448);
#1448 = CARTESIAN_POINT('',(2.19,-0.2,0.1));
#1449 = LINE('',#1450,#1451);
#1450 = CARTESIAN_POINT('',(2.19,-0.2,0.1));
#1451 = VECTOR('',#1452,1.);
#1452 = DIRECTION('',(0.,-6.661338147751E-16,-1.));
#1453 = ORIENTED_EDGE('',*,*,#1454,.F.);
#1454 = EDGE_CURVE('',#1455,#1447,#1457,.T.);
#1455 = VERTEX_POINT('',#1456);
#1456 = CARTESIAN_POINT('',(2.115,-0.2,0.1));
#1457 = LINE('',#1458,#1459);
#1458 = CARTESIAN_POINT('',(2.115,-0.2,0.1));
#1459 = VECTOR('',#1460,1.);
#1460 = DIRECTION('',(1.,0.,0.));
#1461 = ORIENTED_EDGE('',*,*,#1462,.F.);
#1462 = EDGE_CURVE('',#1463,#1455,#1465,.T.);
#1463 = VERTEX_POINT('',#1464);
#1464 = CARTESIAN_POINT('',(2.115,-0.2,1.2));
#1465 = LINE('',#1466,#1467);
#1466 = CARTESIAN_POINT('',(2.115,-0.2,1.2));
#1467 = VECTOR('',#1468,1.);
#1468 = DIRECTION('',(0.,-6.661338147751E-16,-1.));
#1469 = ORIENTED_EDGE('',*,*,#1470,.T.);
#1470 = EDGE_CURVE('',#1463,#1471,#1473,.T.);
#1471 = VERTEX_POINT('',#1472);
#1472 = CARTESIAN_POINT('',(2.19,-0.2,1.2));
#1473 = LINE('',#1474,#1475);
#1474 = CARTESIAN_POINT('',(2.115,-0.2,1.2));
#1475 = VECTOR('',#1476,1.);
#1476 = DIRECTION('',(1.,0.,0.));
#1477 = ORIENTED_EDGE('',*,*,#1478,.F.);
#1478 = EDGE_CURVE('',#1270,#1471,#1479,.T.);
#1479 = LINE('',#1480,#1481);
#1480 = CARTESIAN_POINT('',(2.19,-0.2,2.1));
#1481 = VECTOR('',#1482,1.);
#1482 = DIRECTION('',(0.,-6.661338147751E-16,-1.));
#1483 = ORIENTED_EDGE('',*,*,#1277,.T.);
#1484 = ORIENTED_EDGE('',*,*,#502,.T.);
#1485 = ORIENTED_EDGE('',*,*,#1398,.T.);
#1486 = ORIENTED_EDGE('',*,*,#1487,.F.);
#1487 = EDGE_CURVE('',#1488,#1399,#1490,.T.);
#1488 = VERTEX_POINT('',#1489);
#1489 = CARTESIAN_POINT('',(2.89,-0.2,1.2));
#1490 = LINE('',#1491,#1492);
#1491 = CARTESIAN_POINT('',(2.89,-0.2,1.2));
#1492 = VECTOR('',#1493,1.);
#1493 = DIRECTION('',(0.,6.661338147751E-16,1.));
#1494 = ORIENTED_EDGE('',*,*,#1495,.T.);
#1495 = EDGE_CURVE('',#1488,#1496,#1498,.T.);
#1496 = VERTEX_POINT('',#1497);
#1497 = CARTESIAN_POINT('',(2.965,-0.2,1.2));
#1498 = LINE('',#1499,#1500);
#1499 = CARTESIAN_POINT('',(2.89,-0.2,1.2));
#1500 = VECTOR('',#1501,1.);
#1501 = DIRECTION('',(1.,0.,0.));
#1502 = ORIENTED_EDGE('',*,*,#1503,.F.);
#1503 = EDGE_CURVE('',#1423,#1496,#1504,.T.);
#1504 = LINE('',#1505,#1506);
#1505 = CARTESIAN_POINT('',(2.965,-0.2,0.1));
#1506 = VECTOR('',#1507,1.);
#1507 = DIRECTION('',(0.,6.661338147751E-16,1.));
#1508 = PLANE('',#1509);
#1509 = AXIS2_PLACEMENT_3D('',#1510,#1511,#1512);
#1510 = CARTESIAN_POINT('',(2.89,-0.2,0.1));
#1511 = DIRECTION('',(0.,1.,-6.661338147751E-16));
#1512 = DIRECTION('',(0.,6.661338147751E-16,1.));
#1513 = ADVANCED_FACE('',(#1514),#1530,.T.);
#1514 = FACE_BOUND('',#1515,.T.);
#1515 = EDGE_LOOP('',(#1516,#1517,#1523,#1524));
#1516 = ORIENTED_EDGE('',*,*,#710,.T.);
#1517 = ORIENTED_EDGE('',*,*,#1518,.T.);
#1518 = EDGE_CURVE('',#713,#535,#1519,.T.);
#1519 = LINE('',#1520,#1521);
#1520 = CARTESIAN_POINT('',(5.18,0.2,2.6));
#1521 = VECTOR('',#1522,1.);
#1522 = DIRECTION('',(0.,-1.,4.440892098501E-16));
#1523 = ORIENTED_EDGE('',*,*,#532,.F.);
#1524 = ORIENTED_EDGE('',*,*,#1525,.F.);
#1525 = EDGE_CURVE('',#711,#533,#1526,.T.);
#1526 = LINE('',#1527,#1528);
#1527 = CARTESIAN_POINT('',(5.43,0.2,2.35));
#1528 = VECTOR('',#1529,1.);
#1529 = DIRECTION('',(0.,-1.,4.440892098501E-16));
#1530 = CYLINDRICAL_SURFACE('',#1531,0.25);
#1531 = AXIS2_PLACEMENT_3D('',#1532,#1533,#1534);
#1532 = CARTESIAN_POINT('',(5.18,0.2,2.35));
#1533 = DIRECTION('',(0.,-1.,4.440892098501E-16));
#1534 = DIRECTION('',(1.,0.,0.));
#1535 = ADVANCED_FACE('',(#1536),#1542,.F.);
#1536 = FACE_BOUND('',#1537,.F.);
#1537 = EDGE_LOOP('',(#1538,#1539,#1540,#1541));
#1538 = ORIENTED_EDGE('',*,*,#842,.F.);
#1539 = ORIENTED_EDGE('',*,*,#1518,.T.);
#1540 = ORIENTED_EDGE('',*,*,#672,.T.);
#1541 = ORIENTED_EDGE('',*,*,#694,.F.);
#1542 = PLANE('',#1543);
#1543 = AXIS2_PLACEMENT_3D('',#1544,#1545,#1546);
#1544 = CARTESIAN_POINT('',(5.43,0.2,2.6));
#1545 = DIRECTION('',(0.,-4.440892098501E-16,-1.));
#1546 = DIRECTION('',(-1.,-0.,0.));
#1547 = ADVANCED_FACE('',(#1548),#1559,.T.);
#1548 = FACE_BOUND('',#1549,.T.);
#1549 = EDGE_LOOP('',(#1550,#1551,#1557,#1558));
#1550 = ORIENTED_EDGE('',*,*,#825,.T.);
#1551 = ORIENTED_EDGE('',*,*,#1552,.T.);
#1552 = EDGE_CURVE('',#818,#640,#1553,.T.);
#1553 = LINE('',#1554,#1555);
#1554 = CARTESIAN_POINT('',(4.14,0.2,2.1));
#1555 = VECTOR('',#1556,1.);
#1556 = DIRECTION('',(0.,-1.,4.440892098501E-16));
#1557 = ORIENTED_EDGE('',*,*,#647,.F.);
#1558 = ORIENTED_EDGE('',*,*,#860,.F.);
#1559 = CYLINDRICAL_SURFACE('',#1560,0.25);
#1560 = AXIS2_PLACEMENT_3D('',#1561,#1562,#1563);
#1561 = CARTESIAN_POINT('',(4.14,0.2,2.35));
#1562 = DIRECTION('',(0.,-1.,4.440892098501E-16));
#1563 = DIRECTION('',(-1.,0.,0.));
#1564 = ADVANCED_FACE('',(#1565),#1576,.F.);
#1565 = FACE_BOUND('',#1566,.F.);
#1566 = EDGE_LOOP('',(#1567,#1568,#1569,#1570));
#1567 = ORIENTED_EDGE('',*,*,#817,.F.);
#1568 = ORIENTED_EDGE('',*,*,#1552,.T.);
#1569 = ORIENTED_EDGE('',*,*,#639,.T.);
#1570 = ORIENTED_EDGE('',*,*,#1571,.F.);
#1571 = EDGE_CURVE('',#810,#632,#1572,.T.);
#1572 = LINE('',#1573,#1574);
#1573 = CARTESIAN_POINT('',(4.73,0.2,2.1));
#1574 = VECTOR('',#1575,1.);
#1575 = DIRECTION('',(0.,-1.,4.440892098501E-16));
#1576 = PLANE('',#1577);
#1577 = AXIS2_PLACEMENT_3D('',#1578,#1579,#1580);
#1578 = CARTESIAN_POINT('',(3.89,0.2,2.1));
#1579 = DIRECTION('',(-5.286776307739E-16,4.440892098501E-16,1.));
#1580 = DIRECTION('',(1.,3.521700469737E-31,5.286776307739E-16));
#1581 = ADVANCED_FACE('',(#1582),#1593,.F.);
#1582 = FACE_BOUND('',#1583,.F.);
#1583 = EDGE_LOOP('',(#1584,#1585,#1586,#1592));
#1584 = ORIENTED_EDGE('',*,*,#1571,.T.);
#1585 = ORIENTED_EDGE('',*,*,#631,.T.);
#1586 = ORIENTED_EDGE('',*,*,#1587,.F.);
#1587 = EDGE_CURVE('',#802,#624,#1588,.T.);
#1588 = LINE('',#1589,#1590);
#1589 = CARTESIAN_POINT('',(4.73,0.2,1.2));
#1590 = VECTOR('',#1591,1.);
#1591 = DIRECTION('',(0.,-1.,4.440892098501E-16));
#1592 = ORIENTED_EDGE('',*,*,#809,.F.);
#1593 = PLANE('',#1594);
#1594 = AXIS2_PLACEMENT_3D('',#1595,#1596,#1597);
#1595 = CARTESIAN_POINT('',(4.73,0.2,2.1));
#1596 = DIRECTION('',(1.,0.,0.));
#1597 = DIRECTION('',(0.,-6.661338147751E-16,-1.));
#1598 = ADVANCED_FACE('',(#1599),#1610,.T.);
#1599 = FACE_BOUND('',#1600,.T.);
#1600 = EDGE_LOOP('',(#1601,#1607,#1608,#1609));
#1601 = ORIENTED_EDGE('',*,*,#1602,.T.);
#1602 = EDGE_CURVE('',#794,#616,#1603,.T.);
#1603 = LINE('',#1604,#1605);
#1604 = CARTESIAN_POINT('',(4.655,0.2,1.2));
#1605 = VECTOR('',#1606,1.);
#1606 = DIRECTION('',(0.,-1.,4.440892098501E-16));
#1607 = ORIENTED_EDGE('',*,*,#623,.T.);
#1608 = ORIENTED_EDGE('',*,*,#1587,.F.);
#1609 = ORIENTED_EDGE('',*,*,#801,.F.);
#1610 = PLANE('',#1611);
#1611 = AXIS2_PLACEMENT_3D('',#1612,#1613,#1614);
#1612 = CARTESIAN_POINT('',(4.655,0.2,1.2));
#1613 = DIRECTION('',(0.,4.440892098501E-16,1.));
#1614 = DIRECTION('',(1.,0.,-0.));
#1615 = ADVANCED_FACE('',(#1616),#1627,.F.);
#1616 = FACE_BOUND('',#1617,.F.);
#1617 = EDGE_LOOP('',(#1618,#1619,#1620,#1626));
#1618 = ORIENTED_EDGE('',*,*,#1602,.T.);
#1619 = ORIENTED_EDGE('',*,*,#615,.T.);
#1620 = ORIENTED_EDGE('',*,*,#1621,.F.);
#1621 = EDGE_CURVE('',#786,#608,#1622,.T.);
#1622 = LINE('',#1623,#1624);
#1623 = CARTESIAN_POINT('',(4.655,0.2,0.1));
#1624 = VECTOR('',#1625,1.);
#1625 = DIRECTION('',(0.,-1.,4.440892098501E-16));
#1626 = ORIENTED_EDGE('',*,*,#793,.F.);
#1627 = PLANE('',#1628);
#1628 = AXIS2_PLACEMENT_3D('',#1629,#1630,#1631);
#1629 = CARTESIAN_POINT('',(4.655,0.2,1.2));
#1630 = DIRECTION('',(1.,0.,0.));
#1631 = DIRECTION('',(0.,-6.661338147751E-16,-1.));
#1632 = ADVANCED_FACE('',(#1633),#1644,.F.);
#1633 = FACE_BOUND('',#1634,.F.);
#1634 = EDGE_LOOP('',(#1635,#1636,#1637,#1643));
#1635 = ORIENTED_EDGE('',*,*,#1621,.T.);
#1636 = ORIENTED_EDGE('',*,*,#607,.T.);
#1637 = ORIENTED_EDGE('',*,*,#1638,.F.);
#1638 = EDGE_CURVE('',#778,#600,#1639,.T.);
#1639 = LINE('',#1640,#1641);
#1640 = CARTESIAN_POINT('',(4.73,0.2,0.1));
#1641 = VECTOR('',#1642,1.);
#1642 = DIRECTION('',(0.,-1.,4.440892098501E-16));
#1643 = ORIENTED_EDGE('',*,*,#785,.F.);
#1644 = PLANE('',#1645);
#1645 = AXIS2_PLACEMENT_3D('',#1646,#1647,#1648);
#1646 = CARTESIAN_POINT('',(4.655,0.2,0.1));
#1647 = DIRECTION('',(0.,4.440892098501E-16,1.));
#1648 = DIRECTION('',(1.,0.,-0.));
#1649 = ADVANCED_FACE('',(#1650),#1661,.F.);
#1650 = FACE_BOUND('',#1651,.F.);
#1651 = EDGE_LOOP('',(#1652,#1653,#1654,#1660));
#1652 = ORIENTED_EDGE('',*,*,#1638,.T.);
#1653 = ORIENTED_EDGE('',*,*,#599,.T.);
#1654 = ORIENTED_EDGE('',*,*,#1655,.F.);
#1655 = EDGE_CURVE('',#770,#592,#1656,.T.);
#1656 = LINE('',#1657,#1658);
#1657 = CARTESIAN_POINT('',(4.73,0.2,-3.));
#1658 = VECTOR('',#1659,1.);
#1659 = DIRECTION('',(0.,-1.,4.440892098501E-16));
#1660 = ORIENTED_EDGE('',*,*,#777,.F.);
#1661 = PLANE('',#1662);
#1662 = AXIS2_PLACEMENT_3D('',#1663,#1664,#1665);
#1663 = CARTESIAN_POINT('',(4.73,0.2,0.1));
#1664 = DIRECTION('',(1.,0.,0.));
#1665 = DIRECTION('',(0.,-6.661338147751E-16,-1.));
#1666 = ADVANCED_FACE('',(#1667),#1678,.T.);
#1667 = FACE_BOUND('',#1668,.T.);
#1668 = EDGE_LOOP('',(#1669,#1675,#1676,#1677));
#1669 = ORIENTED_EDGE('',*,*,#1670,.T.);
#1670 = EDGE_CURVE('',#762,#584,#1671,.T.);
#1671 = LINE('',#1672,#1673);
#1672 = CARTESIAN_POINT('',(5.43,0.2,-3.));
#1673 = VECTOR('',#1674,1.);
#1674 = DIRECTION('',(0.,-1.,4.440892098501E-16));
#1675 = ORIENTED_EDGE('',*,*,#591,.T.);
#1676 = ORIENTED_EDGE('',*,*,#1655,.F.);
#1677 = ORIENTED_EDGE('',*,*,#769,.F.);
#1678 = PLANE('',#1679);
#1679 = AXIS2_PLACEMENT_3D('',#1680,#1681,#1682);
#1680 = CARTESIAN_POINT('',(5.43,0.2,-3.));
#1681 = DIRECTION('',(0.,-4.440892098501E-16,-1.));
#1682 = DIRECTION('',(-1.,-0.,0.));
#1683 = ADVANCED_FACE('',(#1684),#1695,.T.);
#1684 = FACE_BOUND('',#1685,.T.);
#1685 = EDGE_LOOP('',(#1686,#1692,#1693,#1694));
#1686 = ORIENTED_EDGE('',*,*,#1687,.T.);
#1687 = EDGE_CURVE('',#754,#576,#1688,.T.);
#1688 = LINE('',#1689,#1690);
#1689 = CARTESIAN_POINT('',(5.43,0.2,0.1));
#1690 = VECTOR('',#1691,1.);
#1691 = DIRECTION('',(0.,-1.,4.440892098501E-16));
#1692 = ORIENTED_EDGE('',*,*,#583,.T.);
#1693 = ORIENTED_EDGE('',*,*,#1670,.F.);
#1694 = ORIENTED_EDGE('',*,*,#761,.F.);
#1695 = PLANE('',#1696);
#1696 = AXIS2_PLACEMENT_3D('',#1697,#1698,#1699);
#1697 = CARTESIAN_POINT('',(5.43,0.2,0.1));
#1698 = DIRECTION('',(1.,0.,0.));
#1699 = DIRECTION('',(0.,-6.661338147751E-16,-1.));
#1700 = ADVANCED_FACE('',(#1701),#1712,.F.);
#1701 = FACE_BOUND('',#1702,.F.);
#1702 = EDGE_LOOP('',(#1703,#1704,#1705,#1711));
#1703 = ORIENTED_EDGE('',*,*,#1687,.T.);
#1704 = ORIENTED_EDGE('',*,*,#575,.T.);
#1705 = ORIENTED_EDGE('',*,*,#1706,.F.);
#1706 = EDGE_CURVE('',#746,#568,#1707,.T.);
#1707 = LINE('',#1708,#1709);
#1708 = CARTESIAN_POINT('',(5.505,0.2,0.1));
#1709 = VECTOR('',#1710,1.);
#1710 = DIRECTION('',(0.,-1.,4.440892098501E-16));
#1711 = ORIENTED_EDGE('',*,*,#753,.F.);
#1712 = PLANE('',#1713);
#1713 = AXIS2_PLACEMENT_3D('',#1714,#1715,#1716);
#1714 = CARTESIAN_POINT('',(5.43,0.2,0.1));
#1715 = DIRECTION('',(0.,4.440892098501E-16,1.));
#1716 = DIRECTION('',(1.,0.,-0.));
#1717 = ADVANCED_FACE('',(#1718),#1729,.F.);
#1718 = FACE_BOUND('',#1719,.F.);
#1719 = EDGE_LOOP('',(#1720,#1721,#1722,#1728));
#1720 = ORIENTED_EDGE('',*,*,#1706,.T.);
#1721 = ORIENTED_EDGE('',*,*,#567,.T.);
#1722 = ORIENTED_EDGE('',*,*,#1723,.F.);
#1723 = EDGE_CURVE('',#738,#560,#1724,.T.);
#1724 = LINE('',#1725,#1726);
#1725 = CARTESIAN_POINT('',(5.505,0.2,1.2));
#1726 = VECTOR('',#1727,1.);
#1727 = DIRECTION('',(0.,-1.,4.440892098501E-16));
#1728 = ORIENTED_EDGE('',*,*,#745,.F.);
#1729 = PLANE('',#1730);
#1730 = AXIS2_PLACEMENT_3D('',#1731,#1732,#1733);
#1731 = CARTESIAN_POINT('',(5.505,0.2,0.1));
#1732 = DIRECTION('',(-1.,0.,0.));
#1733 = DIRECTION('',(0.,6.661338147751E-16,1.));
#1734 = ADVANCED_FACE('',(#1735),#1746,.T.);
#1735 = FACE_BOUND('',#1736,.T.);
#1736 = EDGE_LOOP('',(#1737,#1743,#1744,#1745));
#1737 = ORIENTED_EDGE('',*,*,#1738,.T.);
#1738 = EDGE_CURVE('',#730,#552,#1739,.T.);
#1739 = LINE('',#1740,#1741);
#1740 = CARTESIAN_POINT('',(5.43,0.2,1.2));
#1741 = VECTOR('',#1742,1.);
#1742 = DIRECTION('',(0.,-1.,4.440892098501E-16));
#1743 = ORIENTED_EDGE('',*,*,#559,.T.);
#1744 = ORIENTED_EDGE('',*,*,#1723,.F.);
#1745 = ORIENTED_EDGE('',*,*,#737,.F.);
#1746 = PLANE('',#1747);
#1747 = AXIS2_PLACEMENT_3D('',#1748,#1749,#1750);
#1748 = CARTESIAN_POINT('',(5.43,0.2,1.2));
#1749 = DIRECTION('',(0.,4.440892098501E-16,1.));
#1750 = DIRECTION('',(1.,0.,-0.));
#1751 = ADVANCED_FACE('',(#1752),#1763,.F.);
#1752 = FACE_BOUND('',#1753,.F.);
#1753 = EDGE_LOOP('',(#1754,#1755,#1756,#1762));
#1754 = ORIENTED_EDGE('',*,*,#1738,.T.);
#1755 = ORIENTED_EDGE('',*,*,#551,.T.);
#1756 = ORIENTED_EDGE('',*,*,#1757,.F.);
#1757 = EDGE_CURVE('',#722,#544,#1758,.T.);
#1758 = LINE('',#1759,#1760);
#1759 = CARTESIAN_POINT('',(5.43,0.2,2.1));
#1760 = VECTOR('',#1761,1.);
#1761 = DIRECTION('',(0.,-1.,4.440892098501E-16));
#1762 = ORIENTED_EDGE('',*,*,#729,.F.);
#1763 = PLANE('',#1764);
#1764 = AXIS2_PLACEMENT_3D('',#1765,#1766,#1767);
#1765 = CARTESIAN_POINT('',(5.43,0.2,1.2));
#1766 = DIRECTION('',(-1.,0.,0.));
#1767 = DIRECTION('',(0.,6.661338147751E-16,1.));
#1768 = ADVANCED_FACE('',(#1769),#1775,.F.);
#1769 = FACE_BOUND('',#1770,.F.);
#1770 = EDGE_LOOP('',(#1771,#1772,#1773,#1774));
#1771 = ORIENTED_EDGE('',*,*,#721,.F.);
#1772 = ORIENTED_EDGE('',*,*,#1757,.T.);
#1773 = ORIENTED_EDGE('',*,*,#543,.T.);
#1774 = ORIENTED_EDGE('',*,*,#1525,.F.);
#1775 = PLANE('',#1776);
#1776 = AXIS2_PLACEMENT_3D('',#1777,#1778,#1779);
#1777 = CARTESIAN_POINT('',(5.43,0.2,2.1));
#1778 = DIRECTION('',(-1.,0.,0.));
#1779 = DIRECTION('',(0.,6.661338147751E-16,1.));
#1780 = ADVANCED_FACE('',(#1781),#1792,.T.);
#1781 = FACE_BOUND('',#1782,.T.);
#1782 = EDGE_LOOP('',(#1783,#1784,#1785,#1786));
#1783 = ORIENTED_EDGE('',*,*,#906,.T.);
#1784 = ORIENTED_EDGE('',*,*,#892,.T.);
#1785 = ORIENTED_EDGE('',*,*,#1076,.F.);
#1786 = ORIENTED_EDGE('',*,*,#1787,.F.);
#1787 = EDGE_CURVE('',#907,#1077,#1788,.T.);
#1788 = LINE('',#1789,#1790);
#1789 = CARTESIAN_POINT('',(0.94,0.2,2.1));
#1790 = VECTOR('',#1791,1.);
#1791 = DIRECTION('',(0.,-1.,4.440892098501E-16));
#1792 = CYLINDRICAL_SURFACE('',#1793,0.25);
#1793 = AXIS2_PLACEMENT_3D('',#1794,#1795,#1796);
#1794 = CARTESIAN_POINT('',(0.94,0.2,2.35));
#1795 = DIRECTION('',(0.,-1.,4.440892098501E-16));
#1796 = DIRECTION('',(0.,-4.440892098501E-16,-1.));
#1797 = ADVANCED_FACE('',(#1798),#1809,.T.);
#1798 = FACE_BOUND('',#1799,.T.);
#1799 = EDGE_LOOP('',(#1800,#1801,#1807,#1808));
#1800 = ORIENTED_EDGE('',*,*,#1028,.F.);
#1801 = ORIENTED_EDGE('',*,*,#1802,.T.);
#1802 = EDGE_CURVE('',#1020,#1190,#1803,.T.);
#1803 = LINE('',#1804,#1805);
#1804 = CARTESIAN_POINT('',(-0.1,0.2,2.6));
#1805 = VECTOR('',#1806,1.);
#1806 = DIRECTION('',(0.,-1.,4.440892098501E-16));
#1807 = ORIENTED_EDGE('',*,*,#1198,.T.);
#1808 = ORIENTED_EDGE('',*,*,#1053,.F.);
#1809 = PLANE('',#1810);
#1810 = AXIS2_PLACEMENT_3D('',#1811,#1812,#1813);
#1811 = CARTESIAN_POINT('',(-0.35,0.2,2.6));
#1812 = DIRECTION('',(0.,4.440892098501E-16,1.));
#1813 = DIRECTION('',(1.,0.,-0.));
#1814 = ADVANCED_FACE('',(#1815),#1826,.T.);
#1815 = FACE_BOUND('',#1816,.T.);
#1816 = EDGE_LOOP('',(#1817,#1818,#1824,#1825));
#1817 = ORIENTED_EDGE('',*,*,#1019,.T.);
#1818 = ORIENTED_EDGE('',*,*,#1819,.T.);
#1819 = EDGE_CURVE('',#1012,#1182,#1820,.T.);
#1820 = LINE('',#1821,#1822);
#1821 = CARTESIAN_POINT('',(-0.35,0.2,2.35));
#1822 = VECTOR('',#1823,1.);
#1823 = DIRECTION('',(0.,-1.,4.440892098501E-16));
#1824 = ORIENTED_EDGE('',*,*,#1189,.F.);
#1825 = ORIENTED_EDGE('',*,*,#1802,.F.);
#1826 = CYLINDRICAL_SURFACE('',#1827,0.25);
#1827 = AXIS2_PLACEMENT_3D('',#1828,#1829,#1830);
#1828 = CARTESIAN_POINT('',(-0.1,0.2,2.35));
#1829 = DIRECTION('',(0.,-1.,4.440892098501E-16));
#1830 = DIRECTION('',(0.,4.440892098501E-16,1.));
#1831 = ADVANCED_FACE('',(#1832),#1843,.T.);
#1832 = FACE_BOUND('',#1833,.T.);
#1833 = EDGE_LOOP('',(#1834,#1835,#1841,#1842));
#1834 = ORIENTED_EDGE('',*,*,#1011,.F.);
#1835 = ORIENTED_EDGE('',*,*,#1836,.T.);
#1836 = EDGE_CURVE('',#1004,#1174,#1837,.T.);
#1837 = LINE('',#1838,#1839);
#1838 = CARTESIAN_POINT('',(-0.35,0.2,2.1));
#1839 = VECTOR('',#1840,1.);
#1840 = DIRECTION('',(0.,-1.,4.440892098501E-16));
#1841 = ORIENTED_EDGE('',*,*,#1181,.T.);
#1842 = ORIENTED_EDGE('',*,*,#1819,.F.);
#1843 = PLANE('',#1844);
#1844 = AXIS2_PLACEMENT_3D('',#1845,#1846,#1847);
#1845 = CARTESIAN_POINT('',(-0.35,0.2,2.1));
#1846 = DIRECTION('',(-1.,0.,0.));
#1847 = DIRECTION('',(0.,6.661338147751E-16,1.));
#1848 = ADVANCED_FACE('',(#1849),#1860,.F.);
#1849 = FACE_BOUND('',#1850,.F.);
#1850 = EDGE_LOOP('',(#1851,#1852,#1853,#1859));
#1851 = ORIENTED_EDGE('',*,*,#1836,.T.);
#1852 = ORIENTED_EDGE('',*,*,#1173,.T.);
#1853 = ORIENTED_EDGE('',*,*,#1854,.F.);
#1854 = EDGE_CURVE('',#996,#1166,#1855,.T.);
#1855 = LINE('',#1856,#1857);
#1856 = CARTESIAN_POINT('',(-0.35,0.2,1.2));
#1857 = VECTOR('',#1858,1.);
#1858 = DIRECTION('',(0.,-1.,4.440892098501E-16));
#1859 = ORIENTED_EDGE('',*,*,#1003,.F.);
#1860 = PLANE('',#1861);
#1861 = AXIS2_PLACEMENT_3D('',#1862,#1863,#1864);
#1862 = CARTESIAN_POINT('',(-0.35,0.2,2.1));
#1863 = DIRECTION('',(1.,0.,0.));
#1864 = DIRECTION('',(0.,-6.661338147751E-16,-1.));
#1865 = ADVANCED_FACE('',(#1866),#1877,.T.);
#1866 = FACE_BOUND('',#1867,.T.);
#1867 = EDGE_LOOP('',(#1868,#1874,#1875,#1876));
#1868 = ORIENTED_EDGE('',*,*,#1869,.T.);
#1869 = EDGE_CURVE('',#988,#1158,#1870,.T.);
#1870 = LINE('',#1871,#1872);
#1871 = CARTESIAN_POINT('',(-0.425,0.2,1.2));
#1872 = VECTOR('',#1873,1.);
#1873 = DIRECTION('',(0.,-1.,4.440892098501E-16));
#1874 = ORIENTED_EDGE('',*,*,#1165,.T.);
#1875 = ORIENTED_EDGE('',*,*,#1854,.F.);
#1876 = ORIENTED_EDGE('',*,*,#995,.F.);
#1877 = PLANE('',#1878);
#1878 = AXIS2_PLACEMENT_3D('',#1879,#1880,#1881);
#1879 = CARTESIAN_POINT('',(-0.425,0.2,1.2));
#1880 = DIRECTION('',(0.,4.440892098501E-16,1.));
#1881 = DIRECTION('',(1.,0.,-0.));
#1882 = ADVANCED_FACE('',(#1883),#1894,.F.);
#1883 = FACE_BOUND('',#1884,.F.);
#1884 = EDGE_LOOP('',(#1885,#1886,#1887,#1893));
#1885 = ORIENTED_EDGE('',*,*,#1869,.T.);
#1886 = ORIENTED_EDGE('',*,*,#1157,.T.);
#1887 = ORIENTED_EDGE('',*,*,#1888,.F.);
#1888 = EDGE_CURVE('',#980,#1150,#1889,.T.);
#1889 = LINE('',#1890,#1891);
#1890 = CARTESIAN_POINT('',(-0.425,0.2,0.1));
#1891 = VECTOR('',#1892,1.);
#1892 = DIRECTION('',(0.,-1.,4.440892098501E-16));
#1893 = ORIENTED_EDGE('',*,*,#987,.F.);
#1894 = PLANE('',#1895);
#1895 = AXIS2_PLACEMENT_3D('',#1896,#1897,#1898);
#1896 = CARTESIAN_POINT('',(-0.425,0.2,1.2));
#1897 = DIRECTION('',(1.,0.,0.));
#1898 = DIRECTION('',(0.,-6.661338147751E-16,-1.));
#1899 = ADVANCED_FACE('',(#1900),#1911,.F.);
#1900 = FACE_BOUND('',#1901,.F.);
#1901 = EDGE_LOOP('',(#1902,#1903,#1904,#1910));
#1902 = ORIENTED_EDGE('',*,*,#1888,.T.);
#1903 = ORIENTED_EDGE('',*,*,#1149,.T.);
#1904 = ORIENTED_EDGE('',*,*,#1905,.F.);
#1905 = EDGE_CURVE('',#972,#1142,#1906,.T.);
#1906 = LINE('',#1907,#1908);
#1907 = CARTESIAN_POINT('',(-0.35,0.2,0.1));
#1908 = VECTOR('',#1909,1.);
#1909 = DIRECTION('',(0.,-1.,4.440892098501E-16));
#1910 = ORIENTED_EDGE('',*,*,#979,.F.);
#1911 = PLANE('',#1912);
#1912 = AXIS2_PLACEMENT_3D('',#1913,#1914,#1915);
#1913 = CARTESIAN_POINT('',(-0.425,0.2,0.1));
#1914 = DIRECTION('',(0.,4.440892098501E-16,1.));
#1915 = DIRECTION('',(1.,0.,-0.));
#1916 = ADVANCED_FACE('',(#1917),#1928,.F.);
#1917 = FACE_BOUND('',#1918,.F.);
#1918 = EDGE_LOOP('',(#1919,#1920,#1921,#1927));
#1919 = ORIENTED_EDGE('',*,*,#1905,.T.);
#1920 = ORIENTED_EDGE('',*,*,#1141,.T.);
#1921 = ORIENTED_EDGE('',*,*,#1922,.F.);
#1922 = EDGE_CURVE('',#964,#1134,#1923,.T.);
#1923 = LINE('',#1924,#1925);
#1924 = CARTESIAN_POINT('',(-0.35,0.2,-3.));
#1925 = VECTOR('',#1926,1.);
#1926 = DIRECTION('',(0.,-1.,4.440892098501E-16));
#1927 = ORIENTED_EDGE('',*,*,#971,.F.);
#1928 = PLANE('',#1929);
#1929 = AXIS2_PLACEMENT_3D('',#1930,#1931,#1932);
#1930 = CARTESIAN_POINT('',(-0.35,0.2,0.1));
#1931 = DIRECTION('',(1.,0.,0.));
#1932 = DIRECTION('',(0.,-6.661338147751E-16,-1.));
#1933 = ADVANCED_FACE('',(#1934),#1945,.T.);
#1934 = FACE_BOUND('',#1935,.T.);
#1935 = EDGE_LOOP('',(#1936,#1942,#1943,#1944));
#1936 = ORIENTED_EDGE('',*,*,#1937,.T.);
#1937 = EDGE_CURVE('',#956,#1126,#1938,.T.);
#1938 = LINE('',#1939,#1940);
#1939 = CARTESIAN_POINT('',(0.35,0.2,-3.));
#1940 = VECTOR('',#1941,1.);
#1941 = DIRECTION('',(0.,-1.,4.440892098501E-16));
#1942 = ORIENTED_EDGE('',*,*,#1133,.T.);
#1943 = ORIENTED_EDGE('',*,*,#1922,.F.);
#1944 = ORIENTED_EDGE('',*,*,#963,.F.);
#1945 = PLANE('',#1946);
#1946 = AXIS2_PLACEMENT_3D('',#1947,#1948,#1949);
#1947 = CARTESIAN_POINT('',(0.35,0.2,-3.));
#1948 = DIRECTION('',(0.,-4.440892098501E-16,-1.));
#1949 = DIRECTION('',(-1.,-0.,0.));
#1950 = ADVANCED_FACE('',(#1951),#1962,.T.);
#1951 = FACE_BOUND('',#1952,.T.);
#1952 = EDGE_LOOP('',(#1953,#1959,#1960,#1961));
#1953 = ORIENTED_EDGE('',*,*,#1954,.T.);
#1954 = EDGE_CURVE('',#948,#1118,#1955,.T.);
#1955 = LINE('',#1956,#1957);
#1956 = CARTESIAN_POINT('',(0.35,0.2,0.1));
#1957 = VECTOR('',#1958,1.);
#1958 = DIRECTION('',(0.,-1.,4.440892098501E-16));
#1959 = ORIENTED_EDGE('',*,*,#1125,.T.);
#1960 = ORIENTED_EDGE('',*,*,#1937,.F.);
#1961 = ORIENTED_EDGE('',*,*,#955,.F.);
#1962 = PLANE('',#1963);
#1963 = AXIS2_PLACEMENT_3D('',#1964,#1965,#1966);
#1964 = CARTESIAN_POINT('',(0.35,0.2,0.1));
#1965 = DIRECTION('',(1.,0.,0.));
#1966 = DIRECTION('',(0.,-6.661338147751E-16,-1.));
#1967 = ADVANCED_FACE('',(#1968),#1979,.F.);
#1968 = FACE_BOUND('',#1969,.F.);
#1969 = EDGE_LOOP('',(#1970,#1971,#1972,#1978));
#1970 = ORIENTED_EDGE('',*,*,#1954,.T.);
#1971 = ORIENTED_EDGE('',*,*,#1117,.T.);
#1972 = ORIENTED_EDGE('',*,*,#1973,.F.);
#1973 = EDGE_CURVE('',#940,#1110,#1974,.T.);
#1974 = LINE('',#1975,#1976);
#1975 = CARTESIAN_POINT('',(0.425,0.2,0.1));
#1976 = VECTOR('',#1977,1.);
#1977 = DIRECTION('',(0.,-1.,4.440892098501E-16));
#1978 = ORIENTED_EDGE('',*,*,#947,.F.);
#1979 = PLANE('',#1980);
#1980 = AXIS2_PLACEMENT_3D('',#1981,#1982,#1983);
#1981 = CARTESIAN_POINT('',(0.35,0.2,0.1));
#1982 = DIRECTION('',(0.,4.440892098501E-16,1.));
#1983 = DIRECTION('',(1.,0.,-0.));
#1984 = ADVANCED_FACE('',(#1985),#1996,.F.);
#1985 = FACE_BOUND('',#1986,.F.);
#1986 = EDGE_LOOP('',(#1987,#1988,#1989,#1995));
#1987 = ORIENTED_EDGE('',*,*,#1973,.T.);
#1988 = ORIENTED_EDGE('',*,*,#1109,.T.);
#1989 = ORIENTED_EDGE('',*,*,#1990,.F.);
#1990 = EDGE_CURVE('',#932,#1102,#1991,.T.);
#1991 = LINE('',#1992,#1993);
#1992 = CARTESIAN_POINT('',(0.425,0.2,1.2));
#1993 = VECTOR('',#1994,1.);
#1994 = DIRECTION('',(0.,-1.,4.440892098501E-16));
#1995 = ORIENTED_EDGE('',*,*,#939,.F.);
#1996 = PLANE('',#1997);
#1997 = AXIS2_PLACEMENT_3D('',#1998,#1999,#2000);
#1998 = CARTESIAN_POINT('',(0.425,0.2,0.1));
#1999 = DIRECTION('',(-1.,0.,0.));
#2000 = DIRECTION('',(0.,6.661338147751E-16,1.));
#2001 = ADVANCED_FACE('',(#2002),#2013,.T.);
#2002 = FACE_BOUND('',#2003,.T.);
#2003 = EDGE_LOOP('',(#2004,#2010,#2011,#2012));
#2004 = ORIENTED_EDGE('',*,*,#2005,.T.);
#2005 = EDGE_CURVE('',#924,#1094,#2006,.T.);
#2006 = LINE('',#2007,#2008);
#2007 = CARTESIAN_POINT('',(0.35,0.2,1.2));
#2008 = VECTOR('',#2009,1.);
#2009 = DIRECTION('',(0.,-1.,4.440892098501E-16));
#2010 = ORIENTED_EDGE('',*,*,#1101,.T.);
#2011 = ORIENTED_EDGE('',*,*,#1990,.F.);
#2012 = ORIENTED_EDGE('',*,*,#931,.F.);
#2013 = PLANE('',#2014);
#2014 = AXIS2_PLACEMENT_3D('',#2015,#2016,#2017);
#2015 = CARTESIAN_POINT('',(0.35,0.2,1.2));
#2016 = DIRECTION('',(0.,4.440892098501E-16,1.));
#2017 = DIRECTION('',(1.,0.,-0.));
#2018 = ADVANCED_FACE('',(#2019),#2030,.F.);
#2019 = FACE_BOUND('',#2020,.F.);
#2020 = EDGE_LOOP('',(#2021,#2022,#2023,#2029));
#2021 = ORIENTED_EDGE('',*,*,#2005,.T.);
#2022 = ORIENTED_EDGE('',*,*,#1093,.T.);
#2023 = ORIENTED_EDGE('',*,*,#2024,.F.);
#2024 = EDGE_CURVE('',#916,#1086,#2025,.T.);
#2025 = LINE('',#2026,#2027);
#2026 = CARTESIAN_POINT('',(0.35,0.2,2.1));
#2027 = VECTOR('',#2028,1.);
#2028 = DIRECTION('',(0.,-1.,4.440892098501E-16));
#2029 = ORIENTED_EDGE('',*,*,#923,.F.);
#2030 = PLANE('',#2031);
#2031 = AXIS2_PLACEMENT_3D('',#2032,#2033,#2034);
#2032 = CARTESIAN_POINT('',(0.35,0.2,1.2));
#2033 = DIRECTION('',(-1.,0.,0.));
#2034 = DIRECTION('',(0.,6.661338147751E-16,1.));
#2035 = ADVANCED_FACE('',(#2036),#2042,.T.);
#2036 = FACE_BOUND('',#2037,.T.);
#2037 = EDGE_LOOP('',(#2038,#2039,#2040,#2041));
#2038 = ORIENTED_EDGE('',*,*,#915,.F.);
#2039 = ORIENTED_EDGE('',*,*,#1787,.T.);
#2040 = ORIENTED_EDGE('',*,*,#1085,.T.);
#2041 = ORIENTED_EDGE('',*,*,#2024,.F.);
#2042 = PLANE('',#2043);
#2043 = AXIS2_PLACEMENT_3D('',#2044,#2045,#2046);
#2044 = CARTESIAN_POINT('',(1.19,0.2,2.1));
#2045 = DIRECTION('',(0.,-4.440892098501E-16,-1.));
#2046 = DIRECTION('',(-1.,-0.,0.));
#2047 = ADVANCED_FACE('',(#2048),#2059,.F.);
#2048 = FACE_BOUND('',#2049,.F.);
#2049 = EDGE_LOOP('',(#2050,#2051,#2052,#2058));
#2050 = ORIENTED_EDGE('',*,*,#1269,.T.);
#2051 = ORIENTED_EDGE('',*,*,#1478,.T.);
#2052 = ORIENTED_EDGE('',*,*,#2053,.F.);
#2053 = EDGE_CURVE('',#1343,#1471,#2054,.T.);
#2054 = LINE('',#2055,#2056);
#2055 = CARTESIAN_POINT('',(2.19,0.2,1.2));
#2056 = VECTOR('',#2057,1.);
#2057 = DIRECTION('',(0.,-1.,4.440892098501E-16));
#2058 = ORIENTED_EDGE('',*,*,#1350,.F.);
#2059 = PLANE('',#2060);
#2060 = AXIS2_PLACEMENT_3D('',#2061,#2062,#2063);
#2061 = CARTESIAN_POINT('',(2.19,0.2,2.1));
#2062 = DIRECTION('',(1.,0.,0.));
#2063 = DIRECTION('',(0.,-6.661338147751E-16,-1.));
#2064 = ADVANCED_FACE('',(#2065),#2081,.F.);
#2065 = FACE_BOUND('',#2066,.F.);
#2066 = EDGE_LOOP('',(#2067,#2073,#2074,#2080));
#2067 = ORIENTED_EDGE('',*,*,#2068,.T.);
#2068 = EDGE_CURVE('',#1293,#1421,#2069,.T.);
#2069 = LINE('',#2070,#2071);
#2070 = CARTESIAN_POINT('',(2.89,0.2,0.1));
#2071 = VECTOR('',#2072,1.);
#2072 = DIRECTION('',(0.,-1.,4.440892098501E-16));
#2073 = ORIENTED_EDGE('',*,*,#1420,.T.);
#2074 = ORIENTED_EDGE('',*,*,#2075,.F.);
#2075 = EDGE_CURVE('',#1295,#1423,#2076,.T.);
#2076 = LINE('',#2077,#2078);
#2077 = CARTESIAN_POINT('',(2.965,0.2,0.1));
#2078 = VECTOR('',#2079,1.);
#2079 = DIRECTION('',(0.,-1.,4.440892098501E-16));
#2080 = ORIENTED_EDGE('',*,*,#1292,.F.);
#2081 = PLANE('',#2082);
#2082 = AXIS2_PLACEMENT_3D('',#2083,#2084,#2085);
#2083 = CARTESIAN_POINT('',(2.89,0.2,0.1));
#2084 = DIRECTION('',(0.,4.440892098501E-16,1.));
#2085 = DIRECTION('',(1.,0.,-0.));
#2086 = ADVANCED_FACE('',(#2087),#2098,.F.);
#2087 = FACE_BOUND('',#2088,.F.);
#2088 = EDGE_LOOP('',(#2089,#2090,#2091,#2097));
#2089 = ORIENTED_EDGE('',*,*,#2075,.T.);
#2090 = ORIENTED_EDGE('',*,*,#1503,.T.);
#2091 = ORIENTED_EDGE('',*,*,#2092,.F.);
#2092 = EDGE_CURVE('',#1375,#1496,#2093,.T.);
#2093 = LINE('',#2094,#2095);
#2094 = CARTESIAN_POINT('',(2.965,0.2,1.2));
#2095 = VECTOR('',#2096,1.);
#2096 = DIRECTION('',(0.,-1.,4.440892098501E-16));
#2097 = ORIENTED_EDGE('',*,*,#1382,.F.);
#2098 = PLANE('',#2099);
#2099 = AXIS2_PLACEMENT_3D('',#2100,#2101,#2102);
#2100 = CARTESIAN_POINT('',(2.965,0.2,0.1));
#2101 = DIRECTION('',(-1.,0.,0.));
#2102 = DIRECTION('',(0.,6.661338147751E-16,1.));
#2103 = ADVANCED_FACE('',(#2104),#2115,.T.);
#2104 = FACE_BOUND('',#2105,.T.);
#2105 = EDGE_LOOP('',(#2106,#2112,#2113,#2114));
#2106 = ORIENTED_EDGE('',*,*,#2107,.T.);
#2107 = EDGE_CURVE('',#1367,#1488,#2108,.T.);
#2108 = LINE('',#2109,#2110);
#2109 = CARTESIAN_POINT('',(2.89,0.2,1.2));
#2110 = VECTOR('',#2111,1.);
#2111 = DIRECTION('',(0.,-1.,4.440892098501E-16));
#2112 = ORIENTED_EDGE('',*,*,#1495,.T.);
#2113 = ORIENTED_EDGE('',*,*,#2092,.F.);
#2114 = ORIENTED_EDGE('',*,*,#1374,.F.);
#2115 = PLANE('',#2116);
#2116 = AXIS2_PLACEMENT_3D('',#2117,#2118,#2119);
#2117 = CARTESIAN_POINT('',(2.89,0.2,1.2));
#2118 = DIRECTION('',(0.,4.440892098501E-16,1.));
#2119 = DIRECTION('',(1.,0.,-0.));
#2120 = ADVANCED_FACE('',(#2121),#2127,.F.);
#2121 = FACE_BOUND('',#2122,.F.);
#2122 = EDGE_LOOP('',(#2123,#2124,#2125,#2126));
#2123 = ORIENTED_EDGE('',*,*,#2107,.T.);
#2124 = ORIENTED_EDGE('',*,*,#1487,.T.);
#2125 = ORIENTED_EDGE('',*,*,#1406,.F.);
#2126 = ORIENTED_EDGE('',*,*,#1366,.F.);
#2127 = PLANE('',#2128);
#2128 = AXIS2_PLACEMENT_3D('',#2129,#2130,#2131);
#2129 = CARTESIAN_POINT('',(2.89,0.2,1.2));
#2130 = DIRECTION('',(-1.,0.,0.));
#2131 = DIRECTION('',(0.,6.661338147751E-16,1.));
#2132 = ADVANCED_FACE('',(#2133),#2144,.T.);
#2133 = FACE_BOUND('',#2134,.T.);
#2134 = EDGE_LOOP('',(#2135,#2141,#2142,#2143));
#2135 = ORIENTED_EDGE('',*,*,#2136,.T.);
#2136 = EDGE_CURVE('',#1335,#1463,#2137,.T.);
#2137 = LINE('',#2138,#2139);
#2138 = CARTESIAN_POINT('',(2.115,0.2,1.2));
#2139 = VECTOR('',#2140,1.);
#2140 = DIRECTION('',(0.,-1.,4.440892098501E-16));
#2141 = ORIENTED_EDGE('',*,*,#1470,.T.);
#2142 = ORIENTED_EDGE('',*,*,#2053,.F.);
#2143 = ORIENTED_EDGE('',*,*,#1342,.F.);
#2144 = PLANE('',#2145);
#2145 = AXIS2_PLACEMENT_3D('',#2146,#2147,#2148);
#2146 = CARTESIAN_POINT('',(2.115,0.2,1.2));
#2147 = DIRECTION('',(0.,4.440892098501E-16,1.));
#2148 = DIRECTION('',(1.,0.,-0.));
#2149 = ADVANCED_FACE('',(#2150),#2161,.F.);
#2150 = FACE_BOUND('',#2151,.F.);
#2151 = EDGE_LOOP('',(#2152,#2153,#2154,#2160));
#2152 = ORIENTED_EDGE('',*,*,#2136,.T.);
#2153 = ORIENTED_EDGE('',*,*,#1462,.T.);
#2154 = ORIENTED_EDGE('',*,*,#2155,.F.);
#2155 = EDGE_CURVE('',#1327,#1455,#2156,.T.);
#2156 = LINE('',#2157,#2158);
#2157 = CARTESIAN_POINT('',(2.115,0.2,0.1));
#2158 = VECTOR('',#2159,1.);
#2159 = DIRECTION('',(0.,-1.,4.440892098501E-16));
#2160 = ORIENTED_EDGE('',*,*,#1334,.F.);
#2161 = PLANE('',#2162);
#2162 = AXIS2_PLACEMENT_3D('',#2163,#2164,#2165);
#2163 = CARTESIAN_POINT('',(2.115,0.2,1.2));
#2164 = DIRECTION('',(1.,0.,0.));
#2165 = DIRECTION('',(0.,-6.661338147751E-16,-1.));
#2166 = ADVANCED_FACE('',(#2167),#2178,.F.);
#2167 = FACE_BOUND('',#2168,.F.);
#2168 = EDGE_LOOP('',(#2169,#2170,#2171,#2177));
#2169 = ORIENTED_EDGE('',*,*,#2155,.T.);
#2170 = ORIENTED_EDGE('',*,*,#1454,.T.);
#2171 = ORIENTED_EDGE('',*,*,#2172,.F.);
#2172 = EDGE_CURVE('',#1319,#1447,#2173,.T.);
#2173 = LINE('',#2174,#2175);
#2174 = CARTESIAN_POINT('',(2.19,0.2,0.1));
#2175 = VECTOR('',#2176,1.);
#2176 = DIRECTION('',(0.,-1.,4.440892098501E-16));
#2177 = ORIENTED_EDGE('',*,*,#1326,.F.);
#2178 = PLANE('',#2179);
#2179 = AXIS2_PLACEMENT_3D('',#2180,#2181,#2182);
#2180 = CARTESIAN_POINT('',(2.115,0.2,0.1));
#2181 = DIRECTION('',(0.,4.440892098501E-16,1.));
#2182 = DIRECTION('',(1.,0.,-0.));
#2183 = ADVANCED_FACE('',(#2184),#2195,.F.);
#2184 = FACE_BOUND('',#2185,.F.);
#2185 = EDGE_LOOP('',(#2186,#2187,#2188,#2194));
#2186 = ORIENTED_EDGE('',*,*,#2172,.T.);
#2187 = ORIENTED_EDGE('',*,*,#1446,.T.);
#2188 = ORIENTED_EDGE('',*,*,#2189,.F.);
#2189 = EDGE_CURVE('',#1311,#1439,#2190,.T.);
#2190 = LINE('',#2191,#2192);
#2191 = CARTESIAN_POINT('',(2.19,0.2,-3.));
#2192 = VECTOR('',#2193,1.);
#2193 = DIRECTION('',(0.,-1.,4.440892098501E-16));
#2194 = ORIENTED_EDGE('',*,*,#1318,.F.);
#2195 = PLANE('',#2196);
#2196 = AXIS2_PLACEMENT_3D('',#2197,#2198,#2199);
#2197 = CARTESIAN_POINT('',(2.19,0.2,0.1));
#2198 = DIRECTION('',(1.,0.,0.));
#2199 = DIRECTION('',(0.,-6.661338147751E-16,-1.));
#2200 = ADVANCED_FACE('',(#2201),#2212,.T.);
#2201 = FACE_BOUND('',#2202,.T.);
#2202 = EDGE_LOOP('',(#2203,#2209,#2210,#2211));
#2203 = ORIENTED_EDGE('',*,*,#2204,.T.);
#2204 = EDGE_CURVE('',#1303,#1431,#2205,.T.);
#2205 = LINE('',#2206,#2207);
#2206 = CARTESIAN_POINT('',(2.89,0.2,-3.));
#2207 = VECTOR('',#2208,1.);
#2208 = DIRECTION('',(0.,-1.,4.440892098501E-16));
#2209 = ORIENTED_EDGE('',*,*,#1438,.T.);
#2210 = ORIENTED_EDGE('',*,*,#2189,.F.);
#2211 = ORIENTED_EDGE('',*,*,#1310,.F.);
#2212 = PLANE('',#2213);
#2213 = AXIS2_PLACEMENT_3D('',#2214,#2215,#2216);
#2214 = CARTESIAN_POINT('',(2.89,0.2,-3.));
#2215 = DIRECTION('',(0.,-4.440892098501E-16,-1.));
#2216 = DIRECTION('',(-1.,-0.,0.));
#2217 = ADVANCED_FACE('',(#2218),#2224,.T.);
#2218 = FACE_BOUND('',#2219,.T.);
#2219 = EDGE_LOOP('',(#2220,#2221,#2222,#2223));
#2220 = ORIENTED_EDGE('',*,*,#2068,.T.);
#2221 = ORIENTED_EDGE('',*,*,#1430,.T.);
#2222 = ORIENTED_EDGE('',*,*,#2204,.F.);
#2223 = ORIENTED_EDGE('',*,*,#1302,.F.);
#2224 = PLANE('',#2225);
#2225 = AXIS2_PLACEMENT_3D('',#2226,#2227,#2228);
#2226 = CARTESIAN_POINT('',(2.89,0.2,0.1));
#2227 = DIRECTION('',(1.,0.,0.));
#2228 = DIRECTION('',(0.,-6.661338147751E-16,-1.));
#2229 = ( GEOMETRIC_REPRESENTATION_CONTEXT(3) 
GLOBAL_UNCERTAINTY_ASSIGNED_CONTEXT((#2233)) 
GLOBAL_UNIT_ASSIGNED_CONTEXT((#2230,#2231,#2232)) REPRESENTATION_CONTEXT
('Context #1','3D Context with UNIT and UNCERTAINTY') );
#2230 = ( LENGTH_UNIT() NAMED_UNIT(*) SI_UNIT(.MILLI.,.METRE.) );
#2231 = ( NAMED_UNIT(*) PLANE_ANGLE_UNIT() SI_UNIT($,.RADIAN.) );
#2232 = ( NAMED_UNIT(*) SI_UNIT($,.STERADIAN.) SOLID_ANGLE_UNIT() );
#2233 = UNCERTAINTY_MEASURE_WITH_UNIT(LENGTH_MEASURE(1.E-07),#2230,
  'distance_accuracy_value','confusion accuracy');
#2234 = CONTEXT_DEPENDENT_SHAPE_REPRESENTATION(#2235,#2237);
#2235 = ( REPRESENTATION_RELATIONSHIP('','',#96,#10) 
REPRESENTATION_RELATIONSHIP_WITH_TRANSFORMATION(#2236) 
SHAPE_REPRESENTATION_RELATIONSHIP() );
#2236 = ITEM_DEFINED_TRANSFORMATION('','',#11,#15);
#2237 = PRODUCT_DEFINITION_SHAPE('Placement','Placement of an item',
  #2238);
#2238 = NEXT_ASSEMBLY_USAGE_OCCURRENCE('1','U10','',#5,#91,$);
#2239 = PRODUCT_RELATED_PRODUCT_CATEGORY('part',$,(#93));
#2240 = CONTEXT_DEPENDENT_SHAPE_REPRESENTATION(#2241,#2243);
#2241 = ( REPRESENTATION_RELATIONSHIP('','',#96,#10) 
REPRESENTATION_RELATIONSHIP_WITH_TRANSFORMATION(#2242) 
SHAPE_REPRESENTATION_RELATIONSHIP() );
#2242 = ITEM_DEFINED_TRANSFORMATION('','',#11,#19);
#2243 = PRODUCT_DEFINITION_SHAPE('Placement','Placement of an item',
  #2244);
#2244 = NEXT_ASSEMBLY_USAGE_OCCURRENCE('2','U4','',#5,#91,$);
#2245 = CONTEXT_DEPENDENT_SHAPE_REPRESENTATION(#2246,#2248);
#2246 = ( REPRESENTATION_RELATIONSHIP('','',#96,#10) 
REPRESENTATION_RELATIONSHIP_WITH_TRANSFORMATION(#2247) 
SHAPE_REPRESENTATION_RELATIONSHIP() );
#2247 = ITEM_DEFINED_TRANSFORMATION('','',#11,#23);
#2248 = PRODUCT_DEFINITION_SHAPE('Placement','Placement of an item',
  #2249);
#2249 = NEXT_ASSEMBLY_USAGE_OCCURRENCE('3','U8','',#5,#91,$);
#2250 = CONTEXT_DEPENDENT_SHAPE_REPRESENTATION(#2251,#2253);
#2251 = ( REPRESENTATION_RELATIONSHIP('','',#96,#10) 
REPRESENTATION_RELATIONSHIP_WITH_TRANSFORMATION(#2252) 
SHAPE_REPRESENTATION_RELATIONSHIP() );
#2252 = ITEM_DEFINED_TRANSFORMATION('','',#11,#27);
#2253 = PRODUCT_DEFINITION_SHAPE('Placement','Placement of an item',
  #2254);
#2254 = NEXT_ASSEMBLY_USAGE_OCCURRENCE('4','U3','',#5,#91,$);
#2255 = CONTEXT_DEPENDENT_SHAPE_REPRESENTATION(#2256,#2258);
#2256 = ( REPRESENTATION_RELATIONSHIP('','',#96,#10) 
REPRESENTATION_RELATIONSHIP_WITH_TRANSFORMATION(#2257) 
SHAPE_REPRESENTATION_RELATIONSHIP() );
#2257 = ITEM_DEFINED_TRANSFORMATION('','',#11,#31);
#2258 = PRODUCT_DEFINITION_SHAPE('Placement','Placement of an item',
  #2259);
#2259 = NEXT_ASSEMBLY_USAGE_OCCURRENCE('5','U12','',#5,#91,$);
#2260 = CONTEXT_DEPENDENT_SHAPE_REPRESENTATION(#2261,#2263);
#2261 = ( REPRESENTATION_RELATIONSHIP('','',#96,#10) 
REPRESENTATION_RELATIONSHIP_WITH_TRANSFORMATION(#2262) 
SHAPE_REPRESENTATION_RELATIONSHIP() );
#2262 = ITEM_DEFINED_TRANSFORMATION('','',#11,#35);
#2263 = PRODUCT_DEFINITION_SHAPE('Placement','Placement of an item',
  #2264);
#2264 = NEXT_ASSEMBLY_USAGE_OCCURRENCE('6','U5','',#5,#91,$);
#2265 = CONTEXT_DEPENDENT_SHAPE_REPRESENTATION(#2266,#2268);
#2266 = ( REPRESENTATION_RELATIONSHIP('','',#96,#10) 
REPRESENTATION_RELATIONSHIP_WITH_TRANSFORMATION(#2267) 
SHAPE_REPRESENTATION_RELATIONSHIP() );
#2267 = ITEM_DEFINED_TRANSFORMATION('','',#11,#39);
#2268 = PRODUCT_DEFINITION_SHAPE('Placement','Placement of an item',
  #2269);
#2269 = NEXT_ASSEMBLY_USAGE_OCCURRENCE('7','U9','',#5,#91,$);
#2270 = CONTEXT_DEPENDENT_SHAPE_REPRESENTATION(#2271,#2273);
#2271 = ( REPRESENTATION_RELATIONSHIP('','',#96,#10) 
REPRESENTATION_RELATIONSHIP_WITH_TRANSFORMATION(#2272) 
SHAPE_REPRESENTATION_RELATIONSHIP() );
#2272 = ITEM_DEFINED_TRANSFORMATION('','',#11,#43);
#2273 = PRODUCT_DEFINITION_SHAPE('Placement','Placement of an item',
  #2274);
#2274 = NEXT_ASSEMBLY_USAGE_OCCURRENCE('8','U2','',#5,#91,$);
#2275 = CONTEXT_DEPENDENT_SHAPE_REPRESENTATION(#2276,#2278);
#2276 = ( REPRESENTATION_RELATIONSHIP('','',#96,#10) 
REPRESENTATION_RELATIONSHIP_WITH_TRANSFORMATION(#2277) 
SHAPE_REPRESENTATION_RELATIONSHIP() );
#2277 = ITEM_DEFINED_TRANSFORMATION('','',#11,#47);
#2278 = PRODUCT_DEFINITION_SHAPE('Placement','Placement of an item',
  #2279);
#2279 = NEXT_ASSEMBLY_USAGE_OCCURRENCE('9','U6','',#5,#91,$);
#2280 = CONTEXT_DEPENDENT_SHAPE_REPRESENTATION(#2281,#2283);
#2281 = ( REPRESENTATION_RELATIONSHIP('','',#96,#10) 
REPRESENTATION_RELATIONSHIP_WITH_TRANSFORMATION(#2282) 
SHAPE_REPRESENTATION_RELATIONSHIP() );
#2282 = ITEM_DEFINED_TRANSFORMATION('','',#11,#51);
#2283 = PRODUCT_DEFINITION_SHAPE('Placement','Placement of an item',
  #2284);
#2284 = NEXT_ASSEMBLY_USAGE_OCCURRENCE('10','U15','',#5,#91,$);
#2285 = CONTEXT_DEPENDENT_SHAPE_REPRESENTATION(#2286,#2288);
#2286 = ( REPRESENTATION_RELATIONSHIP('','',#96,#10) 
REPRESENTATION_RELATIONSHIP_WITH_TRANSFORMATION(#2287) 
SHAPE_REPRESENTATION_RELATIONSHIP() );
#2287 = ITEM_DEFINED_TRANSFORMATION('','',#11,#55);
#2288 = PRODUCT_DEFINITION_SHAPE('Placement','Placement of an item',
  #2289);
#2289 = NEXT_ASSEMBLY_USAGE_OCCURRENCE('11','U1','',#5,#91,$);
#2290 = CONTEXT_DEPENDENT_SHAPE_REPRESENTATION(#2291,#2293);
#2291 = ( REPRESENTATION_RELATIONSHIP('','',#96,#10) 
REPRESENTATION_RELATIONSHIP_WITH_TRANSFORMATION(#2292) 
SHAPE_REPRESENTATION_RELATIONSHIP() );
#2292 = ITEM_DEFINED_TRANSFORMATION('','',#11,#59);
#2293 = PRODUCT_DEFINITION_SHAPE('Placement','Placement of an item',
  #2294);
#2294 = NEXT_ASSEMBLY_USAGE_OCCURRENCE('12','U7','',#5,#91,$);
#2295 = CONTEXT_DEPENDENT_SHAPE_REPRESENTATION(#2296,#2298);
#2296 = ( REPRESENTATION_RELATIONSHIP('','',#96,#10) 
REPRESENTATION_RELATIONSHIP_WITH_TRANSFORMATION(#2297) 
SHAPE_REPRESENTATION_RELATIONSHIP() );
#2297 = ITEM_DEFINED_TRANSFORMATION('','',#11,#63);
#2298 = PRODUCT_DEFINITION_SHAPE('Placement','Placement of an item',
  #2299);
#2299 = NEXT_ASSEMBLY_USAGE_OCCURRENCE('13','U16','',#5,#91,$);
#2300 = CONTEXT_DEPENDENT_SHAPE_REPRESENTATION(#2301,#2303);
#2301 = ( REPRESENTATION_RELATIONSHIP('','',#96,#10) 
REPRESENTATION_RELATIONSHIP_WITH_TRANSFORMATION(#2302) 
SHAPE_REPRESENTATION_RELATIONSHIP() );
#2302 = ITEM_DEFINED_TRANSFORMATION('','',#11,#67);
#2303 = PRODUCT_DEFINITION_SHAPE('Placement','Placement of an item',
  #2304);
#2304 = NEXT_ASSEMBLY_USAGE_OCCURRENCE('14','U11','',#5,#91,$);
#2305 = CONTEXT_DEPENDENT_SHAPE_REPRESENTATION(#2306,#2308);
#2306 = ( REPRESENTATION_RELATIONSHIP('','',#96,#10) 
REPRESENTATION_RELATIONSHIP_WITH_TRANSFORMATION(#2307) 
SHAPE_REPRESENTATION_RELATIONSHIP() );
#2307 = ITEM_DEFINED_TRANSFORMATION('','',#11,#71);
#2308 = PRODUCT_DEFINITION_SHAPE('Placement','Placement of an item',
  #2309);
#2309 = NEXT_ASSEMBLY_USAGE_OCCURRENCE('15','U14','',#5,#91,$);
#2310 = CONTEXT_DEPENDENT_SHAPE_REPRESENTATION(#2311,#2313);
#2311 = ( REPRESENTATION_RELATIONSHIP('','',#96,#10) 
REPRESENTATION_RELATIONSHIP_WITH_TRANSFORMATION(#2312) 
SHAPE_REPRESENTATION_RELATIONSHIP() );
#2312 = ITEM_DEFINED_TRANSFORMATION('','',#11,#75);
#2313 = PRODUCT_DEFINITION_SHAPE('Placement','Placement of an item',
  #2314);
#2314 = NEXT_ASSEMBLY_USAGE_OCCURRENCE('16','U13','',#5,#91,$);
#2315 = SHAPE_DEFINITION_REPRESENTATION(#2316,#2322);
#2316 = PRODUCT_DEFINITION_SHAPE('','',#2317);
#2317 = PRODUCT_DEFINITION('design','',#2318,#2321);
#2318 = PRODUCT_DEFINITION_FORMATION('','',#2319);
#2319 = PRODUCT('IR2026_PCB','IR2026_PCB','',(#2320));
#2320 = PRODUCT_CONTEXT('',#2,'mechanical');
#2321 = PRODUCT_DEFINITION_CONTEXT('part definition',#2,'design');
#2322 = ADVANCED_BREP_SHAPE_REPRESENTATION('',(#11,#2323),#6206);
#2323 = MANIFOLD_SOLID_BREP('',#2324);
#2324 = CLOSED_SHELL('',(#2325,#2358,#3432,#4506,#4523,#4540,#4557,#4574
    ,#4591,#4608,#4625,#4642,#4659,#4676,#4693,#4710,#4727,#4744,#4761,
    #4778,#4795,#4812,#4829,#4846,#4863,#4880,#4897,#4914,#4931,#4948,
    #4965,#4982,#4999,#5016,#5033,#5050,#5067,#5084,#5101,#5118,#5135,
    #5152,#5169,#5186,#5203,#5220,#5237,#5254,#5271,#5288,#5305,#5322,
    #5339,#5356,#5373,#5390,#5407,#5424,#5441,#5458,#5475,#5492,#5509,
    #5526,#5543,#5560,#5582,#5599,#5616,#5633,#5650,#5667,#5684,#5701,
    #5718,#5735,#5752,#5769,#5786,#5803,#5820,#5832,#5849,#5866,#5883,
    #5900,#5917,#5934,#5951,#5968,#5985,#6002,#6019,#6036,#6053,#6070,
    #6087,#6104,#6121,#6138,#6155,#6172,#6189));
#2325 = ADVANCED_FACE('',(#2326),#2353,.T.);
#2326 = FACE_BOUND('',#2327,.F.);
#2327 = EDGE_LOOP('',(#2328,#2338,#2345,#2346));
#2328 = ORIENTED_EDGE('',*,*,#2329,.T.);
#2329 = EDGE_CURVE('',#2330,#2332,#2334,.T.);
#2330 = VERTEX_POINT('',#2331);
#2331 = CARTESIAN_POINT('',(45.,0.,0.));
#2332 = VERTEX_POINT('',#2333);
#2333 = CARTESIAN_POINT('',(45.,0.,1.51));
#2334 = LINE('',#2335,#2336);
#2335 = CARTESIAN_POINT('',(45.,0.,0.));
#2336 = VECTOR('',#2337,1.);
#2337 = DIRECTION('',(0.,0.,1.));
#2338 = ORIENTED_EDGE('',*,*,#2339,.T.);
#2339 = EDGE_CURVE('',#2332,#2332,#2340,.T.);
#2340 = CIRCLE('',#2341,45.);
#2341 = AXIS2_PLACEMENT_3D('',#2342,#2343,#2344);
#2342 = CARTESIAN_POINT('',(0.,0.,1.51));
#2343 = DIRECTION('',(0.,0.,1.));
#2344 = DIRECTION('',(1.,0.,-0.));
#2345 = ORIENTED_EDGE('',*,*,#2329,.F.);
#2346 = ORIENTED_EDGE('',*,*,#2347,.F.);
#2347 = EDGE_CURVE('',#2330,#2330,#2348,.T.);
#2348 = CIRCLE('',#2349,45.);
#2349 = AXIS2_PLACEMENT_3D('',#2350,#2351,#2352);
#2350 = CARTESIAN_POINT('',(0.,-0.,0.));
#2351 = DIRECTION('',(0.,0.,1.));
#2352 = DIRECTION('',(1.,0.,-0.));
#2353 = CYLINDRICAL_SURFACE('',#2354,45.);
#2354 = AXIS2_PLACEMENT_3D('',#2355,#2356,#2357);
#2355 = CARTESIAN_POINT('',(0.,-0.,0.));
#2356 = DIRECTION('',(-0.,-0.,-1.));
#2357 = DIRECTION('',(1.,0.,-0.));
#2358 = ADVANCED_FACE('',(#2359,#2362,#2373,#2384,#2395,#2406,#2417,
    #2428,#2439,#2450,#2461,#2472,#2483,#2494,#2505,#2516,#2527,#2538,
    #2549,#2560,#2571,#2582,#2593,#2604,#2615,#2626,#2637,#2648,#2659,
    #2670,#2681,#2692,#2703,#2714,#2725,#2736,#2747,#2758,#2769,#2780,
    #2791,#2802,#2813,#2824,#2835,#2846,#2857,#2868,#2879,#2890,#2901,
    #2912,#2923,#2934,#2945,#2956,#2967,#2978,#2989,#3000,#3011,#3022,
    #3033,#3044,#3185,#3196,#3207,#3218,#3229,#3240,#3251,#3262,#3273,
    #3284,#3295,#3306,#3317,#3328,#3339,#3350,#3361,#3372,#3383,#3394,
    #3405,#3416),#3427,.F.);
#2359 = FACE_BOUND('',#2360,.F.);
#2360 = EDGE_LOOP('',(#2361));
#2361 = ORIENTED_EDGE('',*,*,#2347,.T.);
#2362 = FACE_BOUND('',#2363,.F.);
#2363 = EDGE_LOOP('',(#2364));
#2364 = ORIENTED_EDGE('',*,*,#2365,.T.);
#2365 = EDGE_CURVE('',#2366,#2366,#2368,.T.);
#2366 = VERTEX_POINT('',#2367);
#2367 = CARTESIAN_POINT('',(-30.034349,-30.484351,0.));
#2368 = CIRCLE('',#2369,0.45);
#2369 = AXIS2_PLACEMENT_3D('',#2370,#2371,#2372);
#2370 = CARTESIAN_POINT('',(-30.034349,-30.034351,0.));
#2371 = DIRECTION('',(-0.,0.,-1.));
#2372 = DIRECTION('',(-0.,-1.,0.));
#2373 = FACE_BOUND('',#2374,.F.);
#2374 = EDGE_LOOP('',(#2375));
#2375 = ORIENTED_EDGE('',*,*,#2376,.T.);
#2376 = EDGE_CURVE('',#2377,#2377,#2379,.T.);
#2377 = VERTEX_POINT('',#2378);
#2378 = CARTESIAN_POINT('',(-28.238298,-32.280402,0.));
#2379 = CIRCLE('',#2380,0.45);
#2380 = AXIS2_PLACEMENT_3D('',#2381,#2382,#2383);
#2381 = CARTESIAN_POINT('',(-28.238298,-31.830402,0.));
#2382 = DIRECTION('',(-0.,0.,-1.));
#2383 = DIRECTION('',(-0.,-1.,0.));
#2384 = FACE_BOUND('',#2385,.F.);
#2385 = EDGE_LOOP('',(#2386));
#2386 = ORIENTED_EDGE('',*,*,#2387,.T.);
#2387 = EDGE_CURVE('',#2388,#2388,#2390,.T.);
#2388 = VERTEX_POINT('',#2389);
#2389 = CARTESIAN_POINT('',(-31.8304,-28.6883,0.));
#2390 = CIRCLE('',#2391,0.45);
#2391 = AXIS2_PLACEMENT_3D('',#2392,#2393,#2394);
#2392 = CARTESIAN_POINT('',(-31.8304,-28.2383,0.));
#2393 = DIRECTION('',(-0.,0.,-1.));
#2394 = DIRECTION('',(-0.,-1.,0.));
#2395 = FACE_BOUND('',#2396,.F.);
#2396 = EDGE_LOOP('',(#2397));
#2397 = ORIENTED_EDGE('',*,*,#2398,.F.);
#2398 = EDGE_CURVE('',#2399,#2399,#2401,.T.);
#2399 = VERTEX_POINT('',#2400);
#2400 = CARTESIAN_POINT('',(-24.309398,-25.809398,0.));
#2401 = CIRCLE('',#2402,1.5);
#2402 = AXIS2_PLACEMENT_3D('',#2403,#2404,#2405);
#2403 = CARTESIAN_POINT('',(-25.809398,-25.809398,0.));
#2404 = DIRECTION('',(0.,0.,1.));
#2405 = DIRECTION('',(1.,0.,-0.));
#2406 = FACE_BOUND('',#2407,.F.);
#2407 = EDGE_LOOP('',(#2408));
#2408 = ORIENTED_EDGE('',*,*,#2409,.T.);
#2409 = EDGE_CURVE('',#2410,#2410,#2412,.T.);
#2410 = VERTEX_POINT('',#2411);
#2411 = CARTESIAN_POINT('',(-16.255653,-39.694401,0.));
#2412 = CIRCLE('',#2413,0.45);
#2413 = AXIS2_PLACEMENT_3D('',#2414,#2415,#2416);
#2414 = CARTESIAN_POINT('',(-16.255653,-39.244401,0.));
#2415 = DIRECTION('',(-0.,0.,-1.));
#2416 = DIRECTION('',(7.894919286223E-15,-1.,-0.));
#2417 = FACE_BOUND('',#2418,.F.);
#2418 = EDGE_LOOP('',(#2419));
#2419 = ORIENTED_EDGE('',*,*,#2420,.T.);
#2420 = EDGE_CURVE('',#2421,#2421,#2423,.T.);
#2421 = VERTEX_POINT('',#2422);
#2422 = CARTESIAN_POINT('',(-18.6107,-38.7429,0.));
#2423 = CIRCLE('',#2424,0.45);
#2424 = AXIS2_PLACEMENT_3D('',#2425,#2426,#2427);
#2425 = CARTESIAN_POINT('',(-18.6107,-38.2929,0.));
#2426 = DIRECTION('',(-0.,0.,-1.));
#2427 = DIRECTION('',(-0.,-1.,0.));
#2428 = FACE_BOUND('',#2429,.F.);
#2429 = EDGE_LOOP('',(#2430));
#2430 = ORIENTED_EDGE('',*,*,#2431,.T.);
#2431 = EDGE_CURVE('',#2432,#2432,#2434,.T.);
#2432 = VERTEX_POINT('',#2433);
#2433 = CARTESIAN_POINT('',(-13.900606,-40.645901,0.));
#2434 = CIRCLE('',#2435,0.45);
#2435 = AXIS2_PLACEMENT_3D('',#2436,#2437,#2438);
#2436 = CARTESIAN_POINT('',(-13.900606,-40.195901,0.));
#2437 = DIRECTION('',(-0.,0.,-1.));
#2438 = DIRECTION('',(-0.,-1.,0.));
#2439 = FACE_BOUND('',#2440,.F.);
#2440 = EDGE_LOOP('',(#2441));
#2441 = ORIENTED_EDGE('',*,*,#2442,.T.);
#2442 = EDGE_CURVE('',#2443,#2443,#2445,.T.);
#2443 = VERTEX_POINT('',#2444);
#2444 = CARTESIAN_POINT('',(-2.54,-42.95,0.));
#2445 = CIRCLE('',#2446,0.45);
#2446 = AXIS2_PLACEMENT_3D('',#2447,#2448,#2449);
#2447 = CARTESIAN_POINT('',(-2.54,-42.5,0.));
#2448 = DIRECTION('',(-0.,0.,-1.));
#2449 = DIRECTION('',(-0.,-1.,0.));
#2450 = FACE_BOUND('',#2451,.F.);
#2451 = EDGE_LOOP('',(#2452));
#2452 = ORIENTED_EDGE('',*,*,#2453,.T.);
#2453 = EDGE_CURVE('',#2454,#2454,#2456,.T.);
#2454 = VERTEX_POINT('',#2455);
#2455 = CARTESIAN_POINT('',(-6.008901426488E-32,-42.95,0.));
#2456 = CIRCLE('',#2457,0.45);
#2457 = AXIS2_PLACEMENT_3D('',#2458,#2459,#2460);
#2458 = CARTESIAN_POINT('',(-1.387778780781E-17,-42.5,0.));
#2459 = DIRECTION('',(-0.,0.,-1.));
#2460 = DIRECTION('',(3.083952846181E-17,-1.,-0.));
#2461 = FACE_BOUND('',#2462,.F.);
#2462 = EDGE_LOOP('',(#2463));
#2463 = ORIENTED_EDGE('',*,*,#2464,.T.);
#2464 = EDGE_CURVE('',#2465,#2465,#2467,.T.);
#2465 = VERTEX_POINT('',#2466);
#2466 = CARTESIAN_POINT('',(-7.79,-35.245,0.));
#2467 = CIRCLE('',#2468,0.625);
#2468 = AXIS2_PLACEMENT_3D('',#2469,#2470,#2471);
#2469 = CARTESIAN_POINT('',(-7.79,-34.62,0.));
#2470 = DIRECTION('',(-0.,0.,-1.));
#2471 = DIRECTION('',(-1.42108547152E-15,-1.,0.));
#2472 = FACE_BOUND('',#2473,.F.);
#2473 = EDGE_LOOP('',(#2474));
#2474 = ORIENTED_EDGE('',*,*,#2475,.T.);
#2475 = EDGE_CURVE('',#2476,#2476,#2478,.T.);
#2476 = VERTEX_POINT('',#2477);
#2477 = CARTESIAN_POINT('',(-6.19,-33.495,0.));
#2478 = CIRCLE('',#2479,0.475);
#2479 = AXIS2_PLACEMENT_3D('',#2480,#2481,#2482);
#2480 = CARTESIAN_POINT('',(-6.19,-33.02,0.));
#2481 = DIRECTION('',(-0.,0.,-1.));
#2482 = DIRECTION('',(-1.869849304632E-15,-1.,0.));
#2483 = FACE_BOUND('',#2484,.F.);
#2484 = EDGE_LOOP('',(#2485));
#2485 = ORIENTED_EDGE('',*,*,#2486,.T.);
#2486 = EDGE_CURVE('',#2487,#2487,#2489,.T.);
#2487 = VERTEX_POINT('',#2488);
#2488 = CARTESIAN_POINT('',(-3.69,-33.495,0.));
#2489 = CIRCLE('',#2490,0.475);
#2490 = AXIS2_PLACEMENT_3D('',#2491,#2492,#2493);
#2491 = CARTESIAN_POINT('',(-3.69,-33.02,0.));
#2492 = DIRECTION('',(-0.,0.,-1.));
#2493 = DIRECTION('',(-0.,-1.,0.));
#2494 = FACE_BOUND('',#2495,.F.);
#2495 = EDGE_LOOP('',(#2496));
#2496 = ORIENTED_EDGE('',*,*,#2497,.T.);
#2497 = EDGE_CURVE('',#2498,#2498,#2500,.T.);
#2498 = VERTEX_POINT('',#2499);
#2499 = CARTESIAN_POINT('',(-1.19,-33.495,0.));
#2500 = CIRCLE('',#2501,0.475);
#2501 = AXIS2_PLACEMENT_3D('',#2502,#2503,#2504);
#2502 = CARTESIAN_POINT('',(-1.19,-33.02,0.));
#2503 = DIRECTION('',(-0.,0.,-1.));
#2504 = DIRECTION('',(-0.,-1.,0.));
#2505 = FACE_BOUND('',#2506,.F.);
#2506 = EDGE_LOOP('',(#2507));
#2507 = ORIENTED_EDGE('',*,*,#2508,.T.);
#2508 = EDGE_CURVE('',#2509,#2509,#2511,.T.);
#2509 = VERTEX_POINT('',#2510);
#2510 = CARTESIAN_POINT('',(-8.89,-27.815,0.));
#2511 = CIRCLE('',#2512,0.51);
#2512 = AXIS2_PLACEMENT_3D('',#2513,#2514,#2515);
#2513 = CARTESIAN_POINT('',(-8.89,-27.305,0.));
#2514 = DIRECTION('',(-0.,0.,-1.));
#2515 = DIRECTION('',(-0.,-1.,0.));
#2516 = FACE_BOUND('',#2517,.F.);
#2517 = EDGE_LOOP('',(#2518));
#2518 = ORIENTED_EDGE('',*,*,#2519,.T.);
#2519 = EDGE_CURVE('',#2520,#2520,#2522,.T.);
#2520 = VERTEX_POINT('',#2521);
#2521 = CARTESIAN_POINT('',(-6.35,-27.815,0.));
#2522 = CIRCLE('',#2523,0.51);
#2523 = AXIS2_PLACEMENT_3D('',#2524,#2525,#2526);
#2524 = CARTESIAN_POINT('',(-6.35,-27.305,0.));
#2525 = DIRECTION('',(-0.,0.,-1.));
#2526 = DIRECTION('',(-0.,-1.,0.));
#2527 = FACE_BOUND('',#2528,.F.);
#2528 = EDGE_LOOP('',(#2529));
#2529 = ORIENTED_EDGE('',*,*,#2530,.T.);
#2530 = EDGE_CURVE('',#2531,#2531,#2533,.T.);
#2531 = VERTEX_POINT('',#2532);
#2532 = CARTESIAN_POINT('',(-3.81,-27.815,0.));
#2533 = CIRCLE('',#2534,0.51);
#2534 = AXIS2_PLACEMENT_3D('',#2535,#2536,#2537);
#2535 = CARTESIAN_POINT('',(-3.81,-27.305,0.));
#2536 = DIRECTION('',(-0.,0.,-1.));
#2537 = DIRECTION('',(-0.,-1.,0.));
#2538 = FACE_BOUND('',#2539,.F.);
#2539 = EDGE_LOOP('',(#2540));
#2540 = ORIENTED_EDGE('',*,*,#2541,.T.);
#2541 = EDGE_CURVE('',#2542,#2542,#2544,.T.);
#2542 = VERTEX_POINT('',#2543);
#2543 = CARTESIAN_POINT('',(-1.27,-27.815,0.));
#2544 = CIRCLE('',#2545,0.51);
#2545 = AXIS2_PLACEMENT_3D('',#2546,#2547,#2548);
#2546 = CARTESIAN_POINT('',(-1.27,-27.305,0.));
#2547 = DIRECTION('',(-0.,0.,-1.));
#2548 = DIRECTION('',(-0.,-1.,0.));
#2549 = FACE_BOUND('',#2550,.F.);
#2550 = EDGE_LOOP('',(#2551));
#2551 = ORIENTED_EDGE('',*,*,#2552,.T.);
#2552 = EDGE_CURVE('',#2553,#2553,#2555,.T.);
#2553 = VERTEX_POINT('',#2554);
#2554 = CARTESIAN_POINT('',(-38.228886,-19.033965,0.));
#2555 = CIRCLE('',#2556,0.45);
#2556 = AXIS2_PLACEMENT_3D('',#2557,#2558,#2559);
#2557 = CARTESIAN_POINT('',(-38.228886,-18.583965,0.));
#2558 = DIRECTION('',(-0.,0.,-1.));
#2559 = DIRECTION('',(-0.,-1.,0.));
#2560 = FACE_BOUND('',#2561,.F.);
#2561 = EDGE_LOOP('',(#2562));
#2562 = ORIENTED_EDGE('',*,*,#2563,.T.);
#2563 = EDGE_CURVE('',#2564,#2564,#2566,.T.);
#2564 = VERTEX_POINT('',#2565);
#2565 = CARTESIAN_POINT('',(-39.221343,-16.695882,0.));
#2566 = CIRCLE('',#2567,0.45);
#2567 = AXIS2_PLACEMENT_3D('',#2568,#2569,#2570);
#2568 = CARTESIAN_POINT('',(-39.221343,-16.245882,0.));
#2569 = DIRECTION('',(-0.,0.,-1.));
#2570 = DIRECTION('',(1.578983857245E-14,-1.,-0.));
#2571 = FACE_BOUND('',#2572,.F.);
#2572 = EDGE_LOOP('',(#2573));
#2573 = ORIENTED_EDGE('',*,*,#2574,.T.);
#2574 = EDGE_CURVE('',#2575,#2575,#2577,.T.);
#2575 = VERTEX_POINT('',#2576);
#2576 = CARTESIAN_POINT('',(-40.2138,-14.3578,0.));
#2577 = CIRCLE('',#2578,0.45);
#2578 = AXIS2_PLACEMENT_3D('',#2579,#2580,#2581);
#2579 = CARTESIAN_POINT('',(-40.2138,-13.9078,0.));
#2580 = DIRECTION('',(-0.,0.,-1.));
#2581 = DIRECTION('',(1.578983857245E-14,-1.,-0.));
#2582 = FACE_BOUND('',#2583,.F.);
#2583 = EDGE_LOOP('',(#2584));
#2584 = ORIENTED_EDGE('',*,*,#2585,.T.);
#2585 = EDGE_CURVE('',#2586,#2586,#2588,.T.);
#2586 = VERTEX_POINT('',#2587);
#2587 = CARTESIAN_POINT('',(-42.475,-2.99,0.));
#2588 = CIRCLE('',#2589,0.45);
#2589 = AXIS2_PLACEMENT_3D('',#2590,#2591,#2592);
#2590 = CARTESIAN_POINT('',(-42.475,-2.54,0.));
#2591 = DIRECTION('',(-0.,0.,-1.));
#2592 = DIRECTION('',(-1.578983857245E-14,-1.,0.));
#2593 = FACE_BOUND('',#2594,.F.);
#2594 = EDGE_LOOP('',(#2595));
#2595 = ORIENTED_EDGE('',*,*,#2596,.T.);
#2596 = EDGE_CURVE('',#2597,#2597,#2599,.T.);
#2597 = VERTEX_POINT('',#2598);
#2598 = CARTESIAN_POINT('',(-42.475,-0.45,0.));
#2599 = CIRCLE('',#2600,0.45);
#2600 = AXIS2_PLACEMENT_3D('',#2601,#2602,#2603);
#2601 = CARTESIAN_POINT('',(-42.475,-4.163336342344E-15,0.));
#2602 = DIRECTION('',(-0.,0.,-1.));
#2603 = DIRECTION('',(-1.578983857245E-14,-1.,0.));
#2604 = FACE_BOUND('',#2605,.F.);
#2605 = EDGE_LOOP('',(#2606));
#2606 = ORIENTED_EDGE('',*,*,#2607,.T.);
#2607 = EDGE_CURVE('',#2608,#2608,#2610,.T.);
#2608 = VERTEX_POINT('',#2609);
#2609 = CARTESIAN_POINT('',(-19.05,-12.575,0.));
#2610 = CIRCLE('',#2611,0.51);
#2611 = AXIS2_PLACEMENT_3D('',#2612,#2613,#2614);
#2612 = CARTESIAN_POINT('',(-19.05,-12.065,0.));
#2613 = DIRECTION('',(-0.,0.,-1.));
#2614 = DIRECTION('',(-6.96610525255E-15,-1.,0.));
#2615 = FACE_BOUND('',#2616,.F.);
#2616 = EDGE_LOOP('',(#2617));
#2617 = ORIENTED_EDGE('',*,*,#2618,.T.);
#2618 = EDGE_CURVE('',#2619,#2619,#2621,.T.);
#2619 = VERTEX_POINT('',#2620);
#2620 = CARTESIAN_POINT('',(-16.51,-12.575,0.));
#2621 = CIRCLE('',#2622,0.51);
#2622 = AXIS2_PLACEMENT_3D('',#2623,#2624,#2625);
#2623 = CARTESIAN_POINT('',(-16.51,-12.065,0.));
#2624 = DIRECTION('',(-0.,0.,-1.));
#2625 = DIRECTION('',(-6.96610525255E-15,-1.,0.));
#2626 = FACE_BOUND('',#2627,.F.);
#2627 = EDGE_LOOP('',(#2628));
#2628 = ORIENTED_EDGE('',*,*,#2629,.T.);
#2629 = EDGE_CURVE('',#2630,#2630,#2632,.T.);
#2630 = VERTEX_POINT('',#2631);
#2631 = CARTESIAN_POINT('',(-13.97,-12.575,0.));
#2632 = CIRCLE('',#2633,0.51);
#2633 = AXIS2_PLACEMENT_3D('',#2634,#2635,#2636);
#2634 = CARTESIAN_POINT('',(-13.97,-12.065,0.));
#2635 = DIRECTION('',(-0.,0.,-1.));
#2636 = DIRECTION('',(-0.,-1.,0.));
#2637 = FACE_BOUND('',#2638,.F.);
#2638 = EDGE_LOOP('',(#2639));
#2639 = ORIENTED_EDGE('',*,*,#2640,.T.);
#2640 = EDGE_CURVE('',#2641,#2641,#2643,.T.);
#2641 = VERTEX_POINT('',#2642);
#2642 = CARTESIAN_POINT('',(-11.43,-12.575,0.));
#2643 = CIRCLE('',#2644,0.51);
#2644 = AXIS2_PLACEMENT_3D('',#2645,#2646,#2647);
#2645 = CARTESIAN_POINT('',(-11.43,-12.065,0.));
#2646 = DIRECTION('',(-0.,0.,-1.));
#2647 = DIRECTION('',(-0.,-1.,0.));
#2648 = FACE_BOUND('',#2649,.F.);
#2649 = EDGE_LOOP('',(#2650));
#2650 = ORIENTED_EDGE('',*,*,#2651,.T.);
#2651 = EDGE_CURVE('',#2652,#2652,#2654,.T.);
#2652 = VERTEX_POINT('',#2653);
#2653 = CARTESIAN_POINT('',(-8.89,-12.575,0.));
#2654 = CIRCLE('',#2655,0.51);
#2655 = AXIS2_PLACEMENT_3D('',#2656,#2657,#2658);
#2656 = CARTESIAN_POINT('',(-8.89,-12.065,0.));
#2657 = DIRECTION('',(-0.,0.,-1.));
#2658 = DIRECTION('',(-0.,-1.,0.));
#2659 = FACE_BOUND('',#2660,.F.);
#2660 = EDGE_LOOP('',(#2661));
#2661 = ORIENTED_EDGE('',*,*,#2662,.T.);
#2662 = EDGE_CURVE('',#2663,#2663,#2665,.T.);
#2663 = VERTEX_POINT('',#2664);
#2664 = CARTESIAN_POINT('',(-6.35,-12.575,0.));
#2665 = CIRCLE('',#2666,0.51);
#2666 = AXIS2_PLACEMENT_3D('',#2667,#2668,#2669);
#2667 = CARTESIAN_POINT('',(-6.35,-12.065,0.));
#2668 = DIRECTION('',(-0.,0.,-1.));
#2669 = DIRECTION('',(-0.,-1.,0.));
#2670 = FACE_BOUND('',#2671,.F.);
#2671 = EDGE_LOOP('',(#2672));
#2672 = ORIENTED_EDGE('',*,*,#2673,.T.);
#2673 = EDGE_CURVE('',#2674,#2674,#2676,.T.);
#2674 = VERTEX_POINT('',#2675);
#2675 = CARTESIAN_POINT('',(-3.81,-12.575,0.));
#2676 = CIRCLE('',#2677,0.51);
#2677 = AXIS2_PLACEMENT_3D('',#2678,#2679,#2680);
#2678 = CARTESIAN_POINT('',(-3.81,-12.065,0.));
#2679 = DIRECTION('',(-0.,0.,-1.));
#2680 = DIRECTION('',(-0.,-1.,0.));
#2681 = FACE_BOUND('',#2682,.F.);
#2682 = EDGE_LOOP('',(#2683));
#2683 = ORIENTED_EDGE('',*,*,#2684,.T.);
#2684 = EDGE_CURVE('',#2685,#2685,#2687,.T.);
#2685 = VERTEX_POINT('',#2686);
#2686 = CARTESIAN_POINT('',(-1.27,-12.575,0.));
#2687 = CIRCLE('',#2688,0.51);
#2688 = AXIS2_PLACEMENT_3D('',#2689,#2690,#2691);
#2689 = CARTESIAN_POINT('',(-1.27,-12.065,0.));
#2690 = DIRECTION('',(-0.,0.,-1.));
#2691 = DIRECTION('',(-0.,-1.,0.));
#2692 = FACE_BOUND('',#2693,.F.);
#2693 = EDGE_LOOP('',(#2694));
#2694 = ORIENTED_EDGE('',*,*,#2695,.T.);
#2695 = EDGE_CURVE('',#2696,#2696,#2698,.T.);
#2696 = VERTEX_POINT('',#2697);
#2697 = CARTESIAN_POINT('',(2.54,-42.95,0.));
#2698 = CIRCLE('',#2699,0.45);
#2699 = AXIS2_PLACEMENT_3D('',#2700,#2701,#2702);
#2700 = CARTESIAN_POINT('',(2.54,-42.5,0.));
#2701 = DIRECTION('',(-0.,0.,-1.));
#2702 = DIRECTION('',(-0.,-1.,0.));
#2703 = FACE_BOUND('',#2704,.F.);
#2704 = EDGE_LOOP('',(#2705));
#2705 = ORIENTED_EDGE('',*,*,#2706,.T.);
#2706 = EDGE_CURVE('',#2707,#2707,#2709,.T.);
#2707 = VERTEX_POINT('',#2708);
#2708 = CARTESIAN_POINT('',(1.31,-33.495,0.));
#2709 = CIRCLE('',#2710,0.475);
#2710 = AXIS2_PLACEMENT_3D('',#2711,#2712,#2713);
#2711 = CARTESIAN_POINT('',(1.31,-33.02,0.));
#2712 = DIRECTION('',(-0.,0.,-1.));
#2713 = DIRECTION('',(-0.,-1.,0.));
#2714 = FACE_BOUND('',#2715,.F.);
#2715 = EDGE_LOOP('',(#2716));
#2716 = ORIENTED_EDGE('',*,*,#2717,.T.);
#2717 = EDGE_CURVE('',#2718,#2718,#2720,.T.);
#2718 = VERTEX_POINT('',#2719);
#2719 = CARTESIAN_POINT('',(3.81,-33.495,0.));
#2720 = CIRCLE('',#2721,0.475);
#2721 = AXIS2_PLACEMENT_3D('',#2722,#2723,#2724);
#2722 = CARTESIAN_POINT('',(3.81,-33.02,0.));
#2723 = DIRECTION('',(-0.,0.,-1.));
#2724 = DIRECTION('',(-0.,-1.,0.));
#2725 = FACE_BOUND('',#2726,.F.);
#2726 = EDGE_LOOP('',(#2727));
#2727 = ORIENTED_EDGE('',*,*,#2728,.T.);
#2728 = EDGE_CURVE('',#2729,#2729,#2731,.T.);
#2729 = VERTEX_POINT('',#2730);
#2730 = CARTESIAN_POINT('',(6.31,-33.495,0.));
#2731 = CIRCLE('',#2732,0.475);
#2732 = AXIS2_PLACEMENT_3D('',#2733,#2734,#2735);
#2733 = CARTESIAN_POINT('',(6.31,-33.02,0.));
#2734 = DIRECTION('',(-0.,0.,-1.));
#2735 = DIRECTION('',(-1.869849304632E-15,-1.,0.));
#2736 = FACE_BOUND('',#2737,.F.);
#2737 = EDGE_LOOP('',(#2738));
#2738 = ORIENTED_EDGE('',*,*,#2739,.T.);
#2739 = EDGE_CURVE('',#2740,#2740,#2742,.T.);
#2740 = VERTEX_POINT('',#2741);
#2741 = CARTESIAN_POINT('',(8.81,-33.495,0.));
#2742 = CIRCLE('',#2743,0.475);
#2743 = AXIS2_PLACEMENT_3D('',#2744,#2745,#2746);
#2744 = CARTESIAN_POINT('',(8.81,-33.02,0.));
#2745 = DIRECTION('',(-0.,0.,-1.));
#2746 = DIRECTION('',(-0.,-1.,0.));
#2747 = FACE_BOUND('',#2748,.F.);
#2748 = EDGE_LOOP('',(#2749));
#2749 = ORIENTED_EDGE('',*,*,#2750,.T.);
#2750 = EDGE_CURVE('',#2751,#2751,#2753,.T.);
#2751 = VERTEX_POINT('',#2752);
#2752 = CARTESIAN_POINT('',(13.9078,-40.6638,0.));
#2753 = CIRCLE('',#2754,0.45);
#2754 = AXIS2_PLACEMENT_3D('',#2755,#2756,#2757);
#2755 = CARTESIAN_POINT('',(13.9078,-40.2138,0.));
#2756 = DIRECTION('',(-0.,0.,-1.));
#2757 = DIRECTION('',(-0.,-1.,0.));
#2758 = FACE_BOUND('',#2759,.F.);
#2759 = EDGE_LOOP('',(#2760));
#2760 = ORIENTED_EDGE('',*,*,#2761,.T.);
#2761 = EDGE_CURVE('',#2762,#2762,#2764,.T.);
#2762 = VERTEX_POINT('',#2763);
#2763 = CARTESIAN_POINT('',(16.245882,-39.671343,0.));
#2764 = CIRCLE('',#2765,0.45);
#2765 = AXIS2_PLACEMENT_3D('',#2766,#2767,#2768);
#2766 = CARTESIAN_POINT('',(16.245882,-39.221343,0.));
#2767 = DIRECTION('',(-0.,0.,-1.));
#2768 = DIRECTION('',(-0.,-1.,0.));
#2769 = FACE_BOUND('',#2770,.F.);
#2770 = EDGE_LOOP('',(#2771));
#2771 = ORIENTED_EDGE('',*,*,#2772,.T.);
#2772 = EDGE_CURVE('',#2773,#2773,#2775,.T.);
#2773 = VERTEX_POINT('',#2774);
#2774 = CARTESIAN_POINT('',(18.583965,-38.678886,0.));
#2775 = CIRCLE('',#2776,0.45);
#2776 = AXIS2_PLACEMENT_3D('',#2777,#2778,#2779);
#2777 = CARTESIAN_POINT('',(18.583965,-38.228886,0.));
#2778 = DIRECTION('',(-0.,0.,-1.));
#2779 = DIRECTION('',(-0.,-1.,0.));
#2780 = FACE_BOUND('',#2781,.F.);
#2781 = EDGE_LOOP('',(#2782));
#2782 = ORIENTED_EDGE('',*,*,#2783,.T.);
#2783 = EDGE_CURVE('',#2784,#2784,#2786,.T.);
#2784 = VERTEX_POINT('',#2785);
#2785 = CARTESIAN_POINT('',(1.27,-27.815,0.));
#2786 = CIRCLE('',#2787,0.51);
#2787 = AXIS2_PLACEMENT_3D('',#2788,#2789,#2790);
#2788 = CARTESIAN_POINT('',(1.27,-27.305,0.));
#2789 = DIRECTION('',(-0.,0.,-1.));
#2790 = DIRECTION('',(-0.,-1.,0.));
#2791 = FACE_BOUND('',#2792,.F.);
#2792 = EDGE_LOOP('',(#2793));
#2793 = ORIENTED_EDGE('',*,*,#2794,.T.);
#2794 = EDGE_CURVE('',#2795,#2795,#2797,.T.);
#2795 = VERTEX_POINT('',#2796);
#2796 = CARTESIAN_POINT('',(3.81,-27.815,0.));
#2797 = CIRCLE('',#2798,0.51);
#2798 = AXIS2_PLACEMENT_3D('',#2799,#2800,#2801);
#2799 = CARTESIAN_POINT('',(3.81,-27.305,0.));
#2800 = DIRECTION('',(-0.,0.,-1.));
#2801 = DIRECTION('',(-0.,-1.,0.));
#2802 = FACE_BOUND('',#2803,.F.);
#2803 = EDGE_LOOP('',(#2804));
#2804 = ORIENTED_EDGE('',*,*,#2805,.T.);
#2805 = EDGE_CURVE('',#2806,#2806,#2808,.T.);
#2806 = VERTEX_POINT('',#2807);
#2807 = CARTESIAN_POINT('',(6.35,-27.815,0.));
#2808 = CIRCLE('',#2809,0.51);
#2809 = AXIS2_PLACEMENT_3D('',#2810,#2811,#2812);
#2810 = CARTESIAN_POINT('',(6.35,-27.305,0.));
#2811 = DIRECTION('',(-0.,0.,-1.));
#2812 = DIRECTION('',(-0.,-1.,0.));
#2813 = FACE_BOUND('',#2814,.F.);
#2814 = EDGE_LOOP('',(#2815));
#2815 = ORIENTED_EDGE('',*,*,#2816,.T.);
#2816 = EDGE_CURVE('',#2817,#2817,#2819,.T.);
#2817 = VERTEX_POINT('',#2818);
#2818 = CARTESIAN_POINT('',(8.89,-27.815,0.));
#2819 = CIRCLE('',#2820,0.51);
#2820 = AXIS2_PLACEMENT_3D('',#2821,#2822,#2823);
#2821 = CARTESIAN_POINT('',(8.89,-27.305,0.));
#2822 = DIRECTION('',(-0.,0.,-1.));
#2823 = DIRECTION('',(-0.,-1.,0.));
#2824 = FACE_BOUND('',#2825,.F.);
#2825 = EDGE_LOOP('',(#2826));
#2826 = ORIENTED_EDGE('',*,*,#2827,.T.);
#2827 = EDGE_CURVE('',#2828,#2828,#2830,.T.);
#2828 = VERTEX_POINT('',#2829);
#2829 = CARTESIAN_POINT('',(28.256,-32.2981,0.));
#2830 = CIRCLE('',#2831,0.45);
#2831 = AXIS2_PLACEMENT_3D('',#2832,#2833,#2834);
#2832 = CARTESIAN_POINT('',(28.256,-31.8481,0.));
#2833 = DIRECTION('',(-0.,0.,-1.));
#2834 = DIRECTION('',(-0.,-1.,0.));
#2835 = FACE_BOUND('',#2836,.F.);
#2836 = EDGE_LOOP('',(#2837));
#2837 = ORIENTED_EDGE('',*,*,#2838,.T.);
#2838 = EDGE_CURVE('',#2839,#2839,#2841,.T.);
#2839 = VERTEX_POINT('',#2840);
#2840 = CARTESIAN_POINT('',(30.052051,-30.502049,0.));
#2841 = CIRCLE('',#2842,0.45);
#2842 = AXIS2_PLACEMENT_3D('',#2843,#2844,#2845);
#2843 = CARTESIAN_POINT('',(30.052051,-30.052049,0.));
#2844 = DIRECTION('',(-0.,0.,-1.));
#2845 = DIRECTION('',(-0.,-1.,0.));
#2846 = FACE_BOUND('',#2847,.F.);
#2847 = EDGE_LOOP('',(#2848));
#2848 = ORIENTED_EDGE('',*,*,#2849,.T.);
#2849 = EDGE_CURVE('',#2850,#2850,#2852,.T.);
#2850 = VERTEX_POINT('',#2851);
#2851 = CARTESIAN_POINT('',(31.848102,-28.705998,0.));
#2852 = CIRCLE('',#2853,0.45);
#2853 = AXIS2_PLACEMENT_3D('',#2854,#2855,#2856);
#2854 = CARTESIAN_POINT('',(31.848102,-28.255998,0.));
#2855 = DIRECTION('',(-0.,0.,-1.));
#2856 = DIRECTION('',(-0.,-1.,0.));
#2857 = FACE_BOUND('',#2858,.F.);
#2858 = EDGE_LOOP('',(#2859));
#2859 = ORIENTED_EDGE('',*,*,#2860,.F.);
#2860 = EDGE_CURVE('',#2861,#2861,#2863,.T.);
#2861 = VERTEX_POINT('',#2862);
#2862 = CARTESIAN_POINT('',(27.309398,-25.809398,0.));
#2863 = CIRCLE('',#2864,1.5);
#2864 = AXIS2_PLACEMENT_3D('',#2865,#2866,#2867);
#2865 = CARTESIAN_POINT('',(25.809398,-25.809398,0.));
#2866 = DIRECTION('',(0.,0.,1.));
#2867 = DIRECTION('',(1.,0.,-0.));
#2868 = FACE_BOUND('',#2869,.F.);
#2869 = EDGE_LOOP('',(#2870));
#2870 = ORIENTED_EDGE('',*,*,#2871,.T.);
#2871 = EDGE_CURVE('',#2872,#2872,#2874,.T.);
#2872 = VERTEX_POINT('',#2873);
#2873 = CARTESIAN_POINT('',(1.27,-12.575,0.));
#2874 = CIRCLE('',#2875,0.51);
#2875 = AXIS2_PLACEMENT_3D('',#2876,#2877,#2878);
#2876 = CARTESIAN_POINT('',(1.27,-12.065,0.));
#2877 = DIRECTION('',(-0.,0.,-1.));
#2878 = DIRECTION('',(-0.,-1.,0.));
#2879 = FACE_BOUND('',#2880,.F.);
#2880 = EDGE_LOOP('',(#2881));
#2881 = ORIENTED_EDGE('',*,*,#2882,.T.);
#2882 = EDGE_CURVE('',#2883,#2883,#2885,.T.);
#2883 = VERTEX_POINT('',#2884);
#2884 = CARTESIAN_POINT('',(3.81,-12.575,0.));
#2885 = CIRCLE('',#2886,0.51);
#2886 = AXIS2_PLACEMENT_3D('',#2887,#2888,#2889);
#2887 = CARTESIAN_POINT('',(3.81,-12.065,0.));
#2888 = DIRECTION('',(-0.,0.,-1.));
#2889 = DIRECTION('',(-0.,-1.,0.));
#2890 = FACE_BOUND('',#2891,.F.);
#2891 = EDGE_LOOP('',(#2892));
#2892 = ORIENTED_EDGE('',*,*,#2893,.T.);
#2893 = EDGE_CURVE('',#2894,#2894,#2896,.T.);
#2894 = VERTEX_POINT('',#2895);
#2895 = CARTESIAN_POINT('',(6.35,-12.575,0.));
#2896 = CIRCLE('',#2897,0.51);
#2897 = AXIS2_PLACEMENT_3D('',#2898,#2899,#2900);
#2898 = CARTESIAN_POINT('',(6.35,-12.065,0.));
#2899 = DIRECTION('',(-0.,0.,-1.));
#2900 = DIRECTION('',(-0.,-1.,0.));
#2901 = FACE_BOUND('',#2902,.F.);
#2902 = EDGE_LOOP('',(#2903));
#2903 = ORIENTED_EDGE('',*,*,#2904,.T.);
#2904 = EDGE_CURVE('',#2905,#2905,#2907,.T.);
#2905 = VERTEX_POINT('',#2906);
#2906 = CARTESIAN_POINT('',(8.89,-12.575,0.));
#2907 = CIRCLE('',#2908,0.51);
#2908 = AXIS2_PLACEMENT_3D('',#2909,#2910,#2911);
#2909 = CARTESIAN_POINT('',(8.89,-12.065,0.));
#2910 = DIRECTION('',(-0.,0.,-1.));
#2911 = DIRECTION('',(-0.,-1.,0.));
#2912 = FACE_BOUND('',#2913,.F.);
#2913 = EDGE_LOOP('',(#2914));
#2914 = ORIENTED_EDGE('',*,*,#2915,.T.);
#2915 = EDGE_CURVE('',#2916,#2916,#2918,.T.);
#2916 = VERTEX_POINT('',#2917);
#2917 = CARTESIAN_POINT('',(11.43,-12.575,0.));
#2918 = CIRCLE('',#2919,0.51);
#2919 = AXIS2_PLACEMENT_3D('',#2920,#2921,#2922);
#2920 = CARTESIAN_POINT('',(11.43,-12.065,0.));
#2921 = DIRECTION('',(-0.,0.,-1.));
#2922 = DIRECTION('',(-0.,-1.,0.));
#2923 = FACE_BOUND('',#2924,.F.);
#2924 = EDGE_LOOP('',(#2925));
#2925 = ORIENTED_EDGE('',*,*,#2926,.T.);
#2926 = EDGE_CURVE('',#2927,#2927,#2929,.T.);
#2927 = VERTEX_POINT('',#2928);
#2928 = CARTESIAN_POINT('',(13.97,-12.575,0.));
#2929 = CIRCLE('',#2930,0.51);
#2930 = AXIS2_PLACEMENT_3D('',#2931,#2932,#2933);
#2931 = CARTESIAN_POINT('',(13.97,-12.065,0.));
#2932 = DIRECTION('',(-0.,0.,-1.));
#2933 = DIRECTION('',(-0.,-1.,0.));
#2934 = FACE_BOUND('',#2935,.F.);
#2935 = EDGE_LOOP('',(#2936));
#2936 = ORIENTED_EDGE('',*,*,#2937,.T.);
#2937 = EDGE_CURVE('',#2938,#2938,#2940,.T.);
#2938 = VERTEX_POINT('',#2939);
#2939 = CARTESIAN_POINT('',(16.51,-12.575,0.));
#2940 = CIRCLE('',#2941,0.51);
#2941 = AXIS2_PLACEMENT_3D('',#2942,#2943,#2944);
#2942 = CARTESIAN_POINT('',(16.51,-12.065,0.));
#2943 = DIRECTION('',(-0.,0.,-1.));
#2944 = DIRECTION('',(6.96610525255E-15,-1.,-0.));
#2945 = FACE_BOUND('',#2946,.F.);
#2946 = EDGE_LOOP('',(#2947));
#2947 = ORIENTED_EDGE('',*,*,#2948,.T.);
#2948 = EDGE_CURVE('',#2949,#2949,#2951,.T.);
#2949 = VERTEX_POINT('',#2950);
#2950 = CARTESIAN_POINT('',(19.05,-12.575,0.));
#2951 = CIRCLE('',#2952,0.51);
#2952 = AXIS2_PLACEMENT_3D('',#2953,#2954,#2955);
#2953 = CARTESIAN_POINT('',(19.05,-12.065,0.));
#2954 = DIRECTION('',(-0.,0.,-1.));
#2955 = DIRECTION('',(6.96610525255E-15,-1.,-0.));
#2956 = FACE_BOUND('',#2957,.F.);
#2957 = EDGE_LOOP('',(#2958));
#2958 = ORIENTED_EDGE('',*,*,#2959,.T.);
#2959 = EDGE_CURVE('',#2960,#2960,#2962,.T.);
#2960 = VERTEX_POINT('',#2961);
#2961 = CARTESIAN_POINT('',(38.2929,-19.0607,0.));
#2962 = CIRCLE('',#2963,0.45);
#2963 = AXIS2_PLACEMENT_3D('',#2964,#2965,#2966);
#2964 = CARTESIAN_POINT('',(38.2929,-18.6107,0.));
#2965 = DIRECTION('',(-0.,0.,-1.));
#2966 = DIRECTION('',(-0.,-1.,0.));
#2967 = FACE_BOUND('',#2968,.F.);
#2968 = EDGE_LOOP('',(#2969));
#2969 = ORIENTED_EDGE('',*,*,#2970,.T.);
#2970 = EDGE_CURVE('',#2971,#2971,#2973,.T.);
#2971 = VERTEX_POINT('',#2972);
#2972 = CARTESIAN_POINT('',(39.244401,-16.705653,0.));
#2973 = CIRCLE('',#2974,0.45);
#2974 = AXIS2_PLACEMENT_3D('',#2975,#2976,#2977);
#2975 = CARTESIAN_POINT('',(39.244401,-16.255653,0.));
#2976 = DIRECTION('',(-0.,0.,-1.));
#2977 = DIRECTION('',(1.578983857245E-14,-1.,-0.));
#2978 = FACE_BOUND('',#2979,.F.);
#2979 = EDGE_LOOP('',(#2980));
#2980 = ORIENTED_EDGE('',*,*,#2981,.T.);
#2981 = EDGE_CURVE('',#2982,#2982,#2984,.T.);
#2982 = VERTEX_POINT('',#2983);
#2983 = CARTESIAN_POINT('',(40.195901,-14.350606,0.));
#2984 = CIRCLE('',#2985,0.45);
#2985 = AXIS2_PLACEMENT_3D('',#2986,#2987,#2988);
#2986 = CARTESIAN_POINT('',(40.195901,-13.900606,0.));
#2987 = DIRECTION('',(-0.,0.,-1.));
#2988 = DIRECTION('',(-1.578983857245E-14,-1.,0.));
#2989 = FACE_BOUND('',#2990,.F.);
#2990 = EDGE_LOOP('',(#2991));
#2991 = ORIENTED_EDGE('',*,*,#2992,.T.);
#2992 = EDGE_CURVE('',#2993,#2993,#2995,.T.);
#2993 = VERTEX_POINT('',#2994);
#2994 = CARTESIAN_POINT('',(42.5,-2.99,0.));
#2995 = CIRCLE('',#2996,0.45);
#2996 = AXIS2_PLACEMENT_3D('',#2997,#2998,#2999);
#2997 = CARTESIAN_POINT('',(42.5,-2.54,0.));
#2998 = DIRECTION('',(-0.,0.,-1.));
#2999 = DIRECTION('',(-0.,-1.,0.));
#3000 = FACE_BOUND('',#3001,.F.);
#3001 = EDGE_LOOP('',(#3002));
#3002 = ORIENTED_EDGE('',*,*,#3003,.T.);
#3003 = EDGE_CURVE('',#3004,#3004,#3006,.T.);
#3004 = VERTEX_POINT('',#3005);
#3005 = CARTESIAN_POINT('',(-42.475,2.09,0.));
#3006 = CIRCLE('',#3007,0.45);
#3007 = AXIS2_PLACEMENT_3D('',#3008,#3009,#3010);
#3008 = CARTESIAN_POINT('',(-42.475,2.54,0.));
#3009 = DIRECTION('',(-0.,0.,-1.));
#3010 = DIRECTION('',(-1.578983857245E-14,-1.,0.));
#3011 = FACE_BOUND('',#3012,.F.);
#3012 = EDGE_LOOP('',(#3013));
#3013 = ORIENTED_EDGE('',*,*,#3014,.T.);
#3014 = EDGE_CURVE('',#3015,#3015,#3017,.T.);
#3015 = VERTEX_POINT('',#3016);
#3016 = CARTESIAN_POINT('',(-40.195901,13.450606,0.));
#3017 = CIRCLE('',#3018,0.45);
#3018 = AXIS2_PLACEMENT_3D('',#3019,#3020,#3021);
#3019 = CARTESIAN_POINT('',(-40.195901,13.900606,0.));
#3020 = DIRECTION('',(-0.,0.,-1.));
#3021 = DIRECTION('',(1.578983857245E-14,-1.,-0.));
#3022 = FACE_BOUND('',#3023,.F.);
#3023 = EDGE_LOOP('',(#3024));
#3024 = ORIENTED_EDGE('',*,*,#3025,.T.);
#3025 = EDGE_CURVE('',#3026,#3026,#3028,.T.);
#3026 = VERTEX_POINT('',#3027);
#3027 = CARTESIAN_POINT('',(-39.244401,15.805653,0.));
#3028 = CIRCLE('',#3029,0.45);
#3029 = AXIS2_PLACEMENT_3D('',#3030,#3031,#3032);
#3030 = CARTESIAN_POINT('',(-39.244401,16.255653,0.));
#3031 = DIRECTION('',(-0.,0.,-1.));
#3032 = DIRECTION('',(-1.578983857245E-14,-1.,0.));
#3033 = FACE_BOUND('',#3034,.F.);
#3034 = EDGE_LOOP('',(#3035));
#3035 = ORIENTED_EDGE('',*,*,#3036,.T.);
#3036 = EDGE_CURVE('',#3037,#3037,#3039,.T.);
#3037 = VERTEX_POINT('',#3038);
#3038 = CARTESIAN_POINT('',(-38.2929,18.1607,0.));
#3039 = CIRCLE('',#3040,0.45);
#3040 = AXIS2_PLACEMENT_3D('',#3041,#3042,#3043);
#3041 = CARTESIAN_POINT('',(-38.2929,18.6107,0.));
#3042 = DIRECTION('',(-0.,0.,-1.));
#3043 = DIRECTION('',(-0.,-1.,0.));
#3044 = FACE_BOUND('',#3045,.F.);
#3045 = EDGE_LOOP('',(#3046,#3057,#3066,#3074,#3083,#3091,#3100,#3109,
    #3118,#3126,#3135,#3144,#3153,#3161,#3170,#3178));
#3046 = ORIENTED_EDGE('',*,*,#3047,.F.);
#3047 = EDGE_CURVE('',#3048,#3050,#3052,.T.);
#3048 = VERTEX_POINT('',#3049);
#3049 = CARTESIAN_POINT('',(24.91994,29.999944,0.));
#3050 = VERTEX_POINT('',#3051);
#3051 = CARTESIAN_POINT('',(-24.91994,29.999944,0.));
#3052 = CIRCLE('',#3053,39.000002755913);
#3053 = AXIS2_PLACEMENT_3D('',#3054,#3055,#3056);
#3054 = CARTESIAN_POINT('',(0.,-2.755912611008E-06,0.));
#3055 = DIRECTION('',(0.,0.,1.));
#3056 = DIRECTION('',(0.63897277536,0.769229349641,-0.));
#3057 = ORIENTED_EDGE('',*,*,#3058,.F.);
#3058 = EDGE_CURVE('',#3059,#3048,#3061,.T.);
#3059 = VERTEX_POINT('',#3060);
#3060 = CARTESIAN_POINT('',(24.983288,28.518821,0.));
#3061 = CIRCLE('',#3062,0.999989802074);
#3062 = AXIS2_PLACEMENT_3D('',#3063,#3064,#3065);
#3063 = CARTESIAN_POINT('',(24.281000585139,29.230700197042,0.));
#3064 = DIRECTION('',(0.,-0.,1.));
#3065 = DIRECTION('',(0.702294576809,-0.711886456807,-0.));
#3066 = ORIENTED_EDGE('',*,*,#3067,.F.);
#3067 = EDGE_CURVE('',#3068,#3059,#3070,.T.);
#3068 = VERTEX_POINT('',#3069);
#3069 = CARTESIAN_POINT('',(24.041631,27.577164,0.));
#3070 = LINE('',#3071,#3072);
#3071 = CARTESIAN_POINT('',(24.041631,27.577164,0.));
#3072 = VECTOR('',#3073,1.);
#3073 = DIRECTION('',(0.707106781187,0.707106781187,0.));
#3074 = ORIENTED_EDGE('',*,*,#3075,.F.);
#3075 = EDGE_CURVE('',#3076,#3068,#3078,.T.);
#3076 = VERTEX_POINT('',#3077);
#3077 = CARTESIAN_POINT('',(27.577164,24.041631,0.));
#3078 = CIRCLE('',#3079,2.499999359409);
#3079 = AXIS2_PLACEMENT_3D('',#3080,#3081,#3082);
#3080 = CARTESIAN_POINT('',(25.809397,25.809397,0.));
#3081 = DIRECTION('',(0.,0.,-1.));
#3082 = DIRECTION('',(0.707106981187,-0.707106581186,0.));
#3083 = ORIENTED_EDGE('',*,*,#3084,.F.);
#3084 = EDGE_CURVE('',#3085,#3076,#3087,.T.);
#3085 = VERTEX_POINT('',#3086);
#3086 = CARTESIAN_POINT('',(28.523617,24.988084,0.));
#3087 = LINE('',#3088,#3089);
#3088 = CARTESIAN_POINT('',(28.523617,24.988084,0.));
#3089 = VECTOR('',#3090,1.);
#3090 = DIRECTION('',(-0.707106781187,-0.707106781187,0.));
#3091 = ORIENTED_EDGE('',*,*,#3092,.F.);
#3092 = EDGE_CURVE('',#3093,#3085,#3095,.T.);
#3093 = VERTEX_POINT('',#3094);
#3094 = CARTESIAN_POINT('',(29.999944,24.91994,0.));
#3095 = CIRCLE('',#3096,1.00000279229);
#3096 = AXIS2_PLACEMENT_3D('',#3097,#3098,#3099);
#3097 = CARTESIAN_POINT('',(29.230714067468,24.280963556394,0.));
#3098 = DIRECTION('',(0.,0.,1.));
#3099 = DIRECTION('',(0.769227784625,0.638974659404,-0.));
#3100 = ORIENTED_EDGE('',*,*,#3101,.F.);
#3101 = EDGE_CURVE('',#3102,#3093,#3104,.T.);
#3102 = VERTEX_POINT('',#3103);
#3103 = CARTESIAN_POINT('',(38.575982,-5.735294,0.));
#3104 = CIRCLE('',#3105,38.999996589247);
#3105 = AXIS2_PLACEMENT_3D('',#3106,#3107,#3108);
#3106 = CARTESIAN_POINT('',(3.553340924611E-06,2.055491556296E-06,0.));
#3107 = DIRECTION('',(0.,0.,1.));
#3108 = DIRECTION('',(0.989127738983,-0.147058886079,0.));
#3109 = ORIENTED_EDGE('',*,*,#3110,.F.);
#3110 = EDGE_CURVE('',#3111,#3102,#3113,.T.);
#3111 = VERTEX_POINT('',#3112);
#3112 = CARTESIAN_POINT('',(33.63034,-10.,0.));
#3113 = CIRCLE('',#3114,4.999997905302);
#3114 = AXIS2_PLACEMENT_3D('',#3115,#3116,#3117);
#3115 = CARTESIAN_POINT('',(33.63034504739,-5.000002094701,0.));
#3116 = DIRECTION('',(0.,0.,1.));
#3117 = DIRECTION('',(-1.00947839115E-06,-0.999999999999,0.));
#3118 = ORIENTED_EDGE('',*,*,#3119,.F.);
#3119 = EDGE_CURVE('',#3120,#3111,#3122,.T.);
#3120 = VERTEX_POINT('',#3121);
#3121 = CARTESIAN_POINT('',(-33.6303,-10.,0.));
#3122 = LINE('',#3123,#3124);
#3123 = CARTESIAN_POINT('',(-33.6303,-10.,0.));
#3124 = VECTOR('',#3125,1.);
#3125 = DIRECTION('',(1.,0.,0.));
#3126 = ORIENTED_EDGE('',*,*,#3127,.F.);
#3127 = EDGE_CURVE('',#3128,#3120,#3130,.T.);
#3128 = VERTEX_POINT('',#3129);
#3129 = CARTESIAN_POINT('',(-38.575982,-5.735294,0.));
#3130 = CIRCLE('',#3131,5.000012907156);
#3131 = AXIS2_PLACEMENT_3D('',#3132,#3133,#3134);
#3132 = CARTESIAN_POINT('',(-33.63033211104,-4.999987092947,0.));
#3133 = DIRECTION('',(0.,0.,1.));
#3134 = DIRECTION('',(-0.989127424428,-0.147061001783,0.));
#3135 = ORIENTED_EDGE('',*,*,#3136,.F.);
#3136 = EDGE_CURVE('',#3137,#3128,#3139,.T.);
#3137 = VERTEX_POINT('',#3138);
#3138 = CARTESIAN_POINT('',(-29.999944,24.91994,0.));
#3139 = CIRCLE('',#3140,39.000006687167);
#3140 = AXIS2_PLACEMENT_3D('',#3141,#3142,#3143);
#3141 = CARTESIAN_POINT('',(7.098620830703E-06,-9.244768475192E-07,0.));
#3142 = DIRECTION('',(0.,0.,1.));
#3143 = DIRECTION('',(-0.769229383453,0.638972734655,0.));
#3144 = ORIENTED_EDGE('',*,*,#3145,.F.);
#3145 = EDGE_CURVE('',#3146,#3137,#3148,.T.);
#3146 = VERTEX_POINT('',#3147);
#3147 = CARTESIAN_POINT('',(-28.518927,24.983394,0.));
#3148 = CIRCLE('',#3149,0.999987842938);
#3149 = AXIS2_PLACEMENT_3D('',#3150,#3151,#3152);
#3150 = CARTESIAN_POINT('',(-29.23070096758,24.281002723652,0.));
#3151 = DIRECTION('',(0.,0.,1.));
#3152 = DIRECTION('',(0.711782620772,0.702399815466,-0.));
#3153 = ORIENTED_EDGE('',*,*,#3154,.F.);
#3154 = EDGE_CURVE('',#3155,#3146,#3157,.T.);
#3155 = VERTEX_POINT('',#3156);
#3156 = CARTESIAN_POINT('',(-27.577166,24.041633,0.));
#3157 = LINE('',#3158,#3159);
#3158 = CARTESIAN_POINT('',(-27.577166,24.041633,0.));
#3159 = VECTOR('',#3160,1.);
#3160 = DIRECTION('',(-0.707106781187,0.707106781187,0.));
#3161 = ORIENTED_EDGE('',*,*,#3162,.F.);
#3162 = EDGE_CURVE('',#3163,#3155,#3165,.T.);
#3163 = VERTEX_POINT('',#3164);
#3164 = CARTESIAN_POINT('',(-24.041634,27.577167,0.));
#3165 = CIRCLE('',#3166,2.499999359409);
#3166 = AXIS2_PLACEMENT_3D('',#3167,#3168,#3169);
#3167 = CARTESIAN_POINT('',(-25.8094,25.8094,0.));
#3168 = DIRECTION('',(0.,0.,-1.));
#3169 = DIRECTION('',(0.707106581186,0.707106981187,0.));
#3170 = ORIENTED_EDGE('',*,*,#3171,.F.);
#3171 = EDGE_CURVE('',#3172,#3163,#3174,.T.);
#3172 = VERTEX_POINT('',#3173);
#3173 = CARTESIAN_POINT('',(-24.988084,28.523617,0.));
#3174 = LINE('',#3175,#3176);
#3175 = CARTESIAN_POINT('',(-24.988084,28.523617,0.));
#3176 = VECTOR('',#3177,1.);
#3177 = DIRECTION('',(0.707106781187,-0.707106781187,0.));
#3178 = ORIENTED_EDGE('',*,*,#3179,.F.);
#3179 = EDGE_CURVE('',#3050,#3172,#3180,.T.);
#3180 = CIRCLE('',#3181,1.00000279229);
#3181 = AXIS2_PLACEMENT_3D('',#3182,#3183,#3184);
#3182 = CARTESIAN_POINT('',(-24.28096355639,29.230714067468,0.));
#3183 = DIRECTION('',(0.,0.,1.));
#3184 = DIRECTION('',(-0.638974659404,0.769227784625,0.));
#3185 = FACE_BOUND('',#3186,.F.);
#3186 = EDGE_LOOP('',(#3187));
#3187 = ORIENTED_EDGE('',*,*,#3188,.F.);
#3188 = EDGE_CURVE('',#3189,#3189,#3191,.T.);
#3189 = VERTEX_POINT('',#3190);
#3190 = CARTESIAN_POINT('',(-24.309398,25.809398,0.));
#3191 = CIRCLE('',#3192,1.5);
#3192 = AXIS2_PLACEMENT_3D('',#3193,#3194,#3195);
#3193 = CARTESIAN_POINT('',(-25.809398,25.809398,0.));
#3194 = DIRECTION('',(0.,0.,1.));
#3195 = DIRECTION('',(1.,0.,-0.));
#3196 = FACE_BOUND('',#3197,.F.);
#3197 = EDGE_LOOP('',(#3198));
#3198 = ORIENTED_EDGE('',*,*,#3199,.T.);
#3199 = EDGE_CURVE('',#3200,#3200,#3202,.T.);
#3200 = VERTEX_POINT('',#3201);
#3201 = CARTESIAN_POINT('',(-31.830402,27.788298,0.));
#3202 = CIRCLE('',#3203,0.45);
#3203 = AXIS2_PLACEMENT_3D('',#3204,#3205,#3206);
#3204 = CARTESIAN_POINT('',(-31.830402,28.238298,0.));
#3205 = DIRECTION('',(-0.,0.,-1.));
#3206 = DIRECTION('',(-0.,-1.,0.));
#3207 = FACE_BOUND('',#3208,.F.);
#3208 = EDGE_LOOP('',(#3209));
#3209 = ORIENTED_EDGE('',*,*,#3210,.T.);
#3210 = EDGE_CURVE('',#3211,#3211,#3213,.T.);
#3211 = VERTEX_POINT('',#3212);
#3212 = CARTESIAN_POINT('',(-30.034351,29.584349,0.));
#3213 = CIRCLE('',#3214,0.45);
#3214 = AXIS2_PLACEMENT_3D('',#3215,#3216,#3217);
#3215 = CARTESIAN_POINT('',(-30.034351,30.034349,0.));
#3216 = DIRECTION('',(-0.,0.,-1.));
#3217 = DIRECTION('',(-0.,-1.,0.));
#3218 = FACE_BOUND('',#3219,.F.);
#3219 = EDGE_LOOP('',(#3220));
#3220 = ORIENTED_EDGE('',*,*,#3221,.T.);
#3221 = EDGE_CURVE('',#3222,#3222,#3224,.T.);
#3222 = VERTEX_POINT('',#3223);
#3223 = CARTESIAN_POINT('',(-28.2383,31.3804,0.));
#3224 = CIRCLE('',#3225,0.45);
#3225 = AXIS2_PLACEMENT_3D('',#3226,#3227,#3228);
#3226 = CARTESIAN_POINT('',(-28.2383,31.8304,0.));
#3227 = DIRECTION('',(-0.,0.,-1.));
#3228 = DIRECTION('',(7.894919286223E-15,-1.,-0.));
#3229 = FACE_BOUND('',#3230,.F.);
#3230 = EDGE_LOOP('',(#3231));
#3231 = ORIENTED_EDGE('',*,*,#3232,.T.);
#3232 = EDGE_CURVE('',#3233,#3233,#3235,.T.);
#3233 = VERTEX_POINT('',#3234);
#3234 = CARTESIAN_POINT('',(-18.593565,37.801986,0.));
#3235 = CIRCLE('',#3236,0.45);
#3236 = AXIS2_PLACEMENT_3D('',#3237,#3238,#3239);
#3237 = CARTESIAN_POINT('',(-18.593565,38.251986,0.));
#3238 = DIRECTION('',(-0.,0.,-1.));
#3239 = DIRECTION('',(-7.894919286223E-15,-1.,0.));
#3240 = FACE_BOUND('',#3241,.F.);
#3241 = EDGE_LOOP('',(#3242));
#3242 = ORIENTED_EDGE('',*,*,#3243,.T.);
#3243 = EDGE_CURVE('',#3244,#3244,#3246,.T.);
#3244 = VERTEX_POINT('',#3245);
#3245 = CARTESIAN_POINT('',(-16.255482,38.794443,0.));
#3246 = CIRCLE('',#3247,0.45);
#3247 = AXIS2_PLACEMENT_3D('',#3248,#3249,#3250);
#3248 = CARTESIAN_POINT('',(-16.255482,39.244443,0.));
#3249 = DIRECTION('',(-0.,0.,-1.));
#3250 = DIRECTION('',(-0.,-1.,0.));
#3251 = FACE_BOUND('',#3252,.F.);
#3252 = EDGE_LOOP('',(#3253));
#3253 = ORIENTED_EDGE('',*,*,#3254,.T.);
#3254 = EDGE_CURVE('',#3255,#3255,#3257,.T.);
#3255 = VERTEX_POINT('',#3256);
#3256 = CARTESIAN_POINT('',(-13.9174,39.7869,0.));
#3257 = CIRCLE('',#3258,0.45);
#3258 = AXIS2_PLACEMENT_3D('',#3259,#3260,#3261);
#3259 = CARTESIAN_POINT('',(-13.9174,40.2369,0.));
#3260 = DIRECTION('',(-0.,0.,-1.));
#3261 = DIRECTION('',(-0.,-1.,0.));
#3262 = FACE_BOUND('',#3263,.F.);
#3263 = EDGE_LOOP('',(#3264));
#3264 = ORIENTED_EDGE('',*,*,#3265,.T.);
#3265 = EDGE_CURVE('',#3266,#3266,#3268,.T.);
#3266 = VERTEX_POINT('',#3267);
#3267 = CARTESIAN_POINT('',(-2.54,42.05,0.));
#3268 = CIRCLE('',#3269,0.45);
#3269 = AXIS2_PLACEMENT_3D('',#3270,#3271,#3272);
#3270 = CARTESIAN_POINT('',(-2.54,42.5,0.));
#3271 = DIRECTION('',(-0.,0.,-1.));
#3272 = DIRECTION('',(-0.,-1.,0.));
#3273 = FACE_BOUND('',#3274,.F.);
#3274 = EDGE_LOOP('',(#3275));
#3275 = ORIENTED_EDGE('',*,*,#3276,.T.);
#3276 = EDGE_CURVE('',#3277,#3277,#3279,.T.);
#3277 = VERTEX_POINT('',#3278);
#3278 = CARTESIAN_POINT('',(-6.008901426488E-32,42.05,0.));
#3279 = CIRCLE('',#3280,0.45);
#3280 = AXIS2_PLACEMENT_3D('',#3281,#3282,#3283);
#3281 = CARTESIAN_POINT('',(-1.387778780781E-17,42.5,0.));
#3282 = DIRECTION('',(-0.,0.,-1.));
#3283 = DIRECTION('',(3.083952846181E-17,-1.,-0.));
#3284 = FACE_BOUND('',#3285,.F.);
#3285 = EDGE_LOOP('',(#3286));
#3286 = ORIENTED_EDGE('',*,*,#3287,.T.);
#3287 = EDGE_CURVE('',#3288,#3288,#3290,.T.);
#3288 = VERTEX_POINT('',#3289);
#3289 = CARTESIAN_POINT('',(42.5,-0.45,0.));
#3290 = CIRCLE('',#3291,0.45);
#3291 = AXIS2_PLACEMENT_3D('',#3292,#3293,#3294);
#3292 = CARTESIAN_POINT('',(42.5,2.900457651833E-15,0.));
#3293 = DIRECTION('',(-0.,0.,-1.));
#3294 = DIRECTION('',(-0.,-1.,0.));
#3295 = FACE_BOUND('',#3296,.F.);
#3296 = EDGE_LOOP('',(#3297));
#3297 = ORIENTED_EDGE('',*,*,#3298,.T.);
#3298 = EDGE_CURVE('',#3299,#3299,#3301,.T.);
#3299 = VERTEX_POINT('',#3300);
#3300 = CARTESIAN_POINT('',(42.5,2.09,0.));
#3301 = CIRCLE('',#3302,0.45);
#3302 = AXIS2_PLACEMENT_3D('',#3303,#3304,#3305);
#3303 = CARTESIAN_POINT('',(42.5,2.54,0.));
#3304 = DIRECTION('',(-0.,0.,-1.));
#3305 = DIRECTION('',(-0.,-1.,0.));
#3306 = FACE_BOUND('',#3307,.F.);
#3307 = EDGE_LOOP('',(#3308));
#3308 = ORIENTED_EDGE('',*,*,#3309,.T.);
#3309 = EDGE_CURVE('',#3310,#3310,#3312,.T.);
#3310 = VERTEX_POINT('',#3311);
#3311 = CARTESIAN_POINT('',(40.2369,13.4674,0.));
#3312 = CIRCLE('',#3313,0.45);
#3313 = AXIS2_PLACEMENT_3D('',#3314,#3315,#3316);
#3314 = CARTESIAN_POINT('',(40.2369,13.9174,0.));
#3315 = DIRECTION('',(-0.,0.,-1.));
#3316 = DIRECTION('',(-1.578983857245E-14,-1.,0.));
#3317 = FACE_BOUND('',#3318,.F.);
#3318 = EDGE_LOOP('',(#3319));
#3319 = ORIENTED_EDGE('',*,*,#3320,.T.);
#3320 = EDGE_CURVE('',#3321,#3321,#3323,.T.);
#3321 = VERTEX_POINT('',#3322);
#3322 = CARTESIAN_POINT('',(39.244443,15.805482,0.));
#3323 = CIRCLE('',#3324,0.45);
#3324 = AXIS2_PLACEMENT_3D('',#3325,#3326,#3327);
#3325 = CARTESIAN_POINT('',(39.244443,16.255482,0.));
#3326 = DIRECTION('',(-0.,0.,-1.));
#3327 = DIRECTION('',(-1.578983857245E-14,-1.,0.));
#3328 = FACE_BOUND('',#3329,.F.);
#3329 = EDGE_LOOP('',(#3330));
#3330 = ORIENTED_EDGE('',*,*,#3331,.T.);
#3331 = EDGE_CURVE('',#3332,#3332,#3334,.T.);
#3332 = VERTEX_POINT('',#3333);
#3333 = CARTESIAN_POINT('',(38.251986,18.143565,0.));
#3334 = CIRCLE('',#3335,0.45);
#3335 = AXIS2_PLACEMENT_3D('',#3336,#3337,#3338);
#3336 = CARTESIAN_POINT('',(38.251986,18.593565,0.));
#3337 = DIRECTION('',(-0.,0.,-1.));
#3338 = DIRECTION('',(-0.,-1.,0.));
#3339 = FACE_BOUND('',#3340,.F.);
#3340 = EDGE_LOOP('',(#3341));
#3341 = ORIENTED_EDGE('',*,*,#3342,.T.);
#3342 = EDGE_CURVE('',#3343,#3343,#3345,.T.);
#3343 = VERTEX_POINT('',#3344);
#3344 = CARTESIAN_POINT('',(2.54,42.05,0.));
#3345 = CIRCLE('',#3346,0.45);
#3346 = AXIS2_PLACEMENT_3D('',#3347,#3348,#3349);
#3347 = CARTESIAN_POINT('',(2.54,42.5,0.));
#3348 = DIRECTION('',(-0.,0.,-1.));
#3349 = DIRECTION('',(-0.,-1.,0.));
#3350 = FACE_BOUND('',#3351,.F.);
#3351 = EDGE_LOOP('',(#3352));
#3352 = ORIENTED_EDGE('',*,*,#3353,.T.);
#3353 = EDGE_CURVE('',#3354,#3354,#3356,.T.);
#3354 = VERTEX_POINT('',#3355);
#3355 = CARTESIAN_POINT('',(13.891006,39.722801,0.));
#3356 = CIRCLE('',#3357,0.45);
#3357 = AXIS2_PLACEMENT_3D('',#3358,#3359,#3360);
#3358 = CARTESIAN_POINT('',(13.891006,40.172801,0.));
#3359 = DIRECTION('',(-0.,0.,-1.));
#3360 = DIRECTION('',(-0.,-1.,0.));
#3361 = FACE_BOUND('',#3362,.F.);
#3362 = EDGE_LOOP('',(#3363));
#3363 = ORIENTED_EDGE('',*,*,#3364,.T.);
#3364 = EDGE_CURVE('',#3365,#3365,#3367,.T.);
#3365 = VERTEX_POINT('',#3366);
#3366 = CARTESIAN_POINT('',(18.6011,37.8198,0.));
#3367 = CIRCLE('',#3368,0.45);
#3368 = AXIS2_PLACEMENT_3D('',#3369,#3370,#3371);
#3369 = CARTESIAN_POINT('',(18.6011,38.2698,0.));
#3370 = DIRECTION('',(-0.,0.,-1.));
#3371 = DIRECTION('',(-7.894919286223E-15,-1.,0.));
#3372 = FACE_BOUND('',#3373,.F.);
#3373 = EDGE_LOOP('',(#3374));
#3374 = ORIENTED_EDGE('',*,*,#3375,.T.);
#3375 = EDGE_CURVE('',#3376,#3376,#3378,.T.);
#3376 = VERTEX_POINT('',#3377);
#3377 = CARTESIAN_POINT('',(16.246053,38.771301,0.));
#3378 = CIRCLE('',#3379,0.45);
#3379 = AXIS2_PLACEMENT_3D('',#3380,#3381,#3382);
#3380 = CARTESIAN_POINT('',(16.246053,39.221301,0.));
#3381 = DIRECTION('',(-0.,0.,-1.));
#3382 = DIRECTION('',(-0.,-1.,0.));
#3383 = FACE_BOUND('',#3384,.F.);
#3384 = EDGE_LOOP('',(#3385));
#3385 = ORIENTED_EDGE('',*,*,#3386,.F.);
#3386 = EDGE_CURVE('',#3387,#3387,#3389,.T.);
#3387 = VERTEX_POINT('',#3388);
#3388 = CARTESIAN_POINT('',(27.309398,25.809398,0.));
#3389 = CIRCLE('',#3390,1.5);
#3390 = AXIS2_PLACEMENT_3D('',#3391,#3392,#3393);
#3391 = CARTESIAN_POINT('',(25.809398,25.809398,0.));
#3392 = DIRECTION('',(0.,0.,1.));
#3393 = DIRECTION('',(1.,0.,-0.));
#3394 = FACE_BOUND('',#3395,.F.);
#3395 = EDGE_LOOP('',(#3396));
#3396 = ORIENTED_EDGE('',*,*,#3397,.T.);
#3397 = EDGE_CURVE('',#3398,#3398,#3400,.T.);
#3398 = VERTEX_POINT('',#3399);
#3399 = CARTESIAN_POINT('',(31.8481,27.806,0.));
#3400 = CIRCLE('',#3401,0.45);
#3401 = AXIS2_PLACEMENT_3D('',#3402,#3403,#3404);
#3402 = CARTESIAN_POINT('',(31.8481,28.256,0.));
#3403 = DIRECTION('',(-0.,0.,-1.));
#3404 = DIRECTION('',(-0.,-1.,0.));
#3405 = FACE_BOUND('',#3406,.F.);
#3406 = EDGE_LOOP('',(#3407));
#3407 = ORIENTED_EDGE('',*,*,#3408,.T.);
#3408 = EDGE_CURVE('',#3409,#3409,#3411,.T.);
#3409 = VERTEX_POINT('',#3410);
#3410 = CARTESIAN_POINT('',(28.255998,31.398102,0.));
#3411 = CIRCLE('',#3412,0.45);
#3412 = AXIS2_PLACEMENT_3D('',#3413,#3414,#3415);
#3413 = CARTESIAN_POINT('',(28.255998,31.848102,0.));
#3414 = DIRECTION('',(-0.,0.,-1.));
#3415 = DIRECTION('',(7.894919286223E-15,-1.,-0.));
#3416 = FACE_BOUND('',#3417,.F.);
#3417 = EDGE_LOOP('',(#3418));
#3418 = ORIENTED_EDGE('',*,*,#3419,.T.);
#3419 = EDGE_CURVE('',#3420,#3420,#3422,.T.);
#3420 = VERTEX_POINT('',#3421);
#3421 = CARTESIAN_POINT('',(30.052049,29.602051,0.));
#3422 = CIRCLE('',#3423,0.45);
#3423 = AXIS2_PLACEMENT_3D('',#3424,#3425,#3426);
#3424 = CARTESIAN_POINT('',(30.052049,30.052051,0.));
#3425 = DIRECTION('',(-0.,0.,-1.));
#3426 = DIRECTION('',(-0.,-1.,0.));
#3427 = PLANE('',#3428);
#3428 = AXIS2_PLACEMENT_3D('',#3429,#3430,#3431);
#3429 = CARTESIAN_POINT('',(0.,0.,0.));
#3430 = DIRECTION('',(0.,0.,1.));
#3431 = DIRECTION('',(1.,0.,-0.));
#3432 = ADVANCED_FACE('',(#3433,#3436,#3447,#3458,#3469,#3480,#3491,
    #3502,#3513,#3524,#3535,#3546,#3557,#3568,#3579,#3590,#3601,#3612,
    #3623,#3634,#3645,#3656,#3667,#3678,#3689,#3700,#3711,#3722,#3733,
    #3744,#3755,#3766,#3777,#3788,#3799,#3810,#3821,#3832,#3843,#3854,
    #3865,#3876,#3887,#3898,#3909,#3920,#3931,#3942,#3953,#3964,#3975,
    #3986,#3997,#4008,#4019,#4030,#4041,#4052,#4063,#4074,#4085,#4096,
    #4107,#4118,#4259,#4270,#4281,#4292,#4303,#4314,#4325,#4336,#4347,
    #4358,#4369,#4380,#4391,#4402,#4413,#4424,#4435,#4446,#4457,#4468,
    #4479,#4490),#4501,.T.);
#3433 = FACE_BOUND('',#3434,.T.);
#3434 = EDGE_LOOP('',(#3435));
#3435 = ORIENTED_EDGE('',*,*,#2339,.T.);
#3436 = FACE_BOUND('',#3437,.T.);
#3437 = EDGE_LOOP('',(#3438));
#3438 = ORIENTED_EDGE('',*,*,#3439,.T.);
#3439 = EDGE_CURVE('',#3440,#3440,#3442,.T.);
#3440 = VERTEX_POINT('',#3441);
#3441 = CARTESIAN_POINT('',(-30.034349,-30.484351,1.51));
#3442 = CIRCLE('',#3443,0.45);
#3443 = AXIS2_PLACEMENT_3D('',#3444,#3445,#3446);
#3444 = CARTESIAN_POINT('',(-30.034349,-30.034351,1.51));
#3445 = DIRECTION('',(-0.,0.,-1.));
#3446 = DIRECTION('',(-0.,-1.,0.));
#3447 = FACE_BOUND('',#3448,.T.);
#3448 = EDGE_LOOP('',(#3449));
#3449 = ORIENTED_EDGE('',*,*,#3450,.T.);
#3450 = EDGE_CURVE('',#3451,#3451,#3453,.T.);
#3451 = VERTEX_POINT('',#3452);
#3452 = CARTESIAN_POINT('',(-28.238298,-32.280402,1.51));
#3453 = CIRCLE('',#3454,0.45);
#3454 = AXIS2_PLACEMENT_3D('',#3455,#3456,#3457);
#3455 = CARTESIAN_POINT('',(-28.238298,-31.830402,1.51));
#3456 = DIRECTION('',(-0.,0.,-1.));
#3457 = DIRECTION('',(-0.,-1.,0.));
#3458 = FACE_BOUND('',#3459,.T.);
#3459 = EDGE_LOOP('',(#3460));
#3460 = ORIENTED_EDGE('',*,*,#3461,.T.);
#3461 = EDGE_CURVE('',#3462,#3462,#3464,.T.);
#3462 = VERTEX_POINT('',#3463);
#3463 = CARTESIAN_POINT('',(-31.8304,-28.6883,1.51));
#3464 = CIRCLE('',#3465,0.45);
#3465 = AXIS2_PLACEMENT_3D('',#3466,#3467,#3468);
#3466 = CARTESIAN_POINT('',(-31.8304,-28.2383,1.51));
#3467 = DIRECTION('',(-0.,0.,-1.));
#3468 = DIRECTION('',(-0.,-1.,0.));
#3469 = FACE_BOUND('',#3470,.T.);
#3470 = EDGE_LOOP('',(#3471));
#3471 = ORIENTED_EDGE('',*,*,#3472,.F.);
#3472 = EDGE_CURVE('',#3473,#3473,#3475,.T.);
#3473 = VERTEX_POINT('',#3474);
#3474 = CARTESIAN_POINT('',(-24.309398,-25.809398,1.51));
#3475 = CIRCLE('',#3476,1.5);
#3476 = AXIS2_PLACEMENT_3D('',#3477,#3478,#3479);
#3477 = CARTESIAN_POINT('',(-25.809398,-25.809398,1.51));
#3478 = DIRECTION('',(0.,0.,1.));
#3479 = DIRECTION('',(1.,0.,-0.));
#3480 = FACE_BOUND('',#3481,.T.);
#3481 = EDGE_LOOP('',(#3482));
#3482 = ORIENTED_EDGE('',*,*,#3483,.T.);
#3483 = EDGE_CURVE('',#3484,#3484,#3486,.T.);
#3484 = VERTEX_POINT('',#3485);
#3485 = CARTESIAN_POINT('',(-16.255653,-39.694401,1.51));
#3486 = CIRCLE('',#3487,0.45);
#3487 = AXIS2_PLACEMENT_3D('',#3488,#3489,#3490);
#3488 = CARTESIAN_POINT('',(-16.255653,-39.244401,1.51));
#3489 = DIRECTION('',(-0.,0.,-1.));
#3490 = DIRECTION('',(7.894919286223E-15,-1.,-0.));
#3491 = FACE_BOUND('',#3492,.T.);
#3492 = EDGE_LOOP('',(#3493));
#3493 = ORIENTED_EDGE('',*,*,#3494,.T.);
#3494 = EDGE_CURVE('',#3495,#3495,#3497,.T.);
#3495 = VERTEX_POINT('',#3496);
#3496 = CARTESIAN_POINT('',(-18.6107,-38.7429,1.51));
#3497 = CIRCLE('',#3498,0.45);
#3498 = AXIS2_PLACEMENT_3D('',#3499,#3500,#3501);
#3499 = CARTESIAN_POINT('',(-18.6107,-38.2929,1.51));
#3500 = DIRECTION('',(-0.,0.,-1.));
#3501 = DIRECTION('',(-0.,-1.,0.));
#3502 = FACE_BOUND('',#3503,.T.);
#3503 = EDGE_LOOP('',(#3504));
#3504 = ORIENTED_EDGE('',*,*,#3505,.T.);
#3505 = EDGE_CURVE('',#3506,#3506,#3508,.T.);
#3506 = VERTEX_POINT('',#3507);
#3507 = CARTESIAN_POINT('',(-13.900606,-40.645901,1.51));
#3508 = CIRCLE('',#3509,0.45);
#3509 = AXIS2_PLACEMENT_3D('',#3510,#3511,#3512);
#3510 = CARTESIAN_POINT('',(-13.900606,-40.195901,1.51));
#3511 = DIRECTION('',(-0.,0.,-1.));
#3512 = DIRECTION('',(-0.,-1.,0.));
#3513 = FACE_BOUND('',#3514,.T.);
#3514 = EDGE_LOOP('',(#3515));
#3515 = ORIENTED_EDGE('',*,*,#3516,.T.);
#3516 = EDGE_CURVE('',#3517,#3517,#3519,.T.);
#3517 = VERTEX_POINT('',#3518);
#3518 = CARTESIAN_POINT('',(-2.54,-42.95,1.51));
#3519 = CIRCLE('',#3520,0.45);
#3520 = AXIS2_PLACEMENT_3D('',#3521,#3522,#3523);
#3521 = CARTESIAN_POINT('',(-2.54,-42.5,1.51));
#3522 = DIRECTION('',(-0.,0.,-1.));
#3523 = DIRECTION('',(-0.,-1.,0.));
#3524 = FACE_BOUND('',#3525,.T.);
#3525 = EDGE_LOOP('',(#3526));
#3526 = ORIENTED_EDGE('',*,*,#3527,.T.);
#3527 = EDGE_CURVE('',#3528,#3528,#3530,.T.);
#3528 = VERTEX_POINT('',#3529);
#3529 = CARTESIAN_POINT('',(-6.008901426488E-32,-42.95,1.51));
#3530 = CIRCLE('',#3531,0.45);
#3531 = AXIS2_PLACEMENT_3D('',#3532,#3533,#3534);
#3532 = CARTESIAN_POINT('',(-1.387778780781E-17,-42.5,1.51));
#3533 = DIRECTION('',(-0.,0.,-1.));
#3534 = DIRECTION('',(3.083952846181E-17,-1.,-0.));
#3535 = FACE_BOUND('',#3536,.T.);
#3536 = EDGE_LOOP('',(#3537));
#3537 = ORIENTED_EDGE('',*,*,#3538,.T.);
#3538 = EDGE_CURVE('',#3539,#3539,#3541,.T.);
#3539 = VERTEX_POINT('',#3540);
#3540 = CARTESIAN_POINT('',(-7.79,-35.245,1.51));
#3541 = CIRCLE('',#3542,0.625);
#3542 = AXIS2_PLACEMENT_3D('',#3543,#3544,#3545);
#3543 = CARTESIAN_POINT('',(-7.79,-34.62,1.51));
#3544 = DIRECTION('',(-0.,0.,-1.));
#3545 = DIRECTION('',(-1.42108547152E-15,-1.,0.));
#3546 = FACE_BOUND('',#3547,.T.);
#3547 = EDGE_LOOP('',(#3548));
#3548 = ORIENTED_EDGE('',*,*,#3549,.T.);
#3549 = EDGE_CURVE('',#3550,#3550,#3552,.T.);
#3550 = VERTEX_POINT('',#3551);
#3551 = CARTESIAN_POINT('',(-6.19,-33.495,1.51));
#3552 = CIRCLE('',#3553,0.475);
#3553 = AXIS2_PLACEMENT_3D('',#3554,#3555,#3556);
#3554 = CARTESIAN_POINT('',(-6.19,-33.02,1.51));
#3555 = DIRECTION('',(-0.,0.,-1.));
#3556 = DIRECTION('',(-1.869849304632E-15,-1.,0.));
#3557 = FACE_BOUND('',#3558,.T.);
#3558 = EDGE_LOOP('',(#3559));
#3559 = ORIENTED_EDGE('',*,*,#3560,.T.);
#3560 = EDGE_CURVE('',#3561,#3561,#3563,.T.);
#3561 = VERTEX_POINT('',#3562);
#3562 = CARTESIAN_POINT('',(-3.69,-33.495,1.51));
#3563 = CIRCLE('',#3564,0.475);
#3564 = AXIS2_PLACEMENT_3D('',#3565,#3566,#3567);
#3565 = CARTESIAN_POINT('',(-3.69,-33.02,1.51));
#3566 = DIRECTION('',(-0.,0.,-1.));
#3567 = DIRECTION('',(-0.,-1.,0.));
#3568 = FACE_BOUND('',#3569,.T.);
#3569 = EDGE_LOOP('',(#3570));
#3570 = ORIENTED_EDGE('',*,*,#3571,.T.);
#3571 = EDGE_CURVE('',#3572,#3572,#3574,.T.);
#3572 = VERTEX_POINT('',#3573);
#3573 = CARTESIAN_POINT('',(-1.19,-33.495,1.51));
#3574 = CIRCLE('',#3575,0.475);
#3575 = AXIS2_PLACEMENT_3D('',#3576,#3577,#3578);
#3576 = CARTESIAN_POINT('',(-1.19,-33.02,1.51));
#3577 = DIRECTION('',(-0.,0.,-1.));
#3578 = DIRECTION('',(-0.,-1.,0.));
#3579 = FACE_BOUND('',#3580,.T.);
#3580 = EDGE_LOOP('',(#3581));
#3581 = ORIENTED_EDGE('',*,*,#3582,.T.);
#3582 = EDGE_CURVE('',#3583,#3583,#3585,.T.);
#3583 = VERTEX_POINT('',#3584);
#3584 = CARTESIAN_POINT('',(-8.89,-27.815,1.51));
#3585 = CIRCLE('',#3586,0.51);
#3586 = AXIS2_PLACEMENT_3D('',#3587,#3588,#3589);
#3587 = CARTESIAN_POINT('',(-8.89,-27.305,1.51));
#3588 = DIRECTION('',(-0.,0.,-1.));
#3589 = DIRECTION('',(-0.,-1.,0.));
#3590 = FACE_BOUND('',#3591,.T.);
#3591 = EDGE_LOOP('',(#3592));
#3592 = ORIENTED_EDGE('',*,*,#3593,.T.);
#3593 = EDGE_CURVE('',#3594,#3594,#3596,.T.);
#3594 = VERTEX_POINT('',#3595);
#3595 = CARTESIAN_POINT('',(-6.35,-27.815,1.51));
#3596 = CIRCLE('',#3597,0.51);
#3597 = AXIS2_PLACEMENT_3D('',#3598,#3599,#3600);
#3598 = CARTESIAN_POINT('',(-6.35,-27.305,1.51));
#3599 = DIRECTION('',(-0.,0.,-1.));
#3600 = DIRECTION('',(-0.,-1.,0.));
#3601 = FACE_BOUND('',#3602,.T.);
#3602 = EDGE_LOOP('',(#3603));
#3603 = ORIENTED_EDGE('',*,*,#3604,.T.);
#3604 = EDGE_CURVE('',#3605,#3605,#3607,.T.);
#3605 = VERTEX_POINT('',#3606);
#3606 = CARTESIAN_POINT('',(-3.81,-27.815,1.51));
#3607 = CIRCLE('',#3608,0.51);
#3608 = AXIS2_PLACEMENT_3D('',#3609,#3610,#3611);
#3609 = CARTESIAN_POINT('',(-3.81,-27.305,1.51));
#3610 = DIRECTION('',(-0.,0.,-1.));
#3611 = DIRECTION('',(-0.,-1.,0.));
#3612 = FACE_BOUND('',#3613,.T.);
#3613 = EDGE_LOOP('',(#3614));
#3614 = ORIENTED_EDGE('',*,*,#3615,.T.);
#3615 = EDGE_CURVE('',#3616,#3616,#3618,.T.);
#3616 = VERTEX_POINT('',#3617);
#3617 = CARTESIAN_POINT('',(-1.27,-27.815,1.51));
#3618 = CIRCLE('',#3619,0.51);
#3619 = AXIS2_PLACEMENT_3D('',#3620,#3621,#3622);
#3620 = CARTESIAN_POINT('',(-1.27,-27.305,1.51));
#3621 = DIRECTION('',(-0.,0.,-1.));
#3622 = DIRECTION('',(-0.,-1.,0.));
#3623 = FACE_BOUND('',#3624,.T.);
#3624 = EDGE_LOOP('',(#3625));
#3625 = ORIENTED_EDGE('',*,*,#3626,.T.);
#3626 = EDGE_CURVE('',#3627,#3627,#3629,.T.);
#3627 = VERTEX_POINT('',#3628);
#3628 = CARTESIAN_POINT('',(-38.228886,-19.033965,1.51));
#3629 = CIRCLE('',#3630,0.45);
#3630 = AXIS2_PLACEMENT_3D('',#3631,#3632,#3633);
#3631 = CARTESIAN_POINT('',(-38.228886,-18.583965,1.51));
#3632 = DIRECTION('',(-0.,0.,-1.));
#3633 = DIRECTION('',(-0.,-1.,0.));
#3634 = FACE_BOUND('',#3635,.T.);
#3635 = EDGE_LOOP('',(#3636));
#3636 = ORIENTED_EDGE('',*,*,#3637,.T.);
#3637 = EDGE_CURVE('',#3638,#3638,#3640,.T.);
#3638 = VERTEX_POINT('',#3639);
#3639 = CARTESIAN_POINT('',(-39.221343,-16.695882,1.51));
#3640 = CIRCLE('',#3641,0.45);
#3641 = AXIS2_PLACEMENT_3D('',#3642,#3643,#3644);
#3642 = CARTESIAN_POINT('',(-39.221343,-16.245882,1.51));
#3643 = DIRECTION('',(-0.,0.,-1.));
#3644 = DIRECTION('',(1.578983857245E-14,-1.,-0.));
#3645 = FACE_BOUND('',#3646,.T.);
#3646 = EDGE_LOOP('',(#3647));
#3647 = ORIENTED_EDGE('',*,*,#3648,.T.);
#3648 = EDGE_CURVE('',#3649,#3649,#3651,.T.);
#3649 = VERTEX_POINT('',#3650);
#3650 = CARTESIAN_POINT('',(-40.2138,-14.3578,1.51));
#3651 = CIRCLE('',#3652,0.45);
#3652 = AXIS2_PLACEMENT_3D('',#3653,#3654,#3655);
#3653 = CARTESIAN_POINT('',(-40.2138,-13.9078,1.51));
#3654 = DIRECTION('',(-0.,0.,-1.));
#3655 = DIRECTION('',(1.578983857245E-14,-1.,-0.));
#3656 = FACE_BOUND('',#3657,.T.);
#3657 = EDGE_LOOP('',(#3658));
#3658 = ORIENTED_EDGE('',*,*,#3659,.T.);
#3659 = EDGE_CURVE('',#3660,#3660,#3662,.T.);
#3660 = VERTEX_POINT('',#3661);
#3661 = CARTESIAN_POINT('',(-42.475,-2.99,1.51));
#3662 = CIRCLE('',#3663,0.45);
#3663 = AXIS2_PLACEMENT_3D('',#3664,#3665,#3666);
#3664 = CARTESIAN_POINT('',(-42.475,-2.54,1.51));
#3665 = DIRECTION('',(-0.,0.,-1.));
#3666 = DIRECTION('',(-1.578983857245E-14,-1.,0.));
#3667 = FACE_BOUND('',#3668,.T.);
#3668 = EDGE_LOOP('',(#3669));
#3669 = ORIENTED_EDGE('',*,*,#3670,.T.);
#3670 = EDGE_CURVE('',#3671,#3671,#3673,.T.);
#3671 = VERTEX_POINT('',#3672);
#3672 = CARTESIAN_POINT('',(-42.475,-0.45,1.51));
#3673 = CIRCLE('',#3674,0.45);
#3674 = AXIS2_PLACEMENT_3D('',#3675,#3676,#3677);
#3675 = CARTESIAN_POINT('',(-42.475,-4.163336342344E-15,1.51));
#3676 = DIRECTION('',(-0.,0.,-1.));
#3677 = DIRECTION('',(-1.578983857245E-14,-1.,0.));
#3678 = FACE_BOUND('',#3679,.T.);
#3679 = EDGE_LOOP('',(#3680));
#3680 = ORIENTED_EDGE('',*,*,#3681,.T.);
#3681 = EDGE_CURVE('',#3682,#3682,#3684,.T.);
#3682 = VERTEX_POINT('',#3683);
#3683 = CARTESIAN_POINT('',(-19.05,-12.575,1.51));
#3684 = CIRCLE('',#3685,0.51);
#3685 = AXIS2_PLACEMENT_3D('',#3686,#3687,#3688);
#3686 = CARTESIAN_POINT('',(-19.05,-12.065,1.51));
#3687 = DIRECTION('',(-0.,0.,-1.));
#3688 = DIRECTION('',(-6.96610525255E-15,-1.,0.));
#3689 = FACE_BOUND('',#3690,.T.);
#3690 = EDGE_LOOP('',(#3691));
#3691 = ORIENTED_EDGE('',*,*,#3692,.T.);
#3692 = EDGE_CURVE('',#3693,#3693,#3695,.T.);
#3693 = VERTEX_POINT('',#3694);
#3694 = CARTESIAN_POINT('',(-16.51,-12.575,1.51));
#3695 = CIRCLE('',#3696,0.51);
#3696 = AXIS2_PLACEMENT_3D('',#3697,#3698,#3699);
#3697 = CARTESIAN_POINT('',(-16.51,-12.065,1.51));
#3698 = DIRECTION('',(-0.,0.,-1.));
#3699 = DIRECTION('',(-6.96610525255E-15,-1.,0.));
#3700 = FACE_BOUND('',#3701,.T.);
#3701 = EDGE_LOOP('',(#3702));
#3702 = ORIENTED_EDGE('',*,*,#3703,.T.);
#3703 = EDGE_CURVE('',#3704,#3704,#3706,.T.);
#3704 = VERTEX_POINT('',#3705);
#3705 = CARTESIAN_POINT('',(-13.97,-12.575,1.51));
#3706 = CIRCLE('',#3707,0.51);
#3707 = AXIS2_PLACEMENT_3D('',#3708,#3709,#3710);
#3708 = CARTESIAN_POINT('',(-13.97,-12.065,1.51));
#3709 = DIRECTION('',(-0.,0.,-1.));
#3710 = DIRECTION('',(-0.,-1.,0.));
#3711 = FACE_BOUND('',#3712,.T.);
#3712 = EDGE_LOOP('',(#3713));
#3713 = ORIENTED_EDGE('',*,*,#3714,.T.);
#3714 = EDGE_CURVE('',#3715,#3715,#3717,.T.);
#3715 = VERTEX_POINT('',#3716);
#3716 = CARTESIAN_POINT('',(-11.43,-12.575,1.51));
#3717 = CIRCLE('',#3718,0.51);
#3718 = AXIS2_PLACEMENT_3D('',#3719,#3720,#3721);
#3719 = CARTESIAN_POINT('',(-11.43,-12.065,1.51));
#3720 = DIRECTION('',(-0.,0.,-1.));
#3721 = DIRECTION('',(-0.,-1.,0.));
#3722 = FACE_BOUND('',#3723,.T.);
#3723 = EDGE_LOOP('',(#3724));
#3724 = ORIENTED_EDGE('',*,*,#3725,.T.);
#3725 = EDGE_CURVE('',#3726,#3726,#3728,.T.);
#3726 = VERTEX_POINT('',#3727);
#3727 = CARTESIAN_POINT('',(-8.89,-12.575,1.51));
#3728 = CIRCLE('',#3729,0.51);
#3729 = AXIS2_PLACEMENT_3D('',#3730,#3731,#3732);
#3730 = CARTESIAN_POINT('',(-8.89,-12.065,1.51));
#3731 = DIRECTION('',(-0.,0.,-1.));
#3732 = DIRECTION('',(-0.,-1.,0.));
#3733 = FACE_BOUND('',#3734,.T.);
#3734 = EDGE_LOOP('',(#3735));
#3735 = ORIENTED_EDGE('',*,*,#3736,.T.);
#3736 = EDGE_CURVE('',#3737,#3737,#3739,.T.);
#3737 = VERTEX_POINT('',#3738);
#3738 = CARTESIAN_POINT('',(-6.35,-12.575,1.51));
#3739 = CIRCLE('',#3740,0.51);
#3740 = AXIS2_PLACEMENT_3D('',#3741,#3742,#3743);
#3741 = CARTESIAN_POINT('',(-6.35,-12.065,1.51));
#3742 = DIRECTION('',(-0.,0.,-1.));
#3743 = DIRECTION('',(-0.,-1.,0.));
#3744 = FACE_BOUND('',#3745,.T.);
#3745 = EDGE_LOOP('',(#3746));
#3746 = ORIENTED_EDGE('',*,*,#3747,.T.);
#3747 = EDGE_CURVE('',#3748,#3748,#3750,.T.);
#3748 = VERTEX_POINT('',#3749);
#3749 = CARTESIAN_POINT('',(-3.81,-12.575,1.51));
#3750 = CIRCLE('',#3751,0.51);
#3751 = AXIS2_PLACEMENT_3D('',#3752,#3753,#3754);
#3752 = CARTESIAN_POINT('',(-3.81,-12.065,1.51));
#3753 = DIRECTION('',(-0.,0.,-1.));
#3754 = DIRECTION('',(-0.,-1.,0.));
#3755 = FACE_BOUND('',#3756,.T.);
#3756 = EDGE_LOOP('',(#3757));
#3757 = ORIENTED_EDGE('',*,*,#3758,.T.);
#3758 = EDGE_CURVE('',#3759,#3759,#3761,.T.);
#3759 = VERTEX_POINT('',#3760);
#3760 = CARTESIAN_POINT('',(-1.27,-12.575,1.51));
#3761 = CIRCLE('',#3762,0.51);
#3762 = AXIS2_PLACEMENT_3D('',#3763,#3764,#3765);
#3763 = CARTESIAN_POINT('',(-1.27,-12.065,1.51));
#3764 = DIRECTION('',(-0.,0.,-1.));
#3765 = DIRECTION('',(-0.,-1.,0.));
#3766 = FACE_BOUND('',#3767,.T.);
#3767 = EDGE_LOOP('',(#3768));
#3768 = ORIENTED_EDGE('',*,*,#3769,.T.);
#3769 = EDGE_CURVE('',#3770,#3770,#3772,.T.);
#3770 = VERTEX_POINT('',#3771);
#3771 = CARTESIAN_POINT('',(2.54,-42.95,1.51));
#3772 = CIRCLE('',#3773,0.45);
#3773 = AXIS2_PLACEMENT_3D('',#3774,#3775,#3776);
#3774 = CARTESIAN_POINT('',(2.54,-42.5,1.51));
#3775 = DIRECTION('',(-0.,0.,-1.));
#3776 = DIRECTION('',(-0.,-1.,0.));
#3777 = FACE_BOUND('',#3778,.T.);
#3778 = EDGE_LOOP('',(#3779));
#3779 = ORIENTED_EDGE('',*,*,#3780,.T.);
#3780 = EDGE_CURVE('',#3781,#3781,#3783,.T.);
#3781 = VERTEX_POINT('',#3782);
#3782 = CARTESIAN_POINT('',(1.31,-33.495,1.51));
#3783 = CIRCLE('',#3784,0.475);
#3784 = AXIS2_PLACEMENT_3D('',#3785,#3786,#3787);
#3785 = CARTESIAN_POINT('',(1.31,-33.02,1.51));
#3786 = DIRECTION('',(-0.,0.,-1.));
#3787 = DIRECTION('',(-0.,-1.,0.));
#3788 = FACE_BOUND('',#3789,.T.);
#3789 = EDGE_LOOP('',(#3790));
#3790 = ORIENTED_EDGE('',*,*,#3791,.T.);
#3791 = EDGE_CURVE('',#3792,#3792,#3794,.T.);
#3792 = VERTEX_POINT('',#3793);
#3793 = CARTESIAN_POINT('',(3.81,-33.495,1.51));
#3794 = CIRCLE('',#3795,0.475);
#3795 = AXIS2_PLACEMENT_3D('',#3796,#3797,#3798);
#3796 = CARTESIAN_POINT('',(3.81,-33.02,1.51));
#3797 = DIRECTION('',(-0.,0.,-1.));
#3798 = DIRECTION('',(-0.,-1.,0.));
#3799 = FACE_BOUND('',#3800,.T.);
#3800 = EDGE_LOOP('',(#3801));
#3801 = ORIENTED_EDGE('',*,*,#3802,.T.);
#3802 = EDGE_CURVE('',#3803,#3803,#3805,.T.);
#3803 = VERTEX_POINT('',#3804);
#3804 = CARTESIAN_POINT('',(6.31,-33.495,1.51));
#3805 = CIRCLE('',#3806,0.475);
#3806 = AXIS2_PLACEMENT_3D('',#3807,#3808,#3809);
#3807 = CARTESIAN_POINT('',(6.31,-33.02,1.51));
#3808 = DIRECTION('',(-0.,0.,-1.));
#3809 = DIRECTION('',(-1.869849304632E-15,-1.,0.));
#3810 = FACE_BOUND('',#3811,.T.);
#3811 = EDGE_LOOP('',(#3812));
#3812 = ORIENTED_EDGE('',*,*,#3813,.T.);
#3813 = EDGE_CURVE('',#3814,#3814,#3816,.T.);
#3814 = VERTEX_POINT('',#3815);
#3815 = CARTESIAN_POINT('',(8.81,-33.495,1.51));
#3816 = CIRCLE('',#3817,0.475);
#3817 = AXIS2_PLACEMENT_3D('',#3818,#3819,#3820);
#3818 = CARTESIAN_POINT('',(8.81,-33.02,1.51));
#3819 = DIRECTION('',(-0.,0.,-1.));
#3820 = DIRECTION('',(-0.,-1.,0.));
#3821 = FACE_BOUND('',#3822,.T.);
#3822 = EDGE_LOOP('',(#3823));
#3823 = ORIENTED_EDGE('',*,*,#3824,.T.);
#3824 = EDGE_CURVE('',#3825,#3825,#3827,.T.);
#3825 = VERTEX_POINT('',#3826);
#3826 = CARTESIAN_POINT('',(13.9078,-40.6638,1.51));
#3827 = CIRCLE('',#3828,0.45);
#3828 = AXIS2_PLACEMENT_3D('',#3829,#3830,#3831);
#3829 = CARTESIAN_POINT('',(13.9078,-40.2138,1.51));
#3830 = DIRECTION('',(-0.,0.,-1.));
#3831 = DIRECTION('',(-0.,-1.,0.));
#3832 = FACE_BOUND('',#3833,.T.);
#3833 = EDGE_LOOP('',(#3834));
#3834 = ORIENTED_EDGE('',*,*,#3835,.T.);
#3835 = EDGE_CURVE('',#3836,#3836,#3838,.T.);
#3836 = VERTEX_POINT('',#3837);
#3837 = CARTESIAN_POINT('',(16.245882,-39.671343,1.51));
#3838 = CIRCLE('',#3839,0.45);
#3839 = AXIS2_PLACEMENT_3D('',#3840,#3841,#3842);
#3840 = CARTESIAN_POINT('',(16.245882,-39.221343,1.51));
#3841 = DIRECTION('',(-0.,0.,-1.));
#3842 = DIRECTION('',(-0.,-1.,0.));
#3843 = FACE_BOUND('',#3844,.T.);
#3844 = EDGE_LOOP('',(#3845));
#3845 = ORIENTED_EDGE('',*,*,#3846,.T.);
#3846 = EDGE_CURVE('',#3847,#3847,#3849,.T.);
#3847 = VERTEX_POINT('',#3848);
#3848 = CARTESIAN_POINT('',(18.583965,-38.678886,1.51));
#3849 = CIRCLE('',#3850,0.45);
#3850 = AXIS2_PLACEMENT_3D('',#3851,#3852,#3853);
#3851 = CARTESIAN_POINT('',(18.583965,-38.228886,1.51));
#3852 = DIRECTION('',(-0.,0.,-1.));
#3853 = DIRECTION('',(-0.,-1.,0.));
#3854 = FACE_BOUND('',#3855,.T.);
#3855 = EDGE_LOOP('',(#3856));
#3856 = ORIENTED_EDGE('',*,*,#3857,.T.);
#3857 = EDGE_CURVE('',#3858,#3858,#3860,.T.);
#3858 = VERTEX_POINT('',#3859);
#3859 = CARTESIAN_POINT('',(1.27,-27.815,1.51));
#3860 = CIRCLE('',#3861,0.51);
#3861 = AXIS2_PLACEMENT_3D('',#3862,#3863,#3864);
#3862 = CARTESIAN_POINT('',(1.27,-27.305,1.51));
#3863 = DIRECTION('',(-0.,0.,-1.));
#3864 = DIRECTION('',(-0.,-1.,0.));
#3865 = FACE_BOUND('',#3866,.T.);
#3866 = EDGE_LOOP('',(#3867));
#3867 = ORIENTED_EDGE('',*,*,#3868,.T.);
#3868 = EDGE_CURVE('',#3869,#3869,#3871,.T.);
#3869 = VERTEX_POINT('',#3870);
#3870 = CARTESIAN_POINT('',(3.81,-27.815,1.51));
#3871 = CIRCLE('',#3872,0.51);
#3872 = AXIS2_PLACEMENT_3D('',#3873,#3874,#3875);
#3873 = CARTESIAN_POINT('',(3.81,-27.305,1.51));
#3874 = DIRECTION('',(-0.,0.,-1.));
#3875 = DIRECTION('',(-0.,-1.,0.));
#3876 = FACE_BOUND('',#3877,.T.);
#3877 = EDGE_LOOP('',(#3878));
#3878 = ORIENTED_EDGE('',*,*,#3879,.T.);
#3879 = EDGE_CURVE('',#3880,#3880,#3882,.T.);
#3880 = VERTEX_POINT('',#3881);
#3881 = CARTESIAN_POINT('',(6.35,-27.815,1.51));
#3882 = CIRCLE('',#3883,0.51);
#3883 = AXIS2_PLACEMENT_3D('',#3884,#3885,#3886);
#3884 = CARTESIAN_POINT('',(6.35,-27.305,1.51));
#3885 = DIRECTION('',(-0.,0.,-1.));
#3886 = DIRECTION('',(-0.,-1.,0.));
#3887 = FACE_BOUND('',#3888,.T.);
#3888 = EDGE_LOOP('',(#3889));
#3889 = ORIENTED_EDGE('',*,*,#3890,.T.);
#3890 = EDGE_CURVE('',#3891,#3891,#3893,.T.);
#3891 = VERTEX_POINT('',#3892);
#3892 = CARTESIAN_POINT('',(8.89,-27.815,1.51));
#3893 = CIRCLE('',#3894,0.51);
#3894 = AXIS2_PLACEMENT_3D('',#3895,#3896,#3897);
#3895 = CARTESIAN_POINT('',(8.89,-27.305,1.51));
#3896 = DIRECTION('',(-0.,0.,-1.));
#3897 = DIRECTION('',(-0.,-1.,0.));
#3898 = FACE_BOUND('',#3899,.T.);
#3899 = EDGE_LOOP('',(#3900));
#3900 = ORIENTED_EDGE('',*,*,#3901,.T.);
#3901 = EDGE_CURVE('',#3902,#3902,#3904,.T.);
#3902 = VERTEX_POINT('',#3903);
#3903 = CARTESIAN_POINT('',(28.256,-32.2981,1.51));
#3904 = CIRCLE('',#3905,0.45);
#3905 = AXIS2_PLACEMENT_3D('',#3906,#3907,#3908);
#3906 = CARTESIAN_POINT('',(28.256,-31.8481,1.51));
#3907 = DIRECTION('',(-0.,0.,-1.));
#3908 = DIRECTION('',(-0.,-1.,0.));
#3909 = FACE_BOUND('',#3910,.T.);
#3910 = EDGE_LOOP('',(#3911));
#3911 = ORIENTED_EDGE('',*,*,#3912,.T.);
#3912 = EDGE_CURVE('',#3913,#3913,#3915,.T.);
#3913 = VERTEX_POINT('',#3914);
#3914 = CARTESIAN_POINT('',(30.052051,-30.502049,1.51));
#3915 = CIRCLE('',#3916,0.45);
#3916 = AXIS2_PLACEMENT_3D('',#3917,#3918,#3919);
#3917 = CARTESIAN_POINT('',(30.052051,-30.052049,1.51));
#3918 = DIRECTION('',(-0.,0.,-1.));
#3919 = DIRECTION('',(-0.,-1.,0.));
#3920 = FACE_BOUND('',#3921,.T.);
#3921 = EDGE_LOOP('',(#3922));
#3922 = ORIENTED_EDGE('',*,*,#3923,.T.);
#3923 = EDGE_CURVE('',#3924,#3924,#3926,.T.);
#3924 = VERTEX_POINT('',#3925);
#3925 = CARTESIAN_POINT('',(31.848102,-28.705998,1.51));
#3926 = CIRCLE('',#3927,0.45);
#3927 = AXIS2_PLACEMENT_3D('',#3928,#3929,#3930);
#3928 = CARTESIAN_POINT('',(31.848102,-28.255998,1.51));
#3929 = DIRECTION('',(-0.,0.,-1.));
#3930 = DIRECTION('',(-0.,-1.,0.));
#3931 = FACE_BOUND('',#3932,.T.);
#3932 = EDGE_LOOP('',(#3933));
#3933 = ORIENTED_EDGE('',*,*,#3934,.F.);
#3934 = EDGE_CURVE('',#3935,#3935,#3937,.T.);
#3935 = VERTEX_POINT('',#3936);
#3936 = CARTESIAN_POINT('',(27.309398,-25.809398,1.51));
#3937 = CIRCLE('',#3938,1.5);
#3938 = AXIS2_PLACEMENT_3D('',#3939,#3940,#3941);
#3939 = CARTESIAN_POINT('',(25.809398,-25.809398,1.51));
#3940 = DIRECTION('',(0.,0.,1.));
#3941 = DIRECTION('',(1.,0.,-0.));
#3942 = FACE_BOUND('',#3943,.T.);
#3943 = EDGE_LOOP('',(#3944));
#3944 = ORIENTED_EDGE('',*,*,#3945,.T.);
#3945 = EDGE_CURVE('',#3946,#3946,#3948,.T.);
#3946 = VERTEX_POINT('',#3947);
#3947 = CARTESIAN_POINT('',(1.27,-12.575,1.51));
#3948 = CIRCLE('',#3949,0.51);
#3949 = AXIS2_PLACEMENT_3D('',#3950,#3951,#3952);
#3950 = CARTESIAN_POINT('',(1.27,-12.065,1.51));
#3951 = DIRECTION('',(-0.,0.,-1.));
#3952 = DIRECTION('',(-0.,-1.,0.));
#3953 = FACE_BOUND('',#3954,.T.);
#3954 = EDGE_LOOP('',(#3955));
#3955 = ORIENTED_EDGE('',*,*,#3956,.T.);
#3956 = EDGE_CURVE('',#3957,#3957,#3959,.T.);
#3957 = VERTEX_POINT('',#3958);
#3958 = CARTESIAN_POINT('',(3.81,-12.575,1.51));
#3959 = CIRCLE('',#3960,0.51);
#3960 = AXIS2_PLACEMENT_3D('',#3961,#3962,#3963);
#3961 = CARTESIAN_POINT('',(3.81,-12.065,1.51));
#3962 = DIRECTION('',(-0.,0.,-1.));
#3963 = DIRECTION('',(-0.,-1.,0.));
#3964 = FACE_BOUND('',#3965,.T.);
#3965 = EDGE_LOOP('',(#3966));
#3966 = ORIENTED_EDGE('',*,*,#3967,.T.);
#3967 = EDGE_CURVE('',#3968,#3968,#3970,.T.);
#3968 = VERTEX_POINT('',#3969);
#3969 = CARTESIAN_POINT('',(6.35,-12.575,1.51));
#3970 = CIRCLE('',#3971,0.51);
#3971 = AXIS2_PLACEMENT_3D('',#3972,#3973,#3974);
#3972 = CARTESIAN_POINT('',(6.35,-12.065,1.51));
#3973 = DIRECTION('',(-0.,0.,-1.));
#3974 = DIRECTION('',(-0.,-1.,0.));
#3975 = FACE_BOUND('',#3976,.T.);
#3976 = EDGE_LOOP('',(#3977));
#3977 = ORIENTED_EDGE('',*,*,#3978,.T.);
#3978 = EDGE_CURVE('',#3979,#3979,#3981,.T.);
#3979 = VERTEX_POINT('',#3980);
#3980 = CARTESIAN_POINT('',(8.89,-12.575,1.51));
#3981 = CIRCLE('',#3982,0.51);
#3982 = AXIS2_PLACEMENT_3D('',#3983,#3984,#3985);
#3983 = CARTESIAN_POINT('',(8.89,-12.065,1.51));
#3984 = DIRECTION('',(-0.,0.,-1.));
#3985 = DIRECTION('',(-0.,-1.,0.));
#3986 = FACE_BOUND('',#3987,.T.);
#3987 = EDGE_LOOP('',(#3988));
#3988 = ORIENTED_EDGE('',*,*,#3989,.T.);
#3989 = EDGE_CURVE('',#3990,#3990,#3992,.T.);
#3990 = VERTEX_POINT('',#3991);
#3991 = CARTESIAN_POINT('',(11.43,-12.575,1.51));
#3992 = CIRCLE('',#3993,0.51);
#3993 = AXIS2_PLACEMENT_3D('',#3994,#3995,#3996);
#3994 = CARTESIAN_POINT('',(11.43,-12.065,1.51));
#3995 = DIRECTION('',(-0.,0.,-1.));
#3996 = DIRECTION('',(-0.,-1.,0.));
#3997 = FACE_BOUND('',#3998,.T.);
#3998 = EDGE_LOOP('',(#3999));
#3999 = ORIENTED_EDGE('',*,*,#4000,.T.);
#4000 = EDGE_CURVE('',#4001,#4001,#4003,.T.);
#4001 = VERTEX_POINT('',#4002);
#4002 = CARTESIAN_POINT('',(13.97,-12.575,1.51));
#4003 = CIRCLE('',#4004,0.51);
#4004 = AXIS2_PLACEMENT_3D('',#4005,#4006,#4007);
#4005 = CARTESIAN_POINT('',(13.97,-12.065,1.51));
#4006 = DIRECTION('',(-0.,0.,-1.));
#4007 = DIRECTION('',(-0.,-1.,0.));
#4008 = FACE_BOUND('',#4009,.T.);
#4009 = EDGE_LOOP('',(#4010));
#4010 = ORIENTED_EDGE('',*,*,#4011,.T.);
#4011 = EDGE_CURVE('',#4012,#4012,#4014,.T.);
#4012 = VERTEX_POINT('',#4013);
#4013 = CARTESIAN_POINT('',(16.51,-12.575,1.51));
#4014 = CIRCLE('',#4015,0.51);
#4015 = AXIS2_PLACEMENT_3D('',#4016,#4017,#4018);
#4016 = CARTESIAN_POINT('',(16.51,-12.065,1.51));
#4017 = DIRECTION('',(-0.,0.,-1.));
#4018 = DIRECTION('',(6.96610525255E-15,-1.,-0.));
#4019 = FACE_BOUND('',#4020,.T.);
#4020 = EDGE_LOOP('',(#4021));
#4021 = ORIENTED_EDGE('',*,*,#4022,.T.);
#4022 = EDGE_CURVE('',#4023,#4023,#4025,.T.);
#4023 = VERTEX_POINT('',#4024);
#4024 = CARTESIAN_POINT('',(19.05,-12.575,1.51));
#4025 = CIRCLE('',#4026,0.51);
#4026 = AXIS2_PLACEMENT_3D('',#4027,#4028,#4029);
#4027 = CARTESIAN_POINT('',(19.05,-12.065,1.51));
#4028 = DIRECTION('',(-0.,0.,-1.));
#4029 = DIRECTION('',(6.96610525255E-15,-1.,-0.));
#4030 = FACE_BOUND('',#4031,.T.);
#4031 = EDGE_LOOP('',(#4032));
#4032 = ORIENTED_EDGE('',*,*,#4033,.T.);
#4033 = EDGE_CURVE('',#4034,#4034,#4036,.T.);
#4034 = VERTEX_POINT('',#4035);
#4035 = CARTESIAN_POINT('',(38.2929,-19.0607,1.51));
#4036 = CIRCLE('',#4037,0.45);
#4037 = AXIS2_PLACEMENT_3D('',#4038,#4039,#4040);
#4038 = CARTESIAN_POINT('',(38.2929,-18.6107,1.51));
#4039 = DIRECTION('',(-0.,0.,-1.));
#4040 = DIRECTION('',(-0.,-1.,0.));
#4041 = FACE_BOUND('',#4042,.T.);
#4042 = EDGE_LOOP('',(#4043));
#4043 = ORIENTED_EDGE('',*,*,#4044,.T.);
#4044 = EDGE_CURVE('',#4045,#4045,#4047,.T.);
#4045 = VERTEX_POINT('',#4046);
#4046 = CARTESIAN_POINT('',(39.244401,-16.705653,1.51));
#4047 = CIRCLE('',#4048,0.45);
#4048 = AXIS2_PLACEMENT_3D('',#4049,#4050,#4051);
#4049 = CARTESIAN_POINT('',(39.244401,-16.255653,1.51));
#4050 = DIRECTION('',(-0.,0.,-1.));
#4051 = DIRECTION('',(1.578983857245E-14,-1.,-0.));
#4052 = FACE_BOUND('',#4053,.T.);
#4053 = EDGE_LOOP('',(#4054));
#4054 = ORIENTED_EDGE('',*,*,#4055,.T.);
#4055 = EDGE_CURVE('',#4056,#4056,#4058,.T.);
#4056 = VERTEX_POINT('',#4057);
#4057 = CARTESIAN_POINT('',(40.195901,-14.350606,1.51));
#4058 = CIRCLE('',#4059,0.45);
#4059 = AXIS2_PLACEMENT_3D('',#4060,#4061,#4062);
#4060 = CARTESIAN_POINT('',(40.195901,-13.900606,1.51));
#4061 = DIRECTION('',(-0.,0.,-1.));
#4062 = DIRECTION('',(-1.578983857245E-14,-1.,0.));
#4063 = FACE_BOUND('',#4064,.T.);
#4064 = EDGE_LOOP('',(#4065));
#4065 = ORIENTED_EDGE('',*,*,#4066,.T.);
#4066 = EDGE_CURVE('',#4067,#4067,#4069,.T.);
#4067 = VERTEX_POINT('',#4068);
#4068 = CARTESIAN_POINT('',(42.5,-2.99,1.51));
#4069 = CIRCLE('',#4070,0.45);
#4070 = AXIS2_PLACEMENT_3D('',#4071,#4072,#4073);
#4071 = CARTESIAN_POINT('',(42.5,-2.54,1.51));
#4072 = DIRECTION('',(-0.,0.,-1.));
#4073 = DIRECTION('',(-0.,-1.,0.));
#4074 = FACE_BOUND('',#4075,.T.);
#4075 = EDGE_LOOP('',(#4076));
#4076 = ORIENTED_EDGE('',*,*,#4077,.T.);
#4077 = EDGE_CURVE('',#4078,#4078,#4080,.T.);
#4078 = VERTEX_POINT('',#4079);
#4079 = CARTESIAN_POINT('',(-42.475,2.09,1.51));
#4080 = CIRCLE('',#4081,0.45);
#4081 = AXIS2_PLACEMENT_3D('',#4082,#4083,#4084);
#4082 = CARTESIAN_POINT('',(-42.475,2.54,1.51));
#4083 = DIRECTION('',(-0.,0.,-1.));
#4084 = DIRECTION('',(-1.578983857245E-14,-1.,0.));
#4085 = FACE_BOUND('',#4086,.T.);
#4086 = EDGE_LOOP('',(#4087));
#4087 = ORIENTED_EDGE('',*,*,#4088,.T.);
#4088 = EDGE_CURVE('',#4089,#4089,#4091,.T.);
#4089 = VERTEX_POINT('',#4090);
#4090 = CARTESIAN_POINT('',(-40.195901,13.450606,1.51));
#4091 = CIRCLE('',#4092,0.45);
#4092 = AXIS2_PLACEMENT_3D('',#4093,#4094,#4095);
#4093 = CARTESIAN_POINT('',(-40.195901,13.900606,1.51));
#4094 = DIRECTION('',(-0.,0.,-1.));
#4095 = DIRECTION('',(1.578983857245E-14,-1.,-0.));
#4096 = FACE_BOUND('',#4097,.T.);
#4097 = EDGE_LOOP('',(#4098));
#4098 = ORIENTED_EDGE('',*,*,#4099,.T.);
#4099 = EDGE_CURVE('',#4100,#4100,#4102,.T.);
#4100 = VERTEX_POINT('',#4101);
#4101 = CARTESIAN_POINT('',(-39.244401,15.805653,1.51));
#4102 = CIRCLE('',#4103,0.45);
#4103 = AXIS2_PLACEMENT_3D('',#4104,#4105,#4106);
#4104 = CARTESIAN_POINT('',(-39.244401,16.255653,1.51));
#4105 = DIRECTION('',(-0.,0.,-1.));
#4106 = DIRECTION('',(-1.578983857245E-14,-1.,0.));
#4107 = FACE_BOUND('',#4108,.T.);
#4108 = EDGE_LOOP('',(#4109));
#4109 = ORIENTED_EDGE('',*,*,#4110,.T.);
#4110 = EDGE_CURVE('',#4111,#4111,#4113,.T.);
#4111 = VERTEX_POINT('',#4112);
#4112 = CARTESIAN_POINT('',(-38.2929,18.1607,1.51));
#4113 = CIRCLE('',#4114,0.45);
#4114 = AXIS2_PLACEMENT_3D('',#4115,#4116,#4117);
#4115 = CARTESIAN_POINT('',(-38.2929,18.6107,1.51));
#4116 = DIRECTION('',(-0.,0.,-1.));
#4117 = DIRECTION('',(-0.,-1.,0.));
#4118 = FACE_BOUND('',#4119,.T.);
#4119 = EDGE_LOOP('',(#4120,#4131,#4140,#4148,#4157,#4165,#4174,#4183,
    #4192,#4200,#4209,#4218,#4227,#4235,#4244,#4252));
#4120 = ORIENTED_EDGE('',*,*,#4121,.F.);
#4121 = EDGE_CURVE('',#4122,#4124,#4126,.T.);
#4122 = VERTEX_POINT('',#4123);
#4123 = CARTESIAN_POINT('',(24.91994,29.999944,1.51));
#4124 = VERTEX_POINT('',#4125);
#4125 = CARTESIAN_POINT('',(-24.91994,29.999944,1.51));
#4126 = CIRCLE('',#4127,39.000002755913);
#4127 = AXIS2_PLACEMENT_3D('',#4128,#4129,#4130);
#4128 = CARTESIAN_POINT('',(0.,-2.755912611008E-06,1.51));
#4129 = DIRECTION('',(0.,0.,1.));
#4130 = DIRECTION('',(0.63897277536,0.769229349641,-0.));
#4131 = ORIENTED_EDGE('',*,*,#4132,.F.);
#4132 = EDGE_CURVE('',#4133,#4122,#4135,.T.);
#4133 = VERTEX_POINT('',#4134);
#4134 = CARTESIAN_POINT('',(24.983288,28.518821,1.51));
#4135 = CIRCLE('',#4136,0.999989802074);
#4136 = AXIS2_PLACEMENT_3D('',#4137,#4138,#4139);
#4137 = CARTESIAN_POINT('',(24.281000585139,29.230700197042,1.51));
#4138 = DIRECTION('',(0.,-0.,1.));
#4139 = DIRECTION('',(0.702294576809,-0.711886456807,-0.));
#4140 = ORIENTED_EDGE('',*,*,#4141,.F.);
#4141 = EDGE_CURVE('',#4142,#4133,#4144,.T.);
#4142 = VERTEX_POINT('',#4143);
#4143 = CARTESIAN_POINT('',(24.041631,27.577164,1.51));
#4144 = LINE('',#4145,#4146);
#4145 = CARTESIAN_POINT('',(24.041631,27.577164,1.51));
#4146 = VECTOR('',#4147,1.);
#4147 = DIRECTION('',(0.707106781187,0.707106781187,0.));
#4148 = ORIENTED_EDGE('',*,*,#4149,.F.);
#4149 = EDGE_CURVE('',#4150,#4142,#4152,.T.);
#4150 = VERTEX_POINT('',#4151);
#4151 = CARTESIAN_POINT('',(27.577164,24.041631,1.51));
#4152 = CIRCLE('',#4153,2.499999359409);
#4153 = AXIS2_PLACEMENT_3D('',#4154,#4155,#4156);
#4154 = CARTESIAN_POINT('',(25.809397,25.809397,1.51));
#4155 = DIRECTION('',(0.,0.,-1.));
#4156 = DIRECTION('',(0.707106981187,-0.707106581186,0.));
#4157 = ORIENTED_EDGE('',*,*,#4158,.F.);
#4158 = EDGE_CURVE('',#4159,#4150,#4161,.T.);
#4159 = VERTEX_POINT('',#4160);
#4160 = CARTESIAN_POINT('',(28.523617,24.988084,1.51));
#4161 = LINE('',#4162,#4163);
#4162 = CARTESIAN_POINT('',(28.523617,24.988084,1.51));
#4163 = VECTOR('',#4164,1.);
#4164 = DIRECTION('',(-0.707106781187,-0.707106781187,0.));
#4165 = ORIENTED_EDGE('',*,*,#4166,.F.);
#4166 = EDGE_CURVE('',#4167,#4159,#4169,.T.);
#4167 = VERTEX_POINT('',#4168);
#4168 = CARTESIAN_POINT('',(29.999944,24.91994,1.51));
#4169 = CIRCLE('',#4170,1.00000279229);
#4170 = AXIS2_PLACEMENT_3D('',#4171,#4172,#4173);
#4171 = CARTESIAN_POINT('',(29.230714067468,24.280963556394,1.51));
#4172 = DIRECTION('',(0.,0.,1.));
#4173 = DIRECTION('',(0.769227784625,0.638974659404,-0.));
#4174 = ORIENTED_EDGE('',*,*,#4175,.F.);
#4175 = EDGE_CURVE('',#4176,#4167,#4178,.T.);
#4176 = VERTEX_POINT('',#4177);
#4177 = CARTESIAN_POINT('',(38.575982,-5.735294,1.51));
#4178 = CIRCLE('',#4179,38.999996589247);
#4179 = AXIS2_PLACEMENT_3D('',#4180,#4181,#4182);
#4180 = CARTESIAN_POINT('',(3.553340924611E-06,2.055491556296E-06,1.51)
  );
#4181 = DIRECTION('',(0.,0.,1.));
#4182 = DIRECTION('',(0.989127738983,-0.147058886079,0.));
#4183 = ORIENTED_EDGE('',*,*,#4184,.F.);
#4184 = EDGE_CURVE('',#4185,#4176,#4187,.T.);
#4185 = VERTEX_POINT('',#4186);
#4186 = CARTESIAN_POINT('',(33.63034,-10.,1.51));
#4187 = CIRCLE('',#4188,4.999997905302);
#4188 = AXIS2_PLACEMENT_3D('',#4189,#4190,#4191);
#4189 = CARTESIAN_POINT('',(33.63034504739,-5.000002094701,1.51));
#4190 = DIRECTION('',(0.,0.,1.));
#4191 = DIRECTION('',(-1.00947839115E-06,-0.999999999999,0.));
#4192 = ORIENTED_EDGE('',*,*,#4193,.F.);
#4193 = EDGE_CURVE('',#4194,#4185,#4196,.T.);
#4194 = VERTEX_POINT('',#4195);
#4195 = CARTESIAN_POINT('',(-33.6303,-10.,1.51));
#4196 = LINE('',#4197,#4198);
#4197 = CARTESIAN_POINT('',(-33.6303,-10.,1.51));
#4198 = VECTOR('',#4199,1.);
#4199 = DIRECTION('',(1.,0.,0.));
#4200 = ORIENTED_EDGE('',*,*,#4201,.F.);
#4201 = EDGE_CURVE('',#4202,#4194,#4204,.T.);
#4202 = VERTEX_POINT('',#4203);
#4203 = CARTESIAN_POINT('',(-38.575982,-5.735294,1.51));
#4204 = CIRCLE('',#4205,5.000012907156);
#4205 = AXIS2_PLACEMENT_3D('',#4206,#4207,#4208);
#4206 = CARTESIAN_POINT('',(-33.63033211104,-4.999987092947,1.51));
#4207 = DIRECTION('',(0.,0.,1.));
#4208 = DIRECTION('',(-0.989127424428,-0.147061001783,0.));
#4209 = ORIENTED_EDGE('',*,*,#4210,.F.);
#4210 = EDGE_CURVE('',#4211,#4202,#4213,.T.);
#4211 = VERTEX_POINT('',#4212);
#4212 = CARTESIAN_POINT('',(-29.999944,24.91994,1.51));
#4213 = CIRCLE('',#4214,39.000006687167);
#4214 = AXIS2_PLACEMENT_3D('',#4215,#4216,#4217);
#4215 = CARTESIAN_POINT('',(7.098620830703E-06,-9.244768475192E-07,1.51)
  );
#4216 = DIRECTION('',(0.,0.,1.));
#4217 = DIRECTION('',(-0.769229383453,0.638972734655,0.));
#4218 = ORIENTED_EDGE('',*,*,#4219,.F.);
#4219 = EDGE_CURVE('',#4220,#4211,#4222,.T.);
#4220 = VERTEX_POINT('',#4221);
#4221 = CARTESIAN_POINT('',(-28.518927,24.983394,1.51));
#4222 = CIRCLE('',#4223,0.999987842938);
#4223 = AXIS2_PLACEMENT_3D('',#4224,#4225,#4226);
#4224 = CARTESIAN_POINT('',(-29.23070096758,24.281002723652,1.51));
#4225 = DIRECTION('',(0.,0.,1.));
#4226 = DIRECTION('',(0.711782620772,0.702399815466,-0.));
#4227 = ORIENTED_EDGE('',*,*,#4228,.F.);
#4228 = EDGE_CURVE('',#4229,#4220,#4231,.T.);
#4229 = VERTEX_POINT('',#4230);
#4230 = CARTESIAN_POINT('',(-27.577166,24.041633,1.51));
#4231 = LINE('',#4232,#4233);
#4232 = CARTESIAN_POINT('',(-27.577166,24.041633,1.51));
#4233 = VECTOR('',#4234,1.);
#4234 = DIRECTION('',(-0.707106781187,0.707106781187,0.));
#4235 = ORIENTED_EDGE('',*,*,#4236,.F.);
#4236 = EDGE_CURVE('',#4237,#4229,#4239,.T.);
#4237 = VERTEX_POINT('',#4238);
#4238 = CARTESIAN_POINT('',(-24.041634,27.577167,1.51));
#4239 = CIRCLE('',#4240,2.499999359409);
#4240 = AXIS2_PLACEMENT_3D('',#4241,#4242,#4243);
#4241 = CARTESIAN_POINT('',(-25.8094,25.8094,1.51));
#4242 = DIRECTION('',(0.,0.,-1.));
#4243 = DIRECTION('',(0.707106581186,0.707106981187,0.));
#4244 = ORIENTED_EDGE('',*,*,#4245,.F.);
#4245 = EDGE_CURVE('',#4246,#4237,#4248,.T.);
#4246 = VERTEX_POINT('',#4247);
#4247 = CARTESIAN_POINT('',(-24.988084,28.523617,1.51));
#4248 = LINE('',#4249,#4250);
#4249 = CARTESIAN_POINT('',(-24.988084,28.523617,1.51));
#4250 = VECTOR('',#4251,1.);
#4251 = DIRECTION('',(0.707106781187,-0.707106781187,0.));
#4252 = ORIENTED_EDGE('',*,*,#4253,.F.);
#4253 = EDGE_CURVE('',#4124,#4246,#4254,.T.);
#4254 = CIRCLE('',#4255,1.00000279229);
#4255 = AXIS2_PLACEMENT_3D('',#4256,#4257,#4258);
#4256 = CARTESIAN_POINT('',(-24.28096355639,29.230714067468,1.51));
#4257 = DIRECTION('',(0.,0.,1.));
#4258 = DIRECTION('',(-0.638974659404,0.769227784625,0.));
#4259 = FACE_BOUND('',#4260,.T.);
#4260 = EDGE_LOOP('',(#4261));
#4261 = ORIENTED_EDGE('',*,*,#4262,.F.);
#4262 = EDGE_CURVE('',#4263,#4263,#4265,.T.);
#4263 = VERTEX_POINT('',#4264);
#4264 = CARTESIAN_POINT('',(-24.309398,25.809398,1.51));
#4265 = CIRCLE('',#4266,1.5);
#4266 = AXIS2_PLACEMENT_3D('',#4267,#4268,#4269);
#4267 = CARTESIAN_POINT('',(-25.809398,25.809398,1.51));
#4268 = DIRECTION('',(0.,0.,1.));
#4269 = DIRECTION('',(1.,0.,-0.));
#4270 = FACE_BOUND('',#4271,.T.);
#4271 = EDGE_LOOP('',(#4272));
#4272 = ORIENTED_EDGE('',*,*,#4273,.T.);
#4273 = EDGE_CURVE('',#4274,#4274,#4276,.T.);
#4274 = VERTEX_POINT('',#4275);
#4275 = CARTESIAN_POINT('',(-31.830402,27.788298,1.51));
#4276 = CIRCLE('',#4277,0.45);
#4277 = AXIS2_PLACEMENT_3D('',#4278,#4279,#4280);
#4278 = CARTESIAN_POINT('',(-31.830402,28.238298,1.51));
#4279 = DIRECTION('',(-0.,0.,-1.));
#4280 = DIRECTION('',(-0.,-1.,0.));
#4281 = FACE_BOUND('',#4282,.T.);
#4282 = EDGE_LOOP('',(#4283));
#4283 = ORIENTED_EDGE('',*,*,#4284,.T.);
#4284 = EDGE_CURVE('',#4285,#4285,#4287,.T.);
#4285 = VERTEX_POINT('',#4286);
#4286 = CARTESIAN_POINT('',(-30.034351,29.584349,1.51));
#4287 = CIRCLE('',#4288,0.45);
#4288 = AXIS2_PLACEMENT_3D('',#4289,#4290,#4291);
#4289 = CARTESIAN_POINT('',(-30.034351,30.034349,1.51));
#4290 = DIRECTION('',(-0.,0.,-1.));
#4291 = DIRECTION('',(-0.,-1.,0.));
#4292 = FACE_BOUND('',#4293,.T.);
#4293 = EDGE_LOOP('',(#4294));
#4294 = ORIENTED_EDGE('',*,*,#4295,.T.);
#4295 = EDGE_CURVE('',#4296,#4296,#4298,.T.);
#4296 = VERTEX_POINT('',#4297);
#4297 = CARTESIAN_POINT('',(-28.2383,31.3804,1.51));
#4298 = CIRCLE('',#4299,0.45);
#4299 = AXIS2_PLACEMENT_3D('',#4300,#4301,#4302);
#4300 = CARTESIAN_POINT('',(-28.2383,31.8304,1.51));
#4301 = DIRECTION('',(-0.,0.,-1.));
#4302 = DIRECTION('',(7.894919286223E-15,-1.,-0.));
#4303 = FACE_BOUND('',#4304,.T.);
#4304 = EDGE_LOOP('',(#4305));
#4305 = ORIENTED_EDGE('',*,*,#4306,.T.);
#4306 = EDGE_CURVE('',#4307,#4307,#4309,.T.);
#4307 = VERTEX_POINT('',#4308);
#4308 = CARTESIAN_POINT('',(-18.593565,37.801986,1.51));
#4309 = CIRCLE('',#4310,0.45);
#4310 = AXIS2_PLACEMENT_3D('',#4311,#4312,#4313);
#4311 = CARTESIAN_POINT('',(-18.593565,38.251986,1.51));
#4312 = DIRECTION('',(-0.,0.,-1.));
#4313 = DIRECTION('',(-7.894919286223E-15,-1.,0.));
#4314 = FACE_BOUND('',#4315,.T.);
#4315 = EDGE_LOOP('',(#4316));
#4316 = ORIENTED_EDGE('',*,*,#4317,.T.);
#4317 = EDGE_CURVE('',#4318,#4318,#4320,.T.);
#4318 = VERTEX_POINT('',#4319);
#4319 = CARTESIAN_POINT('',(-16.255482,38.794443,1.51));
#4320 = CIRCLE('',#4321,0.45);
#4321 = AXIS2_PLACEMENT_3D('',#4322,#4323,#4324);
#4322 = CARTESIAN_POINT('',(-16.255482,39.244443,1.51));
#4323 = DIRECTION('',(-0.,0.,-1.));
#4324 = DIRECTION('',(-0.,-1.,0.));
#4325 = FACE_BOUND('',#4326,.T.);
#4326 = EDGE_LOOP('',(#4327));
#4327 = ORIENTED_EDGE('',*,*,#4328,.T.);
#4328 = EDGE_CURVE('',#4329,#4329,#4331,.T.);
#4329 = VERTEX_POINT('',#4330);
#4330 = CARTESIAN_POINT('',(-13.9174,39.7869,1.51));
#4331 = CIRCLE('',#4332,0.45);
#4332 = AXIS2_PLACEMENT_3D('',#4333,#4334,#4335);
#4333 = CARTESIAN_POINT('',(-13.9174,40.2369,1.51));
#4334 = DIRECTION('',(-0.,0.,-1.));
#4335 = DIRECTION('',(-0.,-1.,0.));
#4336 = FACE_BOUND('',#4337,.T.);
#4337 = EDGE_LOOP('',(#4338));
#4338 = ORIENTED_EDGE('',*,*,#4339,.T.);
#4339 = EDGE_CURVE('',#4340,#4340,#4342,.T.);
#4340 = VERTEX_POINT('',#4341);
#4341 = CARTESIAN_POINT('',(-2.54,42.05,1.51));
#4342 = CIRCLE('',#4343,0.45);
#4343 = AXIS2_PLACEMENT_3D('',#4344,#4345,#4346);
#4344 = CARTESIAN_POINT('',(-2.54,42.5,1.51));
#4345 = DIRECTION('',(-0.,0.,-1.));
#4346 = DIRECTION('',(-0.,-1.,0.));
#4347 = FACE_BOUND('',#4348,.T.);
#4348 = EDGE_LOOP('',(#4349));
#4349 = ORIENTED_EDGE('',*,*,#4350,.T.);
#4350 = EDGE_CURVE('',#4351,#4351,#4353,.T.);
#4351 = VERTEX_POINT('',#4352);
#4352 = CARTESIAN_POINT('',(-6.008901426488E-32,42.05,1.51));
#4353 = CIRCLE('',#4354,0.45);
#4354 = AXIS2_PLACEMENT_3D('',#4355,#4356,#4357);
#4355 = CARTESIAN_POINT('',(-1.387778780781E-17,42.5,1.51));
#4356 = DIRECTION('',(-0.,0.,-1.));
#4357 = DIRECTION('',(3.083952846181E-17,-1.,-0.));
#4358 = FACE_BOUND('',#4359,.T.);
#4359 = EDGE_LOOP('',(#4360));
#4360 = ORIENTED_EDGE('',*,*,#4361,.T.);
#4361 = EDGE_CURVE('',#4362,#4362,#4364,.T.);
#4362 = VERTEX_POINT('',#4363);
#4363 = CARTESIAN_POINT('',(42.5,-0.45,1.51));
#4364 = CIRCLE('',#4365,0.45);
#4365 = AXIS2_PLACEMENT_3D('',#4366,#4367,#4368);
#4366 = CARTESIAN_POINT('',(42.5,2.900457651833E-15,1.51));
#4367 = DIRECTION('',(-0.,0.,-1.));
#4368 = DIRECTION('',(-0.,-1.,0.));
#4369 = FACE_BOUND('',#4370,.T.);
#4370 = EDGE_LOOP('',(#4371));
#4371 = ORIENTED_EDGE('',*,*,#4372,.T.);
#4372 = EDGE_CURVE('',#4373,#4373,#4375,.T.);
#4373 = VERTEX_POINT('',#4374);
#4374 = CARTESIAN_POINT('',(42.5,2.09,1.51));
#4375 = CIRCLE('',#4376,0.45);
#4376 = AXIS2_PLACEMENT_3D('',#4377,#4378,#4379);
#4377 = CARTESIAN_POINT('',(42.5,2.54,1.51));
#4378 = DIRECTION('',(-0.,0.,-1.));
#4379 = DIRECTION('',(-0.,-1.,0.));
#4380 = FACE_BOUND('',#4381,.T.);
#4381 = EDGE_LOOP('',(#4382));
#4382 = ORIENTED_EDGE('',*,*,#4383,.T.);
#4383 = EDGE_CURVE('',#4384,#4384,#4386,.T.);
#4384 = VERTEX_POINT('',#4385);
#4385 = CARTESIAN_POINT('',(40.2369,13.4674,1.51));
#4386 = CIRCLE('',#4387,0.45);
#4387 = AXIS2_PLACEMENT_3D('',#4388,#4389,#4390);
#4388 = CARTESIAN_POINT('',(40.2369,13.9174,1.51));
#4389 = DIRECTION('',(-0.,0.,-1.));
#4390 = DIRECTION('',(-1.578983857245E-14,-1.,0.));
#4391 = FACE_BOUND('',#4392,.T.);
#4392 = EDGE_LOOP('',(#4393));
#4393 = ORIENTED_EDGE('',*,*,#4394,.T.);
#4394 = EDGE_CURVE('',#4395,#4395,#4397,.T.);
#4395 = VERTEX_POINT('',#4396);
#4396 = CARTESIAN_POINT('',(39.244443,15.805482,1.51));
#4397 = CIRCLE('',#4398,0.45);
#4398 = AXIS2_PLACEMENT_3D('',#4399,#4400,#4401);
#4399 = CARTESIAN_POINT('',(39.244443,16.255482,1.51));
#4400 = DIRECTION('',(-0.,0.,-1.));
#4401 = DIRECTION('',(-1.578983857245E-14,-1.,0.));
#4402 = FACE_BOUND('',#4403,.T.);
#4403 = EDGE_LOOP('',(#4404));
#4404 = ORIENTED_EDGE('',*,*,#4405,.T.);
#4405 = EDGE_CURVE('',#4406,#4406,#4408,.T.);
#4406 = VERTEX_POINT('',#4407);
#4407 = CARTESIAN_POINT('',(38.251986,18.143565,1.51));
#4408 = CIRCLE('',#4409,0.45);
#4409 = AXIS2_PLACEMENT_3D('',#4410,#4411,#4412);
#4410 = CARTESIAN_POINT('',(38.251986,18.593565,1.51));
#4411 = DIRECTION('',(-0.,0.,-1.));
#4412 = DIRECTION('',(-0.,-1.,0.));
#4413 = FACE_BOUND('',#4414,.T.);
#4414 = EDGE_LOOP('',(#4415));
#4415 = ORIENTED_EDGE('',*,*,#4416,.T.);
#4416 = EDGE_CURVE('',#4417,#4417,#4419,.T.);
#4417 = VERTEX_POINT('',#4418);
#4418 = CARTESIAN_POINT('',(2.54,42.05,1.51));
#4419 = CIRCLE('',#4420,0.45);
#4420 = AXIS2_PLACEMENT_3D('',#4421,#4422,#4423);
#4421 = CARTESIAN_POINT('',(2.54,42.5,1.51));
#4422 = DIRECTION('',(-0.,0.,-1.));
#4423 = DIRECTION('',(-0.,-1.,0.));
#4424 = FACE_BOUND('',#4425,.T.);
#4425 = EDGE_LOOP('',(#4426));
#4426 = ORIENTED_EDGE('',*,*,#4427,.T.);
#4427 = EDGE_CURVE('',#4428,#4428,#4430,.T.);
#4428 = VERTEX_POINT('',#4429);
#4429 = CARTESIAN_POINT('',(13.891006,39.722801,1.51));
#4430 = CIRCLE('',#4431,0.45);
#4431 = AXIS2_PLACEMENT_3D('',#4432,#4433,#4434);
#4432 = CARTESIAN_POINT('',(13.891006,40.172801,1.51));
#4433 = DIRECTION('',(-0.,0.,-1.));
#4434 = DIRECTION('',(-0.,-1.,0.));
#4435 = FACE_BOUND('',#4436,.T.);
#4436 = EDGE_LOOP('',(#4437));
#4437 = ORIENTED_EDGE('',*,*,#4438,.T.);
#4438 = EDGE_CURVE('',#4439,#4439,#4441,.T.);
#4439 = VERTEX_POINT('',#4440);
#4440 = CARTESIAN_POINT('',(18.6011,37.8198,1.51));
#4441 = CIRCLE('',#4442,0.45);
#4442 = AXIS2_PLACEMENT_3D('',#4443,#4444,#4445);
#4443 = CARTESIAN_POINT('',(18.6011,38.2698,1.51));
#4444 = DIRECTION('',(-0.,0.,-1.));
#4445 = DIRECTION('',(-7.894919286223E-15,-1.,0.));
#4446 = FACE_BOUND('',#4447,.T.);
#4447 = EDGE_LOOP('',(#4448));
#4448 = ORIENTED_EDGE('',*,*,#4449,.T.);
#4449 = EDGE_CURVE('',#4450,#4450,#4452,.T.);
#4450 = VERTEX_POINT('',#4451);
#4451 = CARTESIAN_POINT('',(16.246053,38.771301,1.51));
#4452 = CIRCLE('',#4453,0.45);
#4453 = AXIS2_PLACEMENT_3D('',#4454,#4455,#4456);
#4454 = CARTESIAN_POINT('',(16.246053,39.221301,1.51));
#4455 = DIRECTION('',(-0.,0.,-1.));
#4456 = DIRECTION('',(-0.,-1.,0.));
#4457 = FACE_BOUND('',#4458,.T.);
#4458 = EDGE_LOOP('',(#4459));
#4459 = ORIENTED_EDGE('',*,*,#4460,.F.);
#4460 = EDGE_CURVE('',#4461,#4461,#4463,.T.);
#4461 = VERTEX_POINT('',#4462);
#4462 = CARTESIAN_POINT('',(27.309398,25.809398,1.51));
#4463 = CIRCLE('',#4464,1.5);
#4464 = AXIS2_PLACEMENT_3D('',#4465,#4466,#4467);
#4465 = CARTESIAN_POINT('',(25.809398,25.809398,1.51));
#4466 = DIRECTION('',(0.,0.,1.));
#4467 = DIRECTION('',(1.,0.,-0.));
#4468 = FACE_BOUND('',#4469,.T.);
#4469 = EDGE_LOOP('',(#4470));
#4470 = ORIENTED_EDGE('',*,*,#4471,.T.);
#4471 = EDGE_CURVE('',#4472,#4472,#4474,.T.);
#4472 = VERTEX_POINT('',#4473);
#4473 = CARTESIAN_POINT('',(31.8481,27.806,1.51));
#4474 = CIRCLE('',#4475,0.45);
#4475 = AXIS2_PLACEMENT_3D('',#4476,#4477,#4478);
#4476 = CARTESIAN_POINT('',(31.8481,28.256,1.51));
#4477 = DIRECTION('',(-0.,0.,-1.));
#4478 = DIRECTION('',(-0.,-1.,0.));
#4479 = FACE_BOUND('',#4480,.T.);
#4480 = EDGE_LOOP('',(#4481));
#4481 = ORIENTED_EDGE('',*,*,#4482,.T.);
#4482 = EDGE_CURVE('',#4483,#4483,#4485,.T.);
#4483 = VERTEX_POINT('',#4484);
#4484 = CARTESIAN_POINT('',(28.255998,31.398102,1.51));
#4485 = CIRCLE('',#4486,0.45);
#4486 = AXIS2_PLACEMENT_3D('',#4487,#4488,#4489);
#4487 = CARTESIAN_POINT('',(28.255998,31.848102,1.51));
#4488 = DIRECTION('',(-0.,0.,-1.));
#4489 = DIRECTION('',(7.894919286223E-15,-1.,-0.));
#4490 = FACE_BOUND('',#4491,.T.);
#4491 = EDGE_LOOP('',(#4492));
#4492 = ORIENTED_EDGE('',*,*,#4493,.T.);
#4493 = EDGE_CURVE('',#4494,#4494,#4496,.T.);
#4494 = VERTEX_POINT('',#4495);
#4495 = CARTESIAN_POINT('',(30.052049,29.602051,1.51));
#4496 = CIRCLE('',#4497,0.45);
#4497 = AXIS2_PLACEMENT_3D('',#4498,#4499,#4500);
#4498 = CARTESIAN_POINT('',(30.052049,30.052051,1.51));
#4499 = DIRECTION('',(-0.,0.,-1.));
#4500 = DIRECTION('',(-0.,-1.,0.));
#4501 = PLANE('',#4502);
#4502 = AXIS2_PLACEMENT_3D('',#4503,#4504,#4505);
#4503 = CARTESIAN_POINT('',(0.,0.,1.51));
#4504 = DIRECTION('',(0.,0.,1.));
#4505 = DIRECTION('',(1.,0.,-0.));
#4506 = ADVANCED_FACE('',(#4507),#4518,.F.);
#4507 = FACE_BOUND('',#4508,.T.);
#4508 = EDGE_LOOP('',(#4509,#4510,#4516,#4517));
#4509 = ORIENTED_EDGE('',*,*,#2365,.T.);
#4510 = ORIENTED_EDGE('',*,*,#4511,.T.);
#4511 = EDGE_CURVE('',#2366,#3440,#4512,.T.);
#4512 = LINE('',#4513,#4514);
#4513 = CARTESIAN_POINT('',(-30.034349,-30.484351,-4.6E-02));
#4514 = VECTOR('',#4515,1.);
#4515 = DIRECTION('',(0.,0.,1.));
#4516 = ORIENTED_EDGE('',*,*,#3439,.F.);
#4517 = ORIENTED_EDGE('',*,*,#4511,.F.);
#4518 = CYLINDRICAL_SURFACE('',#4519,0.45);
#4519 = AXIS2_PLACEMENT_3D('',#4520,#4521,#4522);
#4520 = CARTESIAN_POINT('',(-30.034349,-30.034351,-4.6E-02));
#4521 = DIRECTION('',(-0.,-0.,-1.));
#4522 = DIRECTION('',(-0.,-1.,0.));
#4523 = ADVANCED_FACE('',(#4524),#4535,.F.);
#4524 = FACE_BOUND('',#4525,.T.);
#4525 = EDGE_LOOP('',(#4526,#4527,#4533,#4534));
#4526 = ORIENTED_EDGE('',*,*,#2376,.T.);
#4527 = ORIENTED_EDGE('',*,*,#4528,.T.);
#4528 = EDGE_CURVE('',#2377,#3451,#4529,.T.);
#4529 = LINE('',#4530,#4531);
#4530 = CARTESIAN_POINT('',(-28.238298,-32.280402,-4.6E-02));
#4531 = VECTOR('',#4532,1.);
#4532 = DIRECTION('',(0.,0.,1.));
#4533 = ORIENTED_EDGE('',*,*,#3450,.F.);
#4534 = ORIENTED_EDGE('',*,*,#4528,.F.);
#4535 = CYLINDRICAL_SURFACE('',#4536,0.45);
#4536 = AXIS2_PLACEMENT_3D('',#4537,#4538,#4539);
#4537 = CARTESIAN_POINT('',(-28.238298,-31.830402,-4.6E-02));
#4538 = DIRECTION('',(-0.,-0.,-1.));
#4539 = DIRECTION('',(-0.,-1.,0.));
#4540 = ADVANCED_FACE('',(#4541),#4552,.F.);
#4541 = FACE_BOUND('',#4542,.T.);
#4542 = EDGE_LOOP('',(#4543,#4544,#4550,#4551));
#4543 = ORIENTED_EDGE('',*,*,#2387,.T.);
#4544 = ORIENTED_EDGE('',*,*,#4545,.T.);
#4545 = EDGE_CURVE('',#2388,#3462,#4546,.T.);
#4546 = LINE('',#4547,#4548);
#4547 = CARTESIAN_POINT('',(-31.8304,-28.6883,-4.6E-02));
#4548 = VECTOR('',#4549,1.);
#4549 = DIRECTION('',(0.,0.,1.));
#4550 = ORIENTED_EDGE('',*,*,#3461,.F.);
#4551 = ORIENTED_EDGE('',*,*,#4545,.F.);
#4552 = CYLINDRICAL_SURFACE('',#4553,0.45);
#4553 = AXIS2_PLACEMENT_3D('',#4554,#4555,#4556);
#4554 = CARTESIAN_POINT('',(-31.8304,-28.2383,-4.6E-02));
#4555 = DIRECTION('',(-0.,-0.,-1.));
#4556 = DIRECTION('',(-0.,-1.,0.));
#4557 = ADVANCED_FACE('',(#4558),#4569,.F.);
#4558 = FACE_BOUND('',#4559,.T.);
#4559 = EDGE_LOOP('',(#4560,#4566,#4567,#4568));
#4560 = ORIENTED_EDGE('',*,*,#4561,.T.);
#4561 = EDGE_CURVE('',#2399,#3473,#4562,.T.);
#4562 = LINE('',#4563,#4564);
#4563 = CARTESIAN_POINT('',(-24.309398,-25.809398,0.));
#4564 = VECTOR('',#4565,1.);
#4565 = DIRECTION('',(0.,0.,1.));
#4566 = ORIENTED_EDGE('',*,*,#3472,.T.);
#4567 = ORIENTED_EDGE('',*,*,#4561,.F.);
#4568 = ORIENTED_EDGE('',*,*,#2398,.F.);
#4569 = CYLINDRICAL_SURFACE('',#4570,1.5);
#4570 = AXIS2_PLACEMENT_3D('',#4571,#4572,#4573);
#4571 = CARTESIAN_POINT('',(-25.809398,-25.809398,0.));
#4572 = DIRECTION('',(-0.,-0.,-1.));
#4573 = DIRECTION('',(1.,0.,-0.));
#4574 = ADVANCED_FACE('',(#4575),#4586,.F.);
#4575 = FACE_BOUND('',#4576,.T.);
#4576 = EDGE_LOOP('',(#4577,#4578,#4584,#4585));
#4577 = ORIENTED_EDGE('',*,*,#2409,.T.);
#4578 = ORIENTED_EDGE('',*,*,#4579,.T.);
#4579 = EDGE_CURVE('',#2410,#3484,#4580,.T.);
#4580 = LINE('',#4581,#4582);
#4581 = CARTESIAN_POINT('',(-16.255653,-39.694401,-4.6E-02));
#4582 = VECTOR('',#4583,1.);
#4583 = DIRECTION('',(0.,0.,1.));
#4584 = ORIENTED_EDGE('',*,*,#3483,.F.);
#4585 = ORIENTED_EDGE('',*,*,#4579,.F.);
#4586 = CYLINDRICAL_SURFACE('',#4587,0.45);
#4587 = AXIS2_PLACEMENT_3D('',#4588,#4589,#4590);
#4588 = CARTESIAN_POINT('',(-16.255653,-39.244401,-4.6E-02));
#4589 = DIRECTION('',(-0.,0.,-1.));
#4590 = DIRECTION('',(7.894919286223E-15,-1.,-0.));
#4591 = ADVANCED_FACE('',(#4592),#4603,.F.);
#4592 = FACE_BOUND('',#4593,.T.);
#4593 = EDGE_LOOP('',(#4594,#4595,#4601,#4602));
#4594 = ORIENTED_EDGE('',*,*,#2420,.T.);
#4595 = ORIENTED_EDGE('',*,*,#4596,.T.);
#4596 = EDGE_CURVE('',#2421,#3495,#4597,.T.);
#4597 = LINE('',#4598,#4599);
#4598 = CARTESIAN_POINT('',(-18.6107,-38.7429,-4.6E-02));
#4599 = VECTOR('',#4600,1.);
#4600 = DIRECTION('',(0.,0.,1.));
#4601 = ORIENTED_EDGE('',*,*,#3494,.F.);
#4602 = ORIENTED_EDGE('',*,*,#4596,.F.);
#4603 = CYLINDRICAL_SURFACE('',#4604,0.45);
#4604 = AXIS2_PLACEMENT_3D('',#4605,#4606,#4607);
#4605 = CARTESIAN_POINT('',(-18.6107,-38.2929,-4.6E-02));
#4606 = DIRECTION('',(-0.,-0.,-1.));
#4607 = DIRECTION('',(-0.,-1.,0.));
#4608 = ADVANCED_FACE('',(#4609),#4620,.F.);
#4609 = FACE_BOUND('',#4610,.T.);
#4610 = EDGE_LOOP('',(#4611,#4612,#4618,#4619));
#4611 = ORIENTED_EDGE('',*,*,#2431,.T.);
#4612 = ORIENTED_EDGE('',*,*,#4613,.T.);
#4613 = EDGE_CURVE('',#2432,#3506,#4614,.T.);
#4614 = LINE('',#4615,#4616);
#4615 = CARTESIAN_POINT('',(-13.900606,-40.645901,-4.6E-02));
#4616 = VECTOR('',#4617,1.);
#4617 = DIRECTION('',(0.,0.,1.));
#4618 = ORIENTED_EDGE('',*,*,#3505,.F.);
#4619 = ORIENTED_EDGE('',*,*,#4613,.F.);
#4620 = CYLINDRICAL_SURFACE('',#4621,0.45);
#4621 = AXIS2_PLACEMENT_3D('',#4622,#4623,#4624);
#4622 = CARTESIAN_POINT('',(-13.900606,-40.195901,-4.6E-02));
#4623 = DIRECTION('',(-0.,-0.,-1.));
#4624 = DIRECTION('',(-0.,-1.,0.));
#4625 = ADVANCED_FACE('',(#4626),#4637,.F.);
#4626 = FACE_BOUND('',#4627,.T.);
#4627 = EDGE_LOOP('',(#4628,#4629,#4635,#4636));
#4628 = ORIENTED_EDGE('',*,*,#2442,.T.);
#4629 = ORIENTED_EDGE('',*,*,#4630,.T.);
#4630 = EDGE_CURVE('',#2443,#3517,#4631,.T.);
#4631 = LINE('',#4632,#4633);
#4632 = CARTESIAN_POINT('',(-2.54,-42.95,-4.6E-02));
#4633 = VECTOR('',#4634,1.);
#4634 = DIRECTION('',(0.,0.,1.));
#4635 = ORIENTED_EDGE('',*,*,#3516,.F.);
#4636 = ORIENTED_EDGE('',*,*,#4630,.F.);
#4637 = CYLINDRICAL_SURFACE('',#4638,0.45);
#4638 = AXIS2_PLACEMENT_3D('',#4639,#4640,#4641);
#4639 = CARTESIAN_POINT('',(-2.54,-42.5,-4.6E-02));
#4640 = DIRECTION('',(-0.,-0.,-1.));
#4641 = DIRECTION('',(-0.,-1.,0.));
#4642 = ADVANCED_FACE('',(#4643),#4654,.F.);
#4643 = FACE_BOUND('',#4644,.T.);
#4644 = EDGE_LOOP('',(#4645,#4646,#4652,#4653));
#4645 = ORIENTED_EDGE('',*,*,#2453,.T.);
#4646 = ORIENTED_EDGE('',*,*,#4647,.T.);
#4647 = EDGE_CURVE('',#2454,#3528,#4648,.T.);
#4648 = LINE('',#4649,#4650);
#4649 = CARTESIAN_POINT('',(-6.008901426488E-32,-42.95,-4.6E-02));
#4650 = VECTOR('',#4651,1.);
#4651 = DIRECTION('',(0.,0.,1.));
#4652 = ORIENTED_EDGE('',*,*,#3527,.F.);
#4653 = ORIENTED_EDGE('',*,*,#4647,.F.);
#4654 = CYLINDRICAL_SURFACE('',#4655,0.45);
#4655 = AXIS2_PLACEMENT_3D('',#4656,#4657,#4658);
#4656 = CARTESIAN_POINT('',(-1.387778780781E-17,-42.5,-4.6E-02));
#4657 = DIRECTION('',(-0.,0.,-1.));
#4658 = DIRECTION('',(3.083952846181E-17,-1.,-0.));
#4659 = ADVANCED_FACE('',(#4660),#4671,.F.);
#4660 = FACE_BOUND('',#4661,.T.);
#4661 = EDGE_LOOP('',(#4662,#4663,#4669,#4670));
#4662 = ORIENTED_EDGE('',*,*,#2464,.T.);
#4663 = ORIENTED_EDGE('',*,*,#4664,.T.);
#4664 = EDGE_CURVE('',#2465,#3539,#4665,.T.);
#4665 = LINE('',#4666,#4667);
#4666 = CARTESIAN_POINT('',(-7.79,-35.245,-4.6E-02));
#4667 = VECTOR('',#4668,1.);
#4668 = DIRECTION('',(0.,0.,1.));
#4669 = ORIENTED_EDGE('',*,*,#3538,.F.);
#4670 = ORIENTED_EDGE('',*,*,#4664,.F.);
#4671 = CYLINDRICAL_SURFACE('',#4672,0.625);
#4672 = AXIS2_PLACEMENT_3D('',#4673,#4674,#4675);
#4673 = CARTESIAN_POINT('',(-7.79,-34.62,-4.6E-02));
#4674 = DIRECTION('',(-0.,-0.,-1.));
#4675 = DIRECTION('',(-1.42108547152E-15,-1.,0.));
#4676 = ADVANCED_FACE('',(#4677),#4688,.F.);
#4677 = FACE_BOUND('',#4678,.T.);
#4678 = EDGE_LOOP('',(#4679,#4680,#4686,#4687));
#4679 = ORIENTED_EDGE('',*,*,#2475,.T.);
#4680 = ORIENTED_EDGE('',*,*,#4681,.T.);
#4681 = EDGE_CURVE('',#2476,#3550,#4682,.T.);
#4682 = LINE('',#4683,#4684);
#4683 = CARTESIAN_POINT('',(-6.19,-33.495,-4.6E-02));
#4684 = VECTOR('',#4685,1.);
#4685 = DIRECTION('',(0.,0.,1.));
#4686 = ORIENTED_EDGE('',*,*,#3549,.F.);
#4687 = ORIENTED_EDGE('',*,*,#4681,.F.);
#4688 = CYLINDRICAL_SURFACE('',#4689,0.475);
#4689 = AXIS2_PLACEMENT_3D('',#4690,#4691,#4692);
#4690 = CARTESIAN_POINT('',(-6.19,-33.02,-4.6E-02));
#4691 = DIRECTION('',(-0.,-0.,-1.));
#4692 = DIRECTION('',(-1.869849304632E-15,-1.,0.));
#4693 = ADVANCED_FACE('',(#4694),#4705,.F.);
#4694 = FACE_BOUND('',#4695,.T.);
#4695 = EDGE_LOOP('',(#4696,#4697,#4703,#4704));
#4696 = ORIENTED_EDGE('',*,*,#2486,.T.);
#4697 = ORIENTED_EDGE('',*,*,#4698,.T.);
#4698 = EDGE_CURVE('',#2487,#3561,#4699,.T.);
#4699 = LINE('',#4700,#4701);
#4700 = CARTESIAN_POINT('',(-3.69,-33.495,-4.6E-02));
#4701 = VECTOR('',#4702,1.);
#4702 = DIRECTION('',(0.,0.,1.));
#4703 = ORIENTED_EDGE('',*,*,#3560,.F.);
#4704 = ORIENTED_EDGE('',*,*,#4698,.F.);
#4705 = CYLINDRICAL_SURFACE('',#4706,0.475);
#4706 = AXIS2_PLACEMENT_3D('',#4707,#4708,#4709);
#4707 = CARTESIAN_POINT('',(-3.69,-33.02,-4.6E-02));
#4708 = DIRECTION('',(-0.,-0.,-1.));
#4709 = DIRECTION('',(-0.,-1.,0.));
#4710 = ADVANCED_FACE('',(#4711),#4722,.F.);
#4711 = FACE_BOUND('',#4712,.T.);
#4712 = EDGE_LOOP('',(#4713,#4714,#4720,#4721));
#4713 = ORIENTED_EDGE('',*,*,#2497,.T.);
#4714 = ORIENTED_EDGE('',*,*,#4715,.T.);
#4715 = EDGE_CURVE('',#2498,#3572,#4716,.T.);
#4716 = LINE('',#4717,#4718);
#4717 = CARTESIAN_POINT('',(-1.19,-33.495,-4.6E-02));
#4718 = VECTOR('',#4719,1.);
#4719 = DIRECTION('',(0.,0.,1.));
#4720 = ORIENTED_EDGE('',*,*,#3571,.F.);
#4721 = ORIENTED_EDGE('',*,*,#4715,.F.);
#4722 = CYLINDRICAL_SURFACE('',#4723,0.475);
#4723 = AXIS2_PLACEMENT_3D('',#4724,#4725,#4726);
#4724 = CARTESIAN_POINT('',(-1.19,-33.02,-4.6E-02));
#4725 = DIRECTION('',(-0.,-0.,-1.));
#4726 = DIRECTION('',(-0.,-1.,0.));
#4727 = ADVANCED_FACE('',(#4728),#4739,.F.);
#4728 = FACE_BOUND('',#4729,.T.);
#4729 = EDGE_LOOP('',(#4730,#4731,#4737,#4738));
#4730 = ORIENTED_EDGE('',*,*,#2508,.T.);
#4731 = ORIENTED_EDGE('',*,*,#4732,.T.);
#4732 = EDGE_CURVE('',#2509,#3583,#4733,.T.);
#4733 = LINE('',#4734,#4735);
#4734 = CARTESIAN_POINT('',(-8.89,-27.815,-4.6E-02));
#4735 = VECTOR('',#4736,1.);
#4736 = DIRECTION('',(0.,0.,1.));
#4737 = ORIENTED_EDGE('',*,*,#3582,.F.);
#4738 = ORIENTED_EDGE('',*,*,#4732,.F.);
#4739 = CYLINDRICAL_SURFACE('',#4740,0.51);
#4740 = AXIS2_PLACEMENT_3D('',#4741,#4742,#4743);
#4741 = CARTESIAN_POINT('',(-8.89,-27.305,-4.6E-02));
#4742 = DIRECTION('',(-0.,-0.,-1.));
#4743 = DIRECTION('',(-0.,-1.,0.));
#4744 = ADVANCED_FACE('',(#4745),#4756,.F.);
#4745 = FACE_BOUND('',#4746,.T.);
#4746 = EDGE_LOOP('',(#4747,#4748,#4754,#4755));
#4747 = ORIENTED_EDGE('',*,*,#2519,.T.);
#4748 = ORIENTED_EDGE('',*,*,#4749,.T.);
#4749 = EDGE_CURVE('',#2520,#3594,#4750,.T.);
#4750 = LINE('',#4751,#4752);
#4751 = CARTESIAN_POINT('',(-6.35,-27.815,-4.6E-02));
#4752 = VECTOR('',#4753,1.);
#4753 = DIRECTION('',(0.,0.,1.));
#4754 = ORIENTED_EDGE('',*,*,#3593,.F.);
#4755 = ORIENTED_EDGE('',*,*,#4749,.F.);
#4756 = CYLINDRICAL_SURFACE('',#4757,0.51);
#4757 = AXIS2_PLACEMENT_3D('',#4758,#4759,#4760);
#4758 = CARTESIAN_POINT('',(-6.35,-27.305,-4.6E-02));
#4759 = DIRECTION('',(-0.,-0.,-1.));
#4760 = DIRECTION('',(-0.,-1.,0.));
#4761 = ADVANCED_FACE('',(#4762),#4773,.F.);
#4762 = FACE_BOUND('',#4763,.T.);
#4763 = EDGE_LOOP('',(#4764,#4765,#4771,#4772));
#4764 = ORIENTED_EDGE('',*,*,#2530,.T.);
#4765 = ORIENTED_EDGE('',*,*,#4766,.T.);
#4766 = EDGE_CURVE('',#2531,#3605,#4767,.T.);
#4767 = LINE('',#4768,#4769);
#4768 = CARTESIAN_POINT('',(-3.81,-27.815,-4.6E-02));
#4769 = VECTOR('',#4770,1.);
#4770 = DIRECTION('',(0.,0.,1.));
#4771 = ORIENTED_EDGE('',*,*,#3604,.F.);
#4772 = ORIENTED_EDGE('',*,*,#4766,.F.);
#4773 = CYLINDRICAL_SURFACE('',#4774,0.51);
#4774 = AXIS2_PLACEMENT_3D('',#4775,#4776,#4777);
#4775 = CARTESIAN_POINT('',(-3.81,-27.305,-4.6E-02));
#4776 = DIRECTION('',(-0.,-0.,-1.));
#4777 = DIRECTION('',(-0.,-1.,0.));
#4778 = ADVANCED_FACE('',(#4779),#4790,.F.);
#4779 = FACE_BOUND('',#4780,.T.);
#4780 = EDGE_LOOP('',(#4781,#4782,#4788,#4789));
#4781 = ORIENTED_EDGE('',*,*,#2541,.T.);
#4782 = ORIENTED_EDGE('',*,*,#4783,.T.);
#4783 = EDGE_CURVE('',#2542,#3616,#4784,.T.);
#4784 = LINE('',#4785,#4786);
#4785 = CARTESIAN_POINT('',(-1.27,-27.815,-4.6E-02));
#4786 = VECTOR('',#4787,1.);
#4787 = DIRECTION('',(0.,0.,1.));
#4788 = ORIENTED_EDGE('',*,*,#3615,.F.);
#4789 = ORIENTED_EDGE('',*,*,#4783,.F.);
#4790 = CYLINDRICAL_SURFACE('',#4791,0.51);
#4791 = AXIS2_PLACEMENT_3D('',#4792,#4793,#4794);
#4792 = CARTESIAN_POINT('',(-1.27,-27.305,-4.6E-02));
#4793 = DIRECTION('',(-0.,-0.,-1.));
#4794 = DIRECTION('',(-0.,-1.,0.));
#4795 = ADVANCED_FACE('',(#4796),#4807,.F.);
#4796 = FACE_BOUND('',#4797,.T.);
#4797 = EDGE_LOOP('',(#4798,#4799,#4805,#4806));
#4798 = ORIENTED_EDGE('',*,*,#2552,.T.);
#4799 = ORIENTED_EDGE('',*,*,#4800,.T.);
#4800 = EDGE_CURVE('',#2553,#3627,#4801,.T.);
#4801 = LINE('',#4802,#4803);
#4802 = CARTESIAN_POINT('',(-38.228886,-19.033965,-4.6E-02));
#4803 = VECTOR('',#4804,1.);
#4804 = DIRECTION('',(0.,0.,1.));
#4805 = ORIENTED_EDGE('',*,*,#3626,.F.);
#4806 = ORIENTED_EDGE('',*,*,#4800,.F.);
#4807 = CYLINDRICAL_SURFACE('',#4808,0.45);
#4808 = AXIS2_PLACEMENT_3D('',#4809,#4810,#4811);
#4809 = CARTESIAN_POINT('',(-38.228886,-18.583965,-4.6E-02));
#4810 = DIRECTION('',(-0.,-0.,-1.));
#4811 = DIRECTION('',(-0.,-1.,0.));
#4812 = ADVANCED_FACE('',(#4813),#4824,.F.);
#4813 = FACE_BOUND('',#4814,.T.);
#4814 = EDGE_LOOP('',(#4815,#4816,#4822,#4823));
#4815 = ORIENTED_EDGE('',*,*,#2563,.T.);
#4816 = ORIENTED_EDGE('',*,*,#4817,.T.);
#4817 = EDGE_CURVE('',#2564,#3638,#4818,.T.);
#4818 = LINE('',#4819,#4820);
#4819 = CARTESIAN_POINT('',(-39.221343,-16.695882,-4.6E-02));
#4820 = VECTOR('',#4821,1.);
#4821 = DIRECTION('',(0.,0.,1.));
#4822 = ORIENTED_EDGE('',*,*,#3637,.F.);
#4823 = ORIENTED_EDGE('',*,*,#4817,.F.);
#4824 = CYLINDRICAL_SURFACE('',#4825,0.45);
#4825 = AXIS2_PLACEMENT_3D('',#4826,#4827,#4828);
#4826 = CARTESIAN_POINT('',(-39.221343,-16.245882,-4.6E-02));
#4827 = DIRECTION('',(-0.,0.,-1.));
#4828 = DIRECTION('',(1.578983857245E-14,-1.,-0.));
#4829 = ADVANCED_FACE('',(#4830),#4841,.F.);
#4830 = FACE_BOUND('',#4831,.T.);
#4831 = EDGE_LOOP('',(#4832,#4833,#4839,#4840));
#4832 = ORIENTED_EDGE('',*,*,#2574,.T.);
#4833 = ORIENTED_EDGE('',*,*,#4834,.T.);
#4834 = EDGE_CURVE('',#2575,#3649,#4835,.T.);
#4835 = LINE('',#4836,#4837);
#4836 = CARTESIAN_POINT('',(-40.2138,-14.3578,-4.6E-02));
#4837 = VECTOR('',#4838,1.);
#4838 = DIRECTION('',(0.,0.,1.));
#4839 = ORIENTED_EDGE('',*,*,#3648,.F.);
#4840 = ORIENTED_EDGE('',*,*,#4834,.F.);
#4841 = CYLINDRICAL_SURFACE('',#4842,0.45);
#4842 = AXIS2_PLACEMENT_3D('',#4843,#4844,#4845);
#4843 = CARTESIAN_POINT('',(-40.2138,-13.9078,-4.6E-02));
#4844 = DIRECTION('',(-0.,0.,-1.));
#4845 = DIRECTION('',(1.578983857245E-14,-1.,-0.));
#4846 = ADVANCED_FACE('',(#4847),#4858,.F.);
#4847 = FACE_BOUND('',#4848,.T.);
#4848 = EDGE_LOOP('',(#4849,#4850,#4856,#4857));
#4849 = ORIENTED_EDGE('',*,*,#2585,.T.);
#4850 = ORIENTED_EDGE('',*,*,#4851,.T.);
#4851 = EDGE_CURVE('',#2586,#3660,#4852,.T.);
#4852 = LINE('',#4853,#4854);
#4853 = CARTESIAN_POINT('',(-42.475,-2.99,-4.6E-02));
#4854 = VECTOR('',#4855,1.);
#4855 = DIRECTION('',(0.,0.,1.));
#4856 = ORIENTED_EDGE('',*,*,#3659,.F.);
#4857 = ORIENTED_EDGE('',*,*,#4851,.F.);
#4858 = CYLINDRICAL_SURFACE('',#4859,0.45);
#4859 = AXIS2_PLACEMENT_3D('',#4860,#4861,#4862);
#4860 = CARTESIAN_POINT('',(-42.475,-2.54,-4.6E-02));
#4861 = DIRECTION('',(-0.,-0.,-1.));
#4862 = DIRECTION('',(-1.578983857245E-14,-1.,0.));
#4863 = ADVANCED_FACE('',(#4864),#4875,.F.);
#4864 = FACE_BOUND('',#4865,.T.);
#4865 = EDGE_LOOP('',(#4866,#4867,#4873,#4874));
#4866 = ORIENTED_EDGE('',*,*,#2596,.T.);
#4867 = ORIENTED_EDGE('',*,*,#4868,.T.);
#4868 = EDGE_CURVE('',#2597,#3671,#4869,.T.);
#4869 = LINE('',#4870,#4871);
#4870 = CARTESIAN_POINT('',(-42.475,-0.45,-4.6E-02));
#4871 = VECTOR('',#4872,1.);
#4872 = DIRECTION('',(0.,0.,1.));
#4873 = ORIENTED_EDGE('',*,*,#3670,.F.);
#4874 = ORIENTED_EDGE('',*,*,#4868,.F.);
#4875 = CYLINDRICAL_SURFACE('',#4876,0.45);
#4876 = AXIS2_PLACEMENT_3D('',#4877,#4878,#4879);
#4877 = CARTESIAN_POINT('',(-42.475,-4.163336342344E-15,-4.6E-02));
#4878 = DIRECTION('',(-0.,-0.,-1.));
#4879 = DIRECTION('',(-1.578983857245E-14,-1.,0.));
#4880 = ADVANCED_FACE('',(#4881),#4892,.F.);
#4881 = FACE_BOUND('',#4882,.T.);
#4882 = EDGE_LOOP('',(#4883,#4884,#4890,#4891));
#4883 = ORIENTED_EDGE('',*,*,#2607,.T.);
#4884 = ORIENTED_EDGE('',*,*,#4885,.T.);
#4885 = EDGE_CURVE('',#2608,#3682,#4886,.T.);
#4886 = LINE('',#4887,#4888);
#4887 = CARTESIAN_POINT('',(-19.05,-12.575,-4.6E-02));
#4888 = VECTOR('',#4889,1.);
#4889 = DIRECTION('',(0.,0.,1.));
#4890 = ORIENTED_EDGE('',*,*,#3681,.F.);
#4891 = ORIENTED_EDGE('',*,*,#4885,.F.);
#4892 = CYLINDRICAL_SURFACE('',#4893,0.51);
#4893 = AXIS2_PLACEMENT_3D('',#4894,#4895,#4896);
#4894 = CARTESIAN_POINT('',(-19.05,-12.065,-4.6E-02));
#4895 = DIRECTION('',(-0.,-0.,-1.));
#4896 = DIRECTION('',(-6.96610525255E-15,-1.,0.));
#4897 = ADVANCED_FACE('',(#4898),#4909,.F.);
#4898 = FACE_BOUND('',#4899,.T.);
#4899 = EDGE_LOOP('',(#4900,#4901,#4907,#4908));
#4900 = ORIENTED_EDGE('',*,*,#2618,.T.);
#4901 = ORIENTED_EDGE('',*,*,#4902,.T.);
#4902 = EDGE_CURVE('',#2619,#3693,#4903,.T.);
#4903 = LINE('',#4904,#4905);
#4904 = CARTESIAN_POINT('',(-16.51,-12.575,-4.6E-02));
#4905 = VECTOR('',#4906,1.);
#4906 = DIRECTION('',(0.,0.,1.));
#4907 = ORIENTED_EDGE('',*,*,#3692,.F.);
#4908 = ORIENTED_EDGE('',*,*,#4902,.F.);
#4909 = CYLINDRICAL_SURFACE('',#4910,0.51);
#4910 = AXIS2_PLACEMENT_3D('',#4911,#4912,#4913);
#4911 = CARTESIAN_POINT('',(-16.51,-12.065,-4.6E-02));
#4912 = DIRECTION('',(-0.,-0.,-1.));
#4913 = DIRECTION('',(-6.96610525255E-15,-1.,0.));
#4914 = ADVANCED_FACE('',(#4915),#4926,.F.);
#4915 = FACE_BOUND('',#4916,.T.);
#4916 = EDGE_LOOP('',(#4917,#4918,#4924,#4925));
#4917 = ORIENTED_EDGE('',*,*,#2629,.T.);
#4918 = ORIENTED_EDGE('',*,*,#4919,.T.);
#4919 = EDGE_CURVE('',#2630,#3704,#4920,.T.);
#4920 = LINE('',#4921,#4922);
#4921 = CARTESIAN_POINT('',(-13.97,-12.575,-4.6E-02));
#4922 = VECTOR('',#4923,1.);
#4923 = DIRECTION('',(0.,0.,1.));
#4924 = ORIENTED_EDGE('',*,*,#3703,.F.);
#4925 = ORIENTED_EDGE('',*,*,#4919,.F.);
#4926 = CYLINDRICAL_SURFACE('',#4927,0.51);
#4927 = AXIS2_PLACEMENT_3D('',#4928,#4929,#4930);
#4928 = CARTESIAN_POINT('',(-13.97,-12.065,-4.6E-02));
#4929 = DIRECTION('',(-0.,-0.,-1.));
#4930 = DIRECTION('',(-0.,-1.,0.));
#4931 = ADVANCED_FACE('',(#4932),#4943,.F.);
#4932 = FACE_BOUND('',#4933,.T.);
#4933 = EDGE_LOOP('',(#4934,#4935,#4941,#4942));
#4934 = ORIENTED_EDGE('',*,*,#2640,.T.);
#4935 = ORIENTED_EDGE('',*,*,#4936,.T.);
#4936 = EDGE_CURVE('',#2641,#3715,#4937,.T.);
#4937 = LINE('',#4938,#4939);
#4938 = CARTESIAN_POINT('',(-11.43,-12.575,-4.6E-02));
#4939 = VECTOR('',#4940,1.);
#4940 = DIRECTION('',(0.,0.,1.));
#4941 = ORIENTED_EDGE('',*,*,#3714,.F.);
#4942 = ORIENTED_EDGE('',*,*,#4936,.F.);
#4943 = CYLINDRICAL_SURFACE('',#4944,0.51);
#4944 = AXIS2_PLACEMENT_3D('',#4945,#4946,#4947);
#4945 = CARTESIAN_POINT('',(-11.43,-12.065,-4.6E-02));
#4946 = DIRECTION('',(-0.,-0.,-1.));
#4947 = DIRECTION('',(-0.,-1.,0.));
#4948 = ADVANCED_FACE('',(#4949),#4960,.F.);
#4949 = FACE_BOUND('',#4950,.T.);
#4950 = EDGE_LOOP('',(#4951,#4952,#4958,#4959));
#4951 = ORIENTED_EDGE('',*,*,#2651,.T.);
#4952 = ORIENTED_EDGE('',*,*,#4953,.T.);
#4953 = EDGE_CURVE('',#2652,#3726,#4954,.T.);
#4954 = LINE('',#4955,#4956);
#4955 = CARTESIAN_POINT('',(-8.89,-12.575,-4.6E-02));
#4956 = VECTOR('',#4957,1.);
#4957 = DIRECTION('',(0.,0.,1.));
#4958 = ORIENTED_EDGE('',*,*,#3725,.F.);
#4959 = ORIENTED_EDGE('',*,*,#4953,.F.);
#4960 = CYLINDRICAL_SURFACE('',#4961,0.51);
#4961 = AXIS2_PLACEMENT_3D('',#4962,#4963,#4964);
#4962 = CARTESIAN_POINT('',(-8.89,-12.065,-4.6E-02));
#4963 = DIRECTION('',(-0.,-0.,-1.));
#4964 = DIRECTION('',(-0.,-1.,0.));
#4965 = ADVANCED_FACE('',(#4966),#4977,.F.);
#4966 = FACE_BOUND('',#4967,.T.);
#4967 = EDGE_LOOP('',(#4968,#4969,#4975,#4976));
#4968 = ORIENTED_EDGE('',*,*,#2662,.T.);
#4969 = ORIENTED_EDGE('',*,*,#4970,.T.);
#4970 = EDGE_CURVE('',#2663,#3737,#4971,.T.);
#4971 = LINE('',#4972,#4973);
#4972 = CARTESIAN_POINT('',(-6.35,-12.575,-4.6E-02));
#4973 = VECTOR('',#4974,1.);
#4974 = DIRECTION('',(0.,0.,1.));
#4975 = ORIENTED_EDGE('',*,*,#3736,.F.);
#4976 = ORIENTED_EDGE('',*,*,#4970,.F.);
#4977 = CYLINDRICAL_SURFACE('',#4978,0.51);
#4978 = AXIS2_PLACEMENT_3D('',#4979,#4980,#4981);
#4979 = CARTESIAN_POINT('',(-6.35,-12.065,-4.6E-02));
#4980 = DIRECTION('',(-0.,-0.,-1.));
#4981 = DIRECTION('',(-0.,-1.,0.));
#4982 = ADVANCED_FACE('',(#4983),#4994,.F.);
#4983 = FACE_BOUND('',#4984,.T.);
#4984 = EDGE_LOOP('',(#4985,#4986,#4992,#4993));
#4985 = ORIENTED_EDGE('',*,*,#2673,.T.);
#4986 = ORIENTED_EDGE('',*,*,#4987,.T.);
#4987 = EDGE_CURVE('',#2674,#3748,#4988,.T.);
#4988 = LINE('',#4989,#4990);
#4989 = CARTESIAN_POINT('',(-3.81,-12.575,-4.6E-02));
#4990 = VECTOR('',#4991,1.);
#4991 = DIRECTION('',(0.,0.,1.));
#4992 = ORIENTED_EDGE('',*,*,#3747,.F.);
#4993 = ORIENTED_EDGE('',*,*,#4987,.F.);
#4994 = CYLINDRICAL_SURFACE('',#4995,0.51);
#4995 = AXIS2_PLACEMENT_3D('',#4996,#4997,#4998);
#4996 = CARTESIAN_POINT('',(-3.81,-12.065,-4.6E-02));
#4997 = DIRECTION('',(-0.,-0.,-1.));
#4998 = DIRECTION('',(-0.,-1.,0.));
#4999 = ADVANCED_FACE('',(#5000),#5011,.F.);
#5000 = FACE_BOUND('',#5001,.T.);
#5001 = EDGE_LOOP('',(#5002,#5003,#5009,#5010));
#5002 = ORIENTED_EDGE('',*,*,#2684,.T.);
#5003 = ORIENTED_EDGE('',*,*,#5004,.T.);
#5004 = EDGE_CURVE('',#2685,#3759,#5005,.T.);
#5005 = LINE('',#5006,#5007);
#5006 = CARTESIAN_POINT('',(-1.27,-12.575,-4.6E-02));
#5007 = VECTOR('',#5008,1.);
#5008 = DIRECTION('',(0.,0.,1.));
#5009 = ORIENTED_EDGE('',*,*,#3758,.F.);
#5010 = ORIENTED_EDGE('',*,*,#5004,.F.);
#5011 = CYLINDRICAL_SURFACE('',#5012,0.51);
#5012 = AXIS2_PLACEMENT_3D('',#5013,#5014,#5015);
#5013 = CARTESIAN_POINT('',(-1.27,-12.065,-4.6E-02));
#5014 = DIRECTION('',(-0.,-0.,-1.));
#5015 = DIRECTION('',(-0.,-1.,0.));
#5016 = ADVANCED_FACE('',(#5017),#5028,.F.);
#5017 = FACE_BOUND('',#5018,.T.);
#5018 = EDGE_LOOP('',(#5019,#5020,#5026,#5027));
#5019 = ORIENTED_EDGE('',*,*,#2695,.T.);
#5020 = ORIENTED_EDGE('',*,*,#5021,.T.);
#5021 = EDGE_CURVE('',#2696,#3770,#5022,.T.);
#5022 = LINE('',#5023,#5024);
#5023 = CARTESIAN_POINT('',(2.54,-42.95,-4.6E-02));
#5024 = VECTOR('',#5025,1.);
#5025 = DIRECTION('',(0.,0.,1.));
#5026 = ORIENTED_EDGE('',*,*,#3769,.F.);
#5027 = ORIENTED_EDGE('',*,*,#5021,.F.);
#5028 = CYLINDRICAL_SURFACE('',#5029,0.45);
#5029 = AXIS2_PLACEMENT_3D('',#5030,#5031,#5032);
#5030 = CARTESIAN_POINT('',(2.54,-42.5,-4.6E-02));
#5031 = DIRECTION('',(-0.,-0.,-1.));
#5032 = DIRECTION('',(-0.,-1.,0.));
#5033 = ADVANCED_FACE('',(#5034),#5045,.F.);
#5034 = FACE_BOUND('',#5035,.T.);
#5035 = EDGE_LOOP('',(#5036,#5037,#5043,#5044));
#5036 = ORIENTED_EDGE('',*,*,#2706,.T.);
#5037 = ORIENTED_EDGE('',*,*,#5038,.T.);
#5038 = EDGE_CURVE('',#2707,#3781,#5039,.T.);
#5039 = LINE('',#5040,#5041);
#5040 = CARTESIAN_POINT('',(1.31,-33.495,-4.6E-02));
#5041 = VECTOR('',#5042,1.);
#5042 = DIRECTION('',(0.,0.,1.));
#5043 = ORIENTED_EDGE('',*,*,#3780,.F.);
#5044 = ORIENTED_EDGE('',*,*,#5038,.F.);
#5045 = CYLINDRICAL_SURFACE('',#5046,0.475);
#5046 = AXIS2_PLACEMENT_3D('',#5047,#5048,#5049);
#5047 = CARTESIAN_POINT('',(1.31,-33.02,-4.6E-02));
#5048 = DIRECTION('',(-0.,-0.,-1.));
#5049 = DIRECTION('',(-0.,-1.,0.));
#5050 = ADVANCED_FACE('',(#5051),#5062,.F.);
#5051 = FACE_BOUND('',#5052,.T.);
#5052 = EDGE_LOOP('',(#5053,#5054,#5060,#5061));
#5053 = ORIENTED_EDGE('',*,*,#2717,.T.);
#5054 = ORIENTED_EDGE('',*,*,#5055,.T.);
#5055 = EDGE_CURVE('',#2718,#3792,#5056,.T.);
#5056 = LINE('',#5057,#5058);
#5057 = CARTESIAN_POINT('',(3.81,-33.495,-4.6E-02));
#5058 = VECTOR('',#5059,1.);
#5059 = DIRECTION('',(0.,0.,1.));
#5060 = ORIENTED_EDGE('',*,*,#3791,.F.);
#5061 = ORIENTED_EDGE('',*,*,#5055,.F.);
#5062 = CYLINDRICAL_SURFACE('',#5063,0.475);
#5063 = AXIS2_PLACEMENT_3D('',#5064,#5065,#5066);
#5064 = CARTESIAN_POINT('',(3.81,-33.02,-4.6E-02));
#5065 = DIRECTION('',(-0.,-0.,-1.));
#5066 = DIRECTION('',(-0.,-1.,0.));
#5067 = ADVANCED_FACE('',(#5068),#5079,.F.);
#5068 = FACE_BOUND('',#5069,.T.);
#5069 = EDGE_LOOP('',(#5070,#5071,#5077,#5078));
#5070 = ORIENTED_EDGE('',*,*,#2728,.T.);
#5071 = ORIENTED_EDGE('',*,*,#5072,.T.);
#5072 = EDGE_CURVE('',#2729,#3803,#5073,.T.);
#5073 = LINE('',#5074,#5075);
#5074 = CARTESIAN_POINT('',(6.31,-33.495,-4.6E-02));
#5075 = VECTOR('',#5076,1.);
#5076 = DIRECTION('',(0.,0.,1.));
#5077 = ORIENTED_EDGE('',*,*,#3802,.F.);
#5078 = ORIENTED_EDGE('',*,*,#5072,.F.);
#5079 = CYLINDRICAL_SURFACE('',#5080,0.475);
#5080 = AXIS2_PLACEMENT_3D('',#5081,#5082,#5083);
#5081 = CARTESIAN_POINT('',(6.31,-33.02,-4.6E-02));
#5082 = DIRECTION('',(-0.,-0.,-1.));
#5083 = DIRECTION('',(-1.869849304632E-15,-1.,0.));
#5084 = ADVANCED_FACE('',(#5085),#5096,.F.);
#5085 = FACE_BOUND('',#5086,.T.);
#5086 = EDGE_LOOP('',(#5087,#5088,#5094,#5095));
#5087 = ORIENTED_EDGE('',*,*,#2739,.T.);
#5088 = ORIENTED_EDGE('',*,*,#5089,.T.);
#5089 = EDGE_CURVE('',#2740,#3814,#5090,.T.);
#5090 = LINE('',#5091,#5092);
#5091 = CARTESIAN_POINT('',(8.81,-33.495,-4.6E-02));
#5092 = VECTOR('',#5093,1.);
#5093 = DIRECTION('',(0.,0.,1.));
#5094 = ORIENTED_EDGE('',*,*,#3813,.F.);
#5095 = ORIENTED_EDGE('',*,*,#5089,.F.);
#5096 = CYLINDRICAL_SURFACE('',#5097,0.475);
#5097 = AXIS2_PLACEMENT_3D('',#5098,#5099,#5100);
#5098 = CARTESIAN_POINT('',(8.81,-33.02,-4.6E-02));
#5099 = DIRECTION('',(-0.,-0.,-1.));
#5100 = DIRECTION('',(-0.,-1.,0.));
#5101 = ADVANCED_FACE('',(#5102),#5113,.F.);
#5102 = FACE_BOUND('',#5103,.T.);
#5103 = EDGE_LOOP('',(#5104,#5105,#5111,#5112));
#5104 = ORIENTED_EDGE('',*,*,#2750,.T.);
#5105 = ORIENTED_EDGE('',*,*,#5106,.T.);
#5106 = EDGE_CURVE('',#2751,#3825,#5107,.T.);
#5107 = LINE('',#5108,#5109);
#5108 = CARTESIAN_POINT('',(13.9078,-40.6638,-4.6E-02));
#5109 = VECTOR('',#5110,1.);
#5110 = DIRECTION('',(0.,0.,1.));
#5111 = ORIENTED_EDGE('',*,*,#3824,.F.);
#5112 = ORIENTED_EDGE('',*,*,#5106,.F.);
#5113 = CYLINDRICAL_SURFACE('',#5114,0.45);
#5114 = AXIS2_PLACEMENT_3D('',#5115,#5116,#5117);
#5115 = CARTESIAN_POINT('',(13.9078,-40.2138,-4.6E-02));
#5116 = DIRECTION('',(-0.,-0.,-1.));
#5117 = DIRECTION('',(-0.,-1.,0.));
#5118 = ADVANCED_FACE('',(#5119),#5130,.F.);
#5119 = FACE_BOUND('',#5120,.T.);
#5120 = EDGE_LOOP('',(#5121,#5122,#5128,#5129));
#5121 = ORIENTED_EDGE('',*,*,#2761,.T.);
#5122 = ORIENTED_EDGE('',*,*,#5123,.T.);
#5123 = EDGE_CURVE('',#2762,#3836,#5124,.T.);
#5124 = LINE('',#5125,#5126);
#5125 = CARTESIAN_POINT('',(16.245882,-39.671343,-4.6E-02));
#5126 = VECTOR('',#5127,1.);
#5127 = DIRECTION('',(0.,0.,1.));
#5128 = ORIENTED_EDGE('',*,*,#3835,.F.);
#5129 = ORIENTED_EDGE('',*,*,#5123,.F.);
#5130 = CYLINDRICAL_SURFACE('',#5131,0.45);
#5131 = AXIS2_PLACEMENT_3D('',#5132,#5133,#5134);
#5132 = CARTESIAN_POINT('',(16.245882,-39.221343,-4.6E-02));
#5133 = DIRECTION('',(-0.,-0.,-1.));
#5134 = DIRECTION('',(-0.,-1.,0.));
#5135 = ADVANCED_FACE('',(#5136),#5147,.F.);
#5136 = FACE_BOUND('',#5137,.T.);
#5137 = EDGE_LOOP('',(#5138,#5139,#5145,#5146));
#5138 = ORIENTED_EDGE('',*,*,#2772,.T.);
#5139 = ORIENTED_EDGE('',*,*,#5140,.T.);
#5140 = EDGE_CURVE('',#2773,#3847,#5141,.T.);
#5141 = LINE('',#5142,#5143);
#5142 = CARTESIAN_POINT('',(18.583965,-38.678886,-4.6E-02));
#5143 = VECTOR('',#5144,1.);
#5144 = DIRECTION('',(0.,0.,1.));
#5145 = ORIENTED_EDGE('',*,*,#3846,.F.);
#5146 = ORIENTED_EDGE('',*,*,#5140,.F.);
#5147 = CYLINDRICAL_SURFACE('',#5148,0.45);
#5148 = AXIS2_PLACEMENT_3D('',#5149,#5150,#5151);
#5149 = CARTESIAN_POINT('',(18.583965,-38.228886,-4.6E-02));
#5150 = DIRECTION('',(-0.,-0.,-1.));
#5151 = DIRECTION('',(-0.,-1.,0.));
#5152 = ADVANCED_FACE('',(#5153),#5164,.F.);
#5153 = FACE_BOUND('',#5154,.T.);
#5154 = EDGE_LOOP('',(#5155,#5156,#5162,#5163));
#5155 = ORIENTED_EDGE('',*,*,#2783,.T.);
#5156 = ORIENTED_EDGE('',*,*,#5157,.T.);
#5157 = EDGE_CURVE('',#2784,#3858,#5158,.T.);
#5158 = LINE('',#5159,#5160);
#5159 = CARTESIAN_POINT('',(1.27,-27.815,-4.6E-02));
#5160 = VECTOR('',#5161,1.);
#5161 = DIRECTION('',(0.,0.,1.));
#5162 = ORIENTED_EDGE('',*,*,#3857,.F.);
#5163 = ORIENTED_EDGE('',*,*,#5157,.F.);
#5164 = CYLINDRICAL_SURFACE('',#5165,0.51);
#5165 = AXIS2_PLACEMENT_3D('',#5166,#5167,#5168);
#5166 = CARTESIAN_POINT('',(1.27,-27.305,-4.6E-02));
#5167 = DIRECTION('',(-0.,-0.,-1.));
#5168 = DIRECTION('',(-0.,-1.,0.));
#5169 = ADVANCED_FACE('',(#5170),#5181,.F.);
#5170 = FACE_BOUND('',#5171,.T.);
#5171 = EDGE_LOOP('',(#5172,#5173,#5179,#5180));
#5172 = ORIENTED_EDGE('',*,*,#2794,.T.);
#5173 = ORIENTED_EDGE('',*,*,#5174,.T.);
#5174 = EDGE_CURVE('',#2795,#3869,#5175,.T.);
#5175 = LINE('',#5176,#5177);
#5176 = CARTESIAN_POINT('',(3.81,-27.815,-4.6E-02));
#5177 = VECTOR('',#5178,1.);
#5178 = DIRECTION('',(0.,0.,1.));
#5179 = ORIENTED_EDGE('',*,*,#3868,.F.);
#5180 = ORIENTED_EDGE('',*,*,#5174,.F.);
#5181 = CYLINDRICAL_SURFACE('',#5182,0.51);
#5182 = AXIS2_PLACEMENT_3D('',#5183,#5184,#5185);
#5183 = CARTESIAN_POINT('',(3.81,-27.305,-4.6E-02));
#5184 = DIRECTION('',(-0.,-0.,-1.));
#5185 = DIRECTION('',(-0.,-1.,0.));
#5186 = ADVANCED_FACE('',(#5187),#5198,.F.);
#5187 = FACE_BOUND('',#5188,.T.);
#5188 = EDGE_LOOP('',(#5189,#5190,#5196,#5197));
#5189 = ORIENTED_EDGE('',*,*,#2805,.T.);
#5190 = ORIENTED_EDGE('',*,*,#5191,.T.);
#5191 = EDGE_CURVE('',#2806,#3880,#5192,.T.);
#5192 = LINE('',#5193,#5194);
#5193 = CARTESIAN_POINT('',(6.35,-27.815,-4.6E-02));
#5194 = VECTOR('',#5195,1.);
#5195 = DIRECTION('',(0.,0.,1.));
#5196 = ORIENTED_EDGE('',*,*,#3879,.F.);
#5197 = ORIENTED_EDGE('',*,*,#5191,.F.);
#5198 = CYLINDRICAL_SURFACE('',#5199,0.51);
#5199 = AXIS2_PLACEMENT_3D('',#5200,#5201,#5202);
#5200 = CARTESIAN_POINT('',(6.35,-27.305,-4.6E-02));
#5201 = DIRECTION('',(-0.,-0.,-1.));
#5202 = DIRECTION('',(-0.,-1.,0.));
#5203 = ADVANCED_FACE('',(#5204),#5215,.F.);
#5204 = FACE_BOUND('',#5205,.T.);
#5205 = EDGE_LOOP('',(#5206,#5207,#5213,#5214));
#5206 = ORIENTED_EDGE('',*,*,#2816,.T.);
#5207 = ORIENTED_EDGE('',*,*,#5208,.T.);
#5208 = EDGE_CURVE('',#2817,#3891,#5209,.T.);
#5209 = LINE('',#5210,#5211);
#5210 = CARTESIAN_POINT('',(8.89,-27.815,-4.6E-02));
#5211 = VECTOR('',#5212,1.);
#5212 = DIRECTION('',(0.,0.,1.));
#5213 = ORIENTED_EDGE('',*,*,#3890,.F.);
#5214 = ORIENTED_EDGE('',*,*,#5208,.F.);
#5215 = CYLINDRICAL_SURFACE('',#5216,0.51);
#5216 = AXIS2_PLACEMENT_3D('',#5217,#5218,#5219);
#5217 = CARTESIAN_POINT('',(8.89,-27.305,-4.6E-02));
#5218 = DIRECTION('',(-0.,-0.,-1.));
#5219 = DIRECTION('',(-0.,-1.,0.));
#5220 = ADVANCED_FACE('',(#5221),#5232,.F.);
#5221 = FACE_BOUND('',#5222,.T.);
#5222 = EDGE_LOOP('',(#5223,#5224,#5230,#5231));
#5223 = ORIENTED_EDGE('',*,*,#2827,.T.);
#5224 = ORIENTED_EDGE('',*,*,#5225,.T.);
#5225 = EDGE_CURVE('',#2828,#3902,#5226,.T.);
#5226 = LINE('',#5227,#5228);
#5227 = CARTESIAN_POINT('',(28.256,-32.2981,-4.6E-02));
#5228 = VECTOR('',#5229,1.);
#5229 = DIRECTION('',(0.,0.,1.));
#5230 = ORIENTED_EDGE('',*,*,#3901,.F.);
#5231 = ORIENTED_EDGE('',*,*,#5225,.F.);
#5232 = CYLINDRICAL_SURFACE('',#5233,0.45);
#5233 = AXIS2_PLACEMENT_3D('',#5234,#5235,#5236);
#5234 = CARTESIAN_POINT('',(28.256,-31.8481,-4.6E-02));
#5235 = DIRECTION('',(-0.,-0.,-1.));
#5236 = DIRECTION('',(-0.,-1.,0.));
#5237 = ADVANCED_FACE('',(#5238),#5249,.F.);
#5238 = FACE_BOUND('',#5239,.T.);
#5239 = EDGE_LOOP('',(#5240,#5241,#5247,#5248));
#5240 = ORIENTED_EDGE('',*,*,#2838,.T.);
#5241 = ORIENTED_EDGE('',*,*,#5242,.T.);
#5242 = EDGE_CURVE('',#2839,#3913,#5243,.T.);
#5243 = LINE('',#5244,#5245);
#5244 = CARTESIAN_POINT('',(30.052051,-30.502049,-4.6E-02));
#5245 = VECTOR('',#5246,1.);
#5246 = DIRECTION('',(0.,0.,1.));
#5247 = ORIENTED_EDGE('',*,*,#3912,.F.);
#5248 = ORIENTED_EDGE('',*,*,#5242,.F.);
#5249 = CYLINDRICAL_SURFACE('',#5250,0.45);
#5250 = AXIS2_PLACEMENT_3D('',#5251,#5252,#5253);
#5251 = CARTESIAN_POINT('',(30.052051,-30.052049,-4.6E-02));
#5252 = DIRECTION('',(-0.,-0.,-1.));
#5253 = DIRECTION('',(-0.,-1.,0.));
#5254 = ADVANCED_FACE('',(#5255),#5266,.F.);
#5255 = FACE_BOUND('',#5256,.T.);
#5256 = EDGE_LOOP('',(#5257,#5258,#5264,#5265));
#5257 = ORIENTED_EDGE('',*,*,#2849,.T.);
#5258 = ORIENTED_EDGE('',*,*,#5259,.T.);
#5259 = EDGE_CURVE('',#2850,#3924,#5260,.T.);
#5260 = LINE('',#5261,#5262);
#5261 = CARTESIAN_POINT('',(31.848102,-28.705998,-4.6E-02));
#5262 = VECTOR('',#5263,1.);
#5263 = DIRECTION('',(0.,0.,1.));
#5264 = ORIENTED_EDGE('',*,*,#3923,.F.);
#5265 = ORIENTED_EDGE('',*,*,#5259,.F.);
#5266 = CYLINDRICAL_SURFACE('',#5267,0.45);
#5267 = AXIS2_PLACEMENT_3D('',#5268,#5269,#5270);
#5268 = CARTESIAN_POINT('',(31.848102,-28.255998,-4.6E-02));
#5269 = DIRECTION('',(-0.,-0.,-1.));
#5270 = DIRECTION('',(-0.,-1.,0.));
#5271 = ADVANCED_FACE('',(#5272),#5283,.F.);
#5272 = FACE_BOUND('',#5273,.T.);
#5273 = EDGE_LOOP('',(#5274,#5280,#5281,#5282));
#5274 = ORIENTED_EDGE('',*,*,#5275,.T.);
#5275 = EDGE_CURVE('',#2861,#3935,#5276,.T.);
#5276 = LINE('',#5277,#5278);
#5277 = CARTESIAN_POINT('',(27.309398,-25.809398,0.));
#5278 = VECTOR('',#5279,1.);
#5279 = DIRECTION('',(0.,0.,1.));
#5280 = ORIENTED_EDGE('',*,*,#3934,.T.);
#5281 = ORIENTED_EDGE('',*,*,#5275,.F.);
#5282 = ORIENTED_EDGE('',*,*,#2860,.F.);
#5283 = CYLINDRICAL_SURFACE('',#5284,1.5);
#5284 = AXIS2_PLACEMENT_3D('',#5285,#5286,#5287);
#5285 = CARTESIAN_POINT('',(25.809398,-25.809398,0.));
#5286 = DIRECTION('',(-0.,-0.,-1.));
#5287 = DIRECTION('',(1.,0.,-0.));
#5288 = ADVANCED_FACE('',(#5289),#5300,.F.);
#5289 = FACE_BOUND('',#5290,.T.);
#5290 = EDGE_LOOP('',(#5291,#5292,#5298,#5299));
#5291 = ORIENTED_EDGE('',*,*,#2871,.T.);
#5292 = ORIENTED_EDGE('',*,*,#5293,.T.);
#5293 = EDGE_CURVE('',#2872,#3946,#5294,.T.);
#5294 = LINE('',#5295,#5296);
#5295 = CARTESIAN_POINT('',(1.27,-12.575,-4.6E-02));
#5296 = VECTOR('',#5297,1.);
#5297 = DIRECTION('',(0.,0.,1.));
#5298 = ORIENTED_EDGE('',*,*,#3945,.F.);
#5299 = ORIENTED_EDGE('',*,*,#5293,.F.);
#5300 = CYLINDRICAL_SURFACE('',#5301,0.51);
#5301 = AXIS2_PLACEMENT_3D('',#5302,#5303,#5304);
#5302 = CARTESIAN_POINT('',(1.27,-12.065,-4.6E-02));
#5303 = DIRECTION('',(-0.,-0.,-1.));
#5304 = DIRECTION('',(-0.,-1.,0.));
#5305 = ADVANCED_FACE('',(#5306),#5317,.F.);
#5306 = FACE_BOUND('',#5307,.T.);
#5307 = EDGE_LOOP('',(#5308,#5309,#5315,#5316));
#5308 = ORIENTED_EDGE('',*,*,#2882,.T.);
#5309 = ORIENTED_EDGE('',*,*,#5310,.T.);
#5310 = EDGE_CURVE('',#2883,#3957,#5311,.T.);
#5311 = LINE('',#5312,#5313);
#5312 = CARTESIAN_POINT('',(3.81,-12.575,-4.6E-02));
#5313 = VECTOR('',#5314,1.);
#5314 = DIRECTION('',(0.,0.,1.));
#5315 = ORIENTED_EDGE('',*,*,#3956,.F.);
#5316 = ORIENTED_EDGE('',*,*,#5310,.F.);
#5317 = CYLINDRICAL_SURFACE('',#5318,0.51);
#5318 = AXIS2_PLACEMENT_3D('',#5319,#5320,#5321);
#5319 = CARTESIAN_POINT('',(3.81,-12.065,-4.6E-02));
#5320 = DIRECTION('',(-0.,-0.,-1.));
#5321 = DIRECTION('',(-0.,-1.,0.));
#5322 = ADVANCED_FACE('',(#5323),#5334,.F.);
#5323 = FACE_BOUND('',#5324,.T.);
#5324 = EDGE_LOOP('',(#5325,#5326,#5332,#5333));
#5325 = ORIENTED_EDGE('',*,*,#2893,.T.);
#5326 = ORIENTED_EDGE('',*,*,#5327,.T.);
#5327 = EDGE_CURVE('',#2894,#3968,#5328,.T.);
#5328 = LINE('',#5329,#5330);
#5329 = CARTESIAN_POINT('',(6.35,-12.575,-4.6E-02));
#5330 = VECTOR('',#5331,1.);
#5331 = DIRECTION('',(0.,0.,1.));
#5332 = ORIENTED_EDGE('',*,*,#3967,.F.);
#5333 = ORIENTED_EDGE('',*,*,#5327,.F.);
#5334 = CYLINDRICAL_SURFACE('',#5335,0.51);
#5335 = AXIS2_PLACEMENT_3D('',#5336,#5337,#5338);
#5336 = CARTESIAN_POINT('',(6.35,-12.065,-4.6E-02));
#5337 = DIRECTION('',(-0.,-0.,-1.));
#5338 = DIRECTION('',(-0.,-1.,0.));
#5339 = ADVANCED_FACE('',(#5340),#5351,.F.);
#5340 = FACE_BOUND('',#5341,.T.);
#5341 = EDGE_LOOP('',(#5342,#5343,#5349,#5350));
#5342 = ORIENTED_EDGE('',*,*,#2904,.T.);
#5343 = ORIENTED_EDGE('',*,*,#5344,.T.);
#5344 = EDGE_CURVE('',#2905,#3979,#5345,.T.);
#5345 = LINE('',#5346,#5347);
#5346 = CARTESIAN_POINT('',(8.89,-12.575,-4.6E-02));
#5347 = VECTOR('',#5348,1.);
#5348 = DIRECTION('',(0.,0.,1.));
#5349 = ORIENTED_EDGE('',*,*,#3978,.F.);
#5350 = ORIENTED_EDGE('',*,*,#5344,.F.);
#5351 = CYLINDRICAL_SURFACE('',#5352,0.51);
#5352 = AXIS2_PLACEMENT_3D('',#5353,#5354,#5355);
#5353 = CARTESIAN_POINT('',(8.89,-12.065,-4.6E-02));
#5354 = DIRECTION('',(-0.,-0.,-1.));
#5355 = DIRECTION('',(-0.,-1.,0.));
#5356 = ADVANCED_FACE('',(#5357),#5368,.F.);
#5357 = FACE_BOUND('',#5358,.T.);
#5358 = EDGE_LOOP('',(#5359,#5360,#5366,#5367));
#5359 = ORIENTED_EDGE('',*,*,#2915,.T.);
#5360 = ORIENTED_EDGE('',*,*,#5361,.T.);
#5361 = EDGE_CURVE('',#2916,#3990,#5362,.T.);
#5362 = LINE('',#5363,#5364);
#5363 = CARTESIAN_POINT('',(11.43,-12.575,-4.6E-02));
#5364 = VECTOR('',#5365,1.);
#5365 = DIRECTION('',(0.,0.,1.));
#5366 = ORIENTED_EDGE('',*,*,#3989,.F.);
#5367 = ORIENTED_EDGE('',*,*,#5361,.F.);
#5368 = CYLINDRICAL_SURFACE('',#5369,0.51);
#5369 = AXIS2_PLACEMENT_3D('',#5370,#5371,#5372);
#5370 = CARTESIAN_POINT('',(11.43,-12.065,-4.6E-02));
#5371 = DIRECTION('',(-0.,-0.,-1.));
#5372 = DIRECTION('',(-0.,-1.,0.));
#5373 = ADVANCED_FACE('',(#5374),#5385,.F.);
#5374 = FACE_BOUND('',#5375,.T.);
#5375 = EDGE_LOOP('',(#5376,#5377,#5383,#5384));
#5376 = ORIENTED_EDGE('',*,*,#2926,.T.);
#5377 = ORIENTED_EDGE('',*,*,#5378,.T.);
#5378 = EDGE_CURVE('',#2927,#4001,#5379,.T.);
#5379 = LINE('',#5380,#5381);
#5380 = CARTESIAN_POINT('',(13.97,-12.575,-4.6E-02));
#5381 = VECTOR('',#5382,1.);
#5382 = DIRECTION('',(0.,0.,1.));
#5383 = ORIENTED_EDGE('',*,*,#4000,.F.);
#5384 = ORIENTED_EDGE('',*,*,#5378,.F.);
#5385 = CYLINDRICAL_SURFACE('',#5386,0.51);
#5386 = AXIS2_PLACEMENT_3D('',#5387,#5388,#5389);
#5387 = CARTESIAN_POINT('',(13.97,-12.065,-4.6E-02));
#5388 = DIRECTION('',(-0.,-0.,-1.));
#5389 = DIRECTION('',(-0.,-1.,0.));
#5390 = ADVANCED_FACE('',(#5391),#5402,.F.);
#5391 = FACE_BOUND('',#5392,.T.);
#5392 = EDGE_LOOP('',(#5393,#5394,#5400,#5401));
#5393 = ORIENTED_EDGE('',*,*,#2937,.T.);
#5394 = ORIENTED_EDGE('',*,*,#5395,.T.);
#5395 = EDGE_CURVE('',#2938,#4012,#5396,.T.);
#5396 = LINE('',#5397,#5398);
#5397 = CARTESIAN_POINT('',(16.51,-12.575,-4.6E-02));
#5398 = VECTOR('',#5399,1.);
#5399 = DIRECTION('',(0.,0.,1.));
#5400 = ORIENTED_EDGE('',*,*,#4011,.F.);
#5401 = ORIENTED_EDGE('',*,*,#5395,.F.);
#5402 = CYLINDRICAL_SURFACE('',#5403,0.51);
#5403 = AXIS2_PLACEMENT_3D('',#5404,#5405,#5406);
#5404 = CARTESIAN_POINT('',(16.51,-12.065,-4.6E-02));
#5405 = DIRECTION('',(-0.,0.,-1.));
#5406 = DIRECTION('',(6.96610525255E-15,-1.,-0.));
#5407 = ADVANCED_FACE('',(#5408),#5419,.F.);
#5408 = FACE_BOUND('',#5409,.T.);
#5409 = EDGE_LOOP('',(#5410,#5411,#5417,#5418));
#5410 = ORIENTED_EDGE('',*,*,#2948,.T.);
#5411 = ORIENTED_EDGE('',*,*,#5412,.T.);
#5412 = EDGE_CURVE('',#2949,#4023,#5413,.T.);
#5413 = LINE('',#5414,#5415);
#5414 = CARTESIAN_POINT('',(19.05,-12.575,-4.6E-02));
#5415 = VECTOR('',#5416,1.);
#5416 = DIRECTION('',(0.,0.,1.));
#5417 = ORIENTED_EDGE('',*,*,#4022,.F.);
#5418 = ORIENTED_EDGE('',*,*,#5412,.F.);
#5419 = CYLINDRICAL_SURFACE('',#5420,0.51);
#5420 = AXIS2_PLACEMENT_3D('',#5421,#5422,#5423);
#5421 = CARTESIAN_POINT('',(19.05,-12.065,-4.6E-02));
#5422 = DIRECTION('',(-0.,0.,-1.));
#5423 = DIRECTION('',(6.96610525255E-15,-1.,-0.));
#5424 = ADVANCED_FACE('',(#5425),#5436,.F.);
#5425 = FACE_BOUND('',#5426,.T.);
#5426 = EDGE_LOOP('',(#5427,#5428,#5434,#5435));
#5427 = ORIENTED_EDGE('',*,*,#2959,.T.);
#5428 = ORIENTED_EDGE('',*,*,#5429,.T.);
#5429 = EDGE_CURVE('',#2960,#4034,#5430,.T.);
#5430 = LINE('',#5431,#5432);
#5431 = CARTESIAN_POINT('',(38.2929,-19.0607,-4.6E-02));
#5432 = VECTOR('',#5433,1.);
#5433 = DIRECTION('',(0.,0.,1.));
#5434 = ORIENTED_EDGE('',*,*,#4033,.F.);
#5435 = ORIENTED_EDGE('',*,*,#5429,.F.);
#5436 = CYLINDRICAL_SURFACE('',#5437,0.45);
#5437 = AXIS2_PLACEMENT_3D('',#5438,#5439,#5440);
#5438 = CARTESIAN_POINT('',(38.2929,-18.6107,-4.6E-02));
#5439 = DIRECTION('',(-0.,-0.,-1.));
#5440 = DIRECTION('',(-0.,-1.,0.));
#5441 = ADVANCED_FACE('',(#5442),#5453,.F.);
#5442 = FACE_BOUND('',#5443,.T.);
#5443 = EDGE_LOOP('',(#5444,#5445,#5451,#5452));
#5444 = ORIENTED_EDGE('',*,*,#2970,.T.);
#5445 = ORIENTED_EDGE('',*,*,#5446,.T.);
#5446 = EDGE_CURVE('',#2971,#4045,#5447,.T.);
#5447 = LINE('',#5448,#5449);
#5448 = CARTESIAN_POINT('',(39.244401,-16.705653,-4.6E-02));
#5449 = VECTOR('',#5450,1.);
#5450 = DIRECTION('',(0.,0.,1.));
#5451 = ORIENTED_EDGE('',*,*,#4044,.F.);
#5452 = ORIENTED_EDGE('',*,*,#5446,.F.);
#5453 = CYLINDRICAL_SURFACE('',#5454,0.45);
#5454 = AXIS2_PLACEMENT_3D('',#5455,#5456,#5457);
#5455 = CARTESIAN_POINT('',(39.244401,-16.255653,-4.6E-02));
#5456 = DIRECTION('',(-0.,0.,-1.));
#5457 = DIRECTION('',(1.578983857245E-14,-1.,-0.));
#5458 = ADVANCED_FACE('',(#5459),#5470,.F.);
#5459 = FACE_BOUND('',#5460,.T.);
#5460 = EDGE_LOOP('',(#5461,#5462,#5468,#5469));
#5461 = ORIENTED_EDGE('',*,*,#2981,.T.);
#5462 = ORIENTED_EDGE('',*,*,#5463,.T.);
#5463 = EDGE_CURVE('',#2982,#4056,#5464,.T.);
#5464 = LINE('',#5465,#5466);
#5465 = CARTESIAN_POINT('',(40.195901,-14.350606,-4.6E-02));
#5466 = VECTOR('',#5467,1.);
#5467 = DIRECTION('',(0.,0.,1.));
#5468 = ORIENTED_EDGE('',*,*,#4055,.F.);
#5469 = ORIENTED_EDGE('',*,*,#5463,.F.);
#5470 = CYLINDRICAL_SURFACE('',#5471,0.45);
#5471 = AXIS2_PLACEMENT_3D('',#5472,#5473,#5474);
#5472 = CARTESIAN_POINT('',(40.195901,-13.900606,-4.6E-02));
#5473 = DIRECTION('',(-0.,-0.,-1.));
#5474 = DIRECTION('',(-1.578983857245E-14,-1.,0.));
#5475 = ADVANCED_FACE('',(#5476),#5487,.F.);
#5476 = FACE_BOUND('',#5477,.T.);
#5477 = EDGE_LOOP('',(#5478,#5479,#5485,#5486));
#5478 = ORIENTED_EDGE('',*,*,#2992,.T.);
#5479 = ORIENTED_EDGE('',*,*,#5480,.T.);
#5480 = EDGE_CURVE('',#2993,#4067,#5481,.T.);
#5481 = LINE('',#5482,#5483);
#5482 = CARTESIAN_POINT('',(42.5,-2.99,-4.6E-02));
#5483 = VECTOR('',#5484,1.);
#5484 = DIRECTION('',(0.,0.,1.));
#5485 = ORIENTED_EDGE('',*,*,#4066,.F.);
#5486 = ORIENTED_EDGE('',*,*,#5480,.F.);
#5487 = CYLINDRICAL_SURFACE('',#5488,0.45);
#5488 = AXIS2_PLACEMENT_3D('',#5489,#5490,#5491);
#5489 = CARTESIAN_POINT('',(42.5,-2.54,-4.6E-02));
#5490 = DIRECTION('',(-0.,-0.,-1.));
#5491 = DIRECTION('',(-0.,-1.,0.));
#5492 = ADVANCED_FACE('',(#5493),#5504,.F.);
#5493 = FACE_BOUND('',#5494,.T.);
#5494 = EDGE_LOOP('',(#5495,#5496,#5502,#5503));
#5495 = ORIENTED_EDGE('',*,*,#3003,.T.);
#5496 = ORIENTED_EDGE('',*,*,#5497,.T.);
#5497 = EDGE_CURVE('',#3004,#4078,#5498,.T.);
#5498 = LINE('',#5499,#5500);
#5499 = CARTESIAN_POINT('',(-42.475,2.09,-4.6E-02));
#5500 = VECTOR('',#5501,1.);
#5501 = DIRECTION('',(0.,0.,1.));
#5502 = ORIENTED_EDGE('',*,*,#4077,.F.);
#5503 = ORIENTED_EDGE('',*,*,#5497,.F.);
#5504 = CYLINDRICAL_SURFACE('',#5505,0.45);
#5505 = AXIS2_PLACEMENT_3D('',#5506,#5507,#5508);
#5506 = CARTESIAN_POINT('',(-42.475,2.54,-4.6E-02));
#5507 = DIRECTION('',(-0.,-0.,-1.));
#5508 = DIRECTION('',(-1.578983857245E-14,-1.,0.));
#5509 = ADVANCED_FACE('',(#5510),#5521,.F.);
#5510 = FACE_BOUND('',#5511,.T.);
#5511 = EDGE_LOOP('',(#5512,#5513,#5519,#5520));
#5512 = ORIENTED_EDGE('',*,*,#3014,.T.);
#5513 = ORIENTED_EDGE('',*,*,#5514,.T.);
#5514 = EDGE_CURVE('',#3015,#4089,#5515,.T.);
#5515 = LINE('',#5516,#5517);
#5516 = CARTESIAN_POINT('',(-40.195901,13.450606,-4.6E-02));
#5517 = VECTOR('',#5518,1.);
#5518 = DIRECTION('',(0.,0.,1.));
#5519 = ORIENTED_EDGE('',*,*,#4088,.F.);
#5520 = ORIENTED_EDGE('',*,*,#5514,.F.);
#5521 = CYLINDRICAL_SURFACE('',#5522,0.45);
#5522 = AXIS2_PLACEMENT_3D('',#5523,#5524,#5525);
#5523 = CARTESIAN_POINT('',(-40.195901,13.900606,-4.6E-02));
#5524 = DIRECTION('',(-0.,0.,-1.));
#5525 = DIRECTION('',(1.578983857245E-14,-1.,-0.));
#5526 = ADVANCED_FACE('',(#5527),#5538,.F.);
#5527 = FACE_BOUND('',#5528,.T.);
#5528 = EDGE_LOOP('',(#5529,#5530,#5536,#5537));
#5529 = ORIENTED_EDGE('',*,*,#3025,.T.);
#5530 = ORIENTED_EDGE('',*,*,#5531,.T.);
#5531 = EDGE_CURVE('',#3026,#4100,#5532,.T.);
#5532 = LINE('',#5533,#5534);
#5533 = CARTESIAN_POINT('',(-39.244401,15.805653,-4.6E-02));
#5534 = VECTOR('',#5535,1.);
#5535 = DIRECTION('',(0.,0.,1.));
#5536 = ORIENTED_EDGE('',*,*,#4099,.F.);
#5537 = ORIENTED_EDGE('',*,*,#5531,.F.);
#5538 = CYLINDRICAL_SURFACE('',#5539,0.45);
#5539 = AXIS2_PLACEMENT_3D('',#5540,#5541,#5542);
#5540 = CARTESIAN_POINT('',(-39.244401,16.255653,-4.6E-02));
#5541 = DIRECTION('',(-0.,-0.,-1.));
#5542 = DIRECTION('',(-1.578983857245E-14,-1.,0.));
#5543 = ADVANCED_FACE('',(#5544),#5555,.F.);
#5544 = FACE_BOUND('',#5545,.T.);
#5545 = EDGE_LOOP('',(#5546,#5547,#5553,#5554));
#5546 = ORIENTED_EDGE('',*,*,#3036,.T.);
#5547 = ORIENTED_EDGE('',*,*,#5548,.T.);
#5548 = EDGE_CURVE('',#3037,#4111,#5549,.T.);
#5549 = LINE('',#5550,#5551);
#5550 = CARTESIAN_POINT('',(-38.2929,18.1607,-4.6E-02));
#5551 = VECTOR('',#5552,1.);
#5552 = DIRECTION('',(0.,0.,1.));
#5553 = ORIENTED_EDGE('',*,*,#4110,.F.);
#5554 = ORIENTED_EDGE('',*,*,#5548,.F.);
#5555 = CYLINDRICAL_SURFACE('',#5556,0.45);
#5556 = AXIS2_PLACEMENT_3D('',#5557,#5558,#5559);
#5557 = CARTESIAN_POINT('',(-38.2929,18.6107,-4.6E-02));
#5558 = DIRECTION('',(-0.,-0.,-1.));
#5559 = DIRECTION('',(-0.,-1.,0.));
#5560 = ADVANCED_FACE('',(#5561),#5577,.F.);
#5561 = FACE_BOUND('',#5562,.T.);
#5562 = EDGE_LOOP('',(#5563,#5569,#5570,#5576));
#5563 = ORIENTED_EDGE('',*,*,#5564,.T.);
#5564 = EDGE_CURVE('',#3048,#4122,#5565,.T.);
#5565 = LINE('',#5566,#5567);
#5566 = CARTESIAN_POINT('',(24.91994,29.999944,0.));
#5567 = VECTOR('',#5568,1.);
#5568 = DIRECTION('',(0.,0.,1.));
#5569 = ORIENTED_EDGE('',*,*,#4121,.T.);
#5570 = ORIENTED_EDGE('',*,*,#5571,.F.);
#5571 = EDGE_CURVE('',#3050,#4124,#5572,.T.);
#5572 = LINE('',#5573,#5574);
#5573 = CARTESIAN_POINT('',(-24.91994,29.999944,0.));
#5574 = VECTOR('',#5575,1.);
#5575 = DIRECTION('',(0.,0.,1.));
#5576 = ORIENTED_EDGE('',*,*,#3047,.F.);
#5577 = CYLINDRICAL_SURFACE('',#5578,39.000002755913);
#5578 = AXIS2_PLACEMENT_3D('',#5579,#5580,#5581);
#5579 = CARTESIAN_POINT('',(0.,-2.755912611008E-06,0.));
#5580 = DIRECTION('',(-0.,-0.,-1.));
#5581 = DIRECTION('',(0.63897277536,0.769229349641,-0.));
#5582 = ADVANCED_FACE('',(#5583),#5594,.F.);
#5583 = FACE_BOUND('',#5584,.T.);
#5584 = EDGE_LOOP('',(#5585,#5591,#5592,#5593));
#5585 = ORIENTED_EDGE('',*,*,#5586,.T.);
#5586 = EDGE_CURVE('',#3059,#4133,#5587,.T.);
#5587 = LINE('',#5588,#5589);
#5588 = CARTESIAN_POINT('',(24.983288,28.518821,0.));
#5589 = VECTOR('',#5590,1.);
#5590 = DIRECTION('',(0.,0.,1.));
#5591 = ORIENTED_EDGE('',*,*,#4132,.T.);
#5592 = ORIENTED_EDGE('',*,*,#5564,.F.);
#5593 = ORIENTED_EDGE('',*,*,#3058,.F.);
#5594 = CYLINDRICAL_SURFACE('',#5595,0.999989802074);
#5595 = AXIS2_PLACEMENT_3D('',#5596,#5597,#5598);
#5596 = CARTESIAN_POINT('',(24.281000585139,29.230700197042,0.));
#5597 = DIRECTION('',(-0.,0.,-1.));
#5598 = DIRECTION('',(0.702294576809,-0.711886456807,-0.));
#5599 = ADVANCED_FACE('',(#5600),#5611,.F.);
#5600 = FACE_BOUND('',#5601,.T.);
#5601 = EDGE_LOOP('',(#5602,#5603,#5604,#5610));
#5602 = ORIENTED_EDGE('',*,*,#5571,.T.);
#5603 = ORIENTED_EDGE('',*,*,#4253,.T.);
#5604 = ORIENTED_EDGE('',*,*,#5605,.F.);
#5605 = EDGE_CURVE('',#3172,#4246,#5606,.T.);
#5606 = LINE('',#5607,#5608);
#5607 = CARTESIAN_POINT('',(-24.988084,28.523617,0.));
#5608 = VECTOR('',#5609,1.);
#5609 = DIRECTION('',(0.,0.,1.));
#5610 = ORIENTED_EDGE('',*,*,#3179,.F.);
#5611 = CYLINDRICAL_SURFACE('',#5612,1.00000279229);
#5612 = AXIS2_PLACEMENT_3D('',#5613,#5614,#5615);
#5613 = CARTESIAN_POINT('',(-24.28096355639,29.230714067468,0.));
#5614 = DIRECTION('',(-0.,-0.,-1.));
#5615 = DIRECTION('',(-0.638974659404,0.769227784625,0.));
#5616 = ADVANCED_FACE('',(#5617),#5628,.T.);
#5617 = FACE_BOUND('',#5618,.T.);
#5618 = EDGE_LOOP('',(#5619,#5625,#5626,#5627));
#5619 = ORIENTED_EDGE('',*,*,#5620,.T.);
#5620 = EDGE_CURVE('',#3068,#4142,#5621,.T.);
#5621 = LINE('',#5622,#5623);
#5622 = CARTESIAN_POINT('',(24.041631,27.577164,0.));
#5623 = VECTOR('',#5624,1.);
#5624 = DIRECTION('',(0.,0.,1.));
#5625 = ORIENTED_EDGE('',*,*,#4141,.T.);
#5626 = ORIENTED_EDGE('',*,*,#5586,.F.);
#5627 = ORIENTED_EDGE('',*,*,#3067,.F.);
#5628 = PLANE('',#5629);
#5629 = AXIS2_PLACEMENT_3D('',#5630,#5631,#5632);
#5630 = CARTESIAN_POINT('',(24.041631,27.577164,0.));
#5631 = DIRECTION('',(-0.707106781187,0.707106781187,0.));
#5632 = DIRECTION('',(0.707106781187,0.707106781187,0.));
#5633 = ADVANCED_FACE('',(#5634),#5645,.T.);
#5634 = FACE_BOUND('',#5635,.T.);
#5635 = EDGE_LOOP('',(#5636,#5637,#5638,#5644));
#5636 = ORIENTED_EDGE('',*,*,#5605,.T.);
#5637 = ORIENTED_EDGE('',*,*,#4245,.T.);
#5638 = ORIENTED_EDGE('',*,*,#5639,.F.);
#5639 = EDGE_CURVE('',#3163,#4237,#5640,.T.);
#5640 = LINE('',#5641,#5642);
#5641 = CARTESIAN_POINT('',(-24.041634,27.577167,0.));
#5642 = VECTOR('',#5643,1.);
#5643 = DIRECTION('',(0.,0.,1.));
#5644 = ORIENTED_EDGE('',*,*,#3171,.F.);
#5645 = PLANE('',#5646);
#5646 = AXIS2_PLACEMENT_3D('',#5647,#5648,#5649);
#5647 = CARTESIAN_POINT('',(-24.988084,28.523617,0.));
#5648 = DIRECTION('',(0.707106781187,0.707106781187,-0.));
#5649 = DIRECTION('',(0.707106781187,-0.707106781187,0.));
#5650 = ADVANCED_FACE('',(#5651),#5662,.T.);
#5651 = FACE_BOUND('',#5652,.T.);
#5652 = EDGE_LOOP('',(#5653,#5659,#5660,#5661));
#5653 = ORIENTED_EDGE('',*,*,#5654,.T.);
#5654 = EDGE_CURVE('',#3076,#4150,#5655,.T.);
#5655 = LINE('',#5656,#5657);
#5656 = CARTESIAN_POINT('',(27.577164,24.041631,0.));
#5657 = VECTOR('',#5658,1.);
#5658 = DIRECTION('',(0.,0.,1.));
#5659 = ORIENTED_EDGE('',*,*,#4149,.T.);
#5660 = ORIENTED_EDGE('',*,*,#5620,.F.);
#5661 = ORIENTED_EDGE('',*,*,#3075,.F.);
#5662 = CYLINDRICAL_SURFACE('',#5663,2.499999359409);
#5663 = AXIS2_PLACEMENT_3D('',#5664,#5665,#5666);
#5664 = CARTESIAN_POINT('',(25.809397,25.809397,0.));
#5665 = DIRECTION('',(0.,0.,-1.));
#5666 = DIRECTION('',(0.707106981187,-0.707106581186,0.));
#5667 = ADVANCED_FACE('',(#5668),#5679,.T.);
#5668 = FACE_BOUND('',#5669,.T.);
#5669 = EDGE_LOOP('',(#5670,#5671,#5672,#5678));
#5670 = ORIENTED_EDGE('',*,*,#5639,.T.);
#5671 = ORIENTED_EDGE('',*,*,#4236,.T.);
#5672 = ORIENTED_EDGE('',*,*,#5673,.F.);
#5673 = EDGE_CURVE('',#3155,#4229,#5674,.T.);
#5674 = LINE('',#5675,#5676);
#5675 = CARTESIAN_POINT('',(-27.577166,24.041633,0.));
#5676 = VECTOR('',#5677,1.);
#5677 = DIRECTION('',(0.,0.,1.));
#5678 = ORIENTED_EDGE('',*,*,#3162,.F.);
#5679 = CYLINDRICAL_SURFACE('',#5680,2.499999359409);
#5680 = AXIS2_PLACEMENT_3D('',#5681,#5682,#5683);
#5681 = CARTESIAN_POINT('',(-25.8094,25.8094,0.));
#5682 = DIRECTION('',(0.,0.,-1.));
#5683 = DIRECTION('',(0.707106581186,0.707106981187,0.));
#5684 = ADVANCED_FACE('',(#5685),#5696,.T.);
#5685 = FACE_BOUND('',#5686,.T.);
#5686 = EDGE_LOOP('',(#5687,#5693,#5694,#5695));
#5687 = ORIENTED_EDGE('',*,*,#5688,.T.);
#5688 = EDGE_CURVE('',#3085,#4159,#5689,.T.);
#5689 = LINE('',#5690,#5691);
#5690 = CARTESIAN_POINT('',(28.523617,24.988084,0.));
#5691 = VECTOR('',#5692,1.);
#5692 = DIRECTION('',(0.,0.,1.));
#5693 = ORIENTED_EDGE('',*,*,#4158,.T.);
#5694 = ORIENTED_EDGE('',*,*,#5654,.F.);
#5695 = ORIENTED_EDGE('',*,*,#3084,.F.);
#5696 = PLANE('',#5697);
#5697 = AXIS2_PLACEMENT_3D('',#5698,#5699,#5700);
#5698 = CARTESIAN_POINT('',(28.523617,24.988084,0.));
#5699 = DIRECTION('',(0.707106781187,-0.707106781187,0.));
#5700 = DIRECTION('',(-0.707106781187,-0.707106781187,0.));
#5701 = ADVANCED_FACE('',(#5702),#5713,.T.);
#5702 = FACE_BOUND('',#5703,.T.);
#5703 = EDGE_LOOP('',(#5704,#5705,#5706,#5712));
#5704 = ORIENTED_EDGE('',*,*,#5673,.T.);
#5705 = ORIENTED_EDGE('',*,*,#4228,.T.);
#5706 = ORIENTED_EDGE('',*,*,#5707,.F.);
#5707 = EDGE_CURVE('',#3146,#4220,#5708,.T.);
#5708 = LINE('',#5709,#5710);
#5709 = CARTESIAN_POINT('',(-28.518927,24.983394,0.));
#5710 = VECTOR('',#5711,1.);
#5711 = DIRECTION('',(0.,0.,1.));
#5712 = ORIENTED_EDGE('',*,*,#3154,.F.);
#5713 = PLANE('',#5714);
#5714 = AXIS2_PLACEMENT_3D('',#5715,#5716,#5717);
#5715 = CARTESIAN_POINT('',(-27.577166,24.041633,0.));
#5716 = DIRECTION('',(-0.707106781187,-0.707106781187,0.));
#5717 = DIRECTION('',(-0.707106781187,0.707106781187,0.));
#5718 = ADVANCED_FACE('',(#5719),#5730,.F.);
#5719 = FACE_BOUND('',#5720,.T.);
#5720 = EDGE_LOOP('',(#5721,#5727,#5728,#5729));
#5721 = ORIENTED_EDGE('',*,*,#5722,.T.);
#5722 = EDGE_CURVE('',#3093,#4167,#5723,.T.);
#5723 = LINE('',#5724,#5725);
#5724 = CARTESIAN_POINT('',(29.999944,24.91994,0.));
#5725 = VECTOR('',#5726,1.);
#5726 = DIRECTION('',(0.,0.,1.));
#5727 = ORIENTED_EDGE('',*,*,#4166,.T.);
#5728 = ORIENTED_EDGE('',*,*,#5688,.F.);
#5729 = ORIENTED_EDGE('',*,*,#3092,.F.);
#5730 = CYLINDRICAL_SURFACE('',#5731,1.00000279229);
#5731 = AXIS2_PLACEMENT_3D('',#5732,#5733,#5734);
#5732 = CARTESIAN_POINT('',(29.230714067468,24.280963556394,0.));
#5733 = DIRECTION('',(-0.,-0.,-1.));
#5734 = DIRECTION('',(0.769227784625,0.638974659404,-0.));
#5735 = ADVANCED_FACE('',(#5736),#5747,.F.);
#5736 = FACE_BOUND('',#5737,.T.);
#5737 = EDGE_LOOP('',(#5738,#5739,#5740,#5746));
#5738 = ORIENTED_EDGE('',*,*,#5707,.T.);
#5739 = ORIENTED_EDGE('',*,*,#4219,.T.);
#5740 = ORIENTED_EDGE('',*,*,#5741,.F.);
#5741 = EDGE_CURVE('',#3137,#4211,#5742,.T.);
#5742 = LINE('',#5743,#5744);
#5743 = CARTESIAN_POINT('',(-29.999944,24.91994,0.));
#5744 = VECTOR('',#5745,1.);
#5745 = DIRECTION('',(0.,0.,1.));
#5746 = ORIENTED_EDGE('',*,*,#3145,.F.);
#5747 = CYLINDRICAL_SURFACE('',#5748,0.999987842938);
#5748 = AXIS2_PLACEMENT_3D('',#5749,#5750,#5751);
#5749 = CARTESIAN_POINT('',(-29.23070096758,24.281002723652,0.));
#5750 = DIRECTION('',(-0.,-0.,-1.));
#5751 = DIRECTION('',(0.711782620772,0.702399815466,-0.));
#5752 = ADVANCED_FACE('',(#5753),#5764,.F.);
#5753 = FACE_BOUND('',#5754,.T.);
#5754 = EDGE_LOOP('',(#5755,#5761,#5762,#5763));
#5755 = ORIENTED_EDGE('',*,*,#5756,.T.);
#5756 = EDGE_CURVE('',#3102,#4176,#5757,.T.);
#5757 = LINE('',#5758,#5759);
#5758 = CARTESIAN_POINT('',(38.575982,-5.735294,0.));
#5759 = VECTOR('',#5760,1.);
#5760 = DIRECTION('',(0.,0.,1.));
#5761 = ORIENTED_EDGE('',*,*,#4175,.T.);
#5762 = ORIENTED_EDGE('',*,*,#5722,.F.);
#5763 = ORIENTED_EDGE('',*,*,#3101,.F.);
#5764 = CYLINDRICAL_SURFACE('',#5765,38.999996589247);
#5765 = AXIS2_PLACEMENT_3D('',#5766,#5767,#5768);
#5766 = CARTESIAN_POINT('',(3.553340924611E-06,2.055491556296E-06,0.));
#5767 = DIRECTION('',(-0.,-0.,-1.));
#5768 = DIRECTION('',(0.989127738983,-0.147058886079,0.));
#5769 = ADVANCED_FACE('',(#5770),#5781,.F.);
#5770 = FACE_BOUND('',#5771,.T.);
#5771 = EDGE_LOOP('',(#5772,#5773,#5774,#5780));
#5772 = ORIENTED_EDGE('',*,*,#5741,.T.);
#5773 = ORIENTED_EDGE('',*,*,#4210,.T.);
#5774 = ORIENTED_EDGE('',*,*,#5775,.F.);
#5775 = EDGE_CURVE('',#3128,#4202,#5776,.T.);
#5776 = LINE('',#5777,#5778);
#5777 = CARTESIAN_POINT('',(-38.575982,-5.735294,0.));
#5778 = VECTOR('',#5779,1.);
#5779 = DIRECTION('',(0.,0.,1.));
#5780 = ORIENTED_EDGE('',*,*,#3136,.F.);
#5781 = CYLINDRICAL_SURFACE('',#5782,39.000006687167);
#5782 = AXIS2_PLACEMENT_3D('',#5783,#5784,#5785);
#5783 = CARTESIAN_POINT('',(7.098620830703E-06,-9.244768475192E-07,0.));
#5784 = DIRECTION('',(-0.,-0.,-1.));
#5785 = DIRECTION('',(-0.769229383453,0.638972734655,0.));
#5786 = ADVANCED_FACE('',(#5787),#5798,.F.);
#5787 = FACE_BOUND('',#5788,.T.);
#5788 = EDGE_LOOP('',(#5789,#5795,#5796,#5797));
#5789 = ORIENTED_EDGE('',*,*,#5790,.T.);
#5790 = EDGE_CURVE('',#3111,#4185,#5791,.T.);
#5791 = LINE('',#5792,#5793);
#5792 = CARTESIAN_POINT('',(33.63034,-10.,0.));
#5793 = VECTOR('',#5794,1.);
#5794 = DIRECTION('',(0.,0.,1.));
#5795 = ORIENTED_EDGE('',*,*,#4184,.T.);
#5796 = ORIENTED_EDGE('',*,*,#5756,.F.);
#5797 = ORIENTED_EDGE('',*,*,#3110,.F.);
#5798 = CYLINDRICAL_SURFACE('',#5799,4.999997905302);
#5799 = AXIS2_PLACEMENT_3D('',#5800,#5801,#5802);
#5800 = CARTESIAN_POINT('',(33.63034504739,-5.000002094701,0.));
#5801 = DIRECTION('',(-0.,-0.,-1.));
#5802 = DIRECTION('',(-1.00947839115E-06,-0.999999999999,0.));
#5803 = ADVANCED_FACE('',(#5804),#5815,.F.);
#5804 = FACE_BOUND('',#5805,.T.);
#5805 = EDGE_LOOP('',(#5806,#5807,#5808,#5814));
#5806 = ORIENTED_EDGE('',*,*,#5775,.T.);
#5807 = ORIENTED_EDGE('',*,*,#4201,.T.);
#5808 = ORIENTED_EDGE('',*,*,#5809,.F.);
#5809 = EDGE_CURVE('',#3120,#4194,#5810,.T.);
#5810 = LINE('',#5811,#5812);
#5811 = CARTESIAN_POINT('',(-33.6303,-10.,0.));
#5812 = VECTOR('',#5813,1.);
#5813 = DIRECTION('',(0.,0.,1.));
#5814 = ORIENTED_EDGE('',*,*,#3127,.F.);
#5815 = CYLINDRICAL_SURFACE('',#5816,5.000012907156);
#5816 = AXIS2_PLACEMENT_3D('',#5817,#5818,#5819);
#5817 = CARTESIAN_POINT('',(-33.63033211104,-4.999987092947,0.));
#5818 = DIRECTION('',(-0.,-0.,-1.));
#5819 = DIRECTION('',(-0.989127424428,-0.147061001783,0.));
#5820 = ADVANCED_FACE('',(#5821),#5827,.T.);
#5821 = FACE_BOUND('',#5822,.T.);
#5822 = EDGE_LOOP('',(#5823,#5824,#5825,#5826));
#5823 = ORIENTED_EDGE('',*,*,#5809,.T.);
#5824 = ORIENTED_EDGE('',*,*,#4193,.T.);
#5825 = ORIENTED_EDGE('',*,*,#5790,.F.);
#5826 = ORIENTED_EDGE('',*,*,#3119,.F.);
#5827 = PLANE('',#5828);
#5828 = AXIS2_PLACEMENT_3D('',#5829,#5830,#5831);
#5829 = CARTESIAN_POINT('',(-33.6303,-10.,0.));
#5830 = DIRECTION('',(0.,1.,0.));
#5831 = DIRECTION('',(1.,0.,0.));
#5832 = ADVANCED_FACE('',(#5833),#5844,.F.);
#5833 = FACE_BOUND('',#5834,.T.);
#5834 = EDGE_LOOP('',(#5835,#5841,#5842,#5843));
#5835 = ORIENTED_EDGE('',*,*,#5836,.T.);
#5836 = EDGE_CURVE('',#3189,#4263,#5837,.T.);
#5837 = LINE('',#5838,#5839);
#5838 = CARTESIAN_POINT('',(-24.309398,25.809398,0.));
#5839 = VECTOR('',#5840,1.);
#5840 = DIRECTION('',(0.,0.,1.));
#5841 = ORIENTED_EDGE('',*,*,#4262,.T.);
#5842 = ORIENTED_EDGE('',*,*,#5836,.F.);
#5843 = ORIENTED_EDGE('',*,*,#3188,.F.);
#5844 = CYLINDRICAL_SURFACE('',#5845,1.5);
#5845 = AXIS2_PLACEMENT_3D('',#5846,#5847,#5848);
#5846 = CARTESIAN_POINT('',(-25.809398,25.809398,0.));
#5847 = DIRECTION('',(-0.,-0.,-1.));
#5848 = DIRECTION('',(1.,0.,-0.));
#5849 = ADVANCED_FACE('',(#5850),#5861,.F.);
#5850 = FACE_BOUND('',#5851,.T.);
#5851 = EDGE_LOOP('',(#5852,#5853,#5859,#5860));
#5852 = ORIENTED_EDGE('',*,*,#3199,.T.);
#5853 = ORIENTED_EDGE('',*,*,#5854,.T.);
#5854 = EDGE_CURVE('',#3200,#4274,#5855,.T.);
#5855 = LINE('',#5856,#5857);
#5856 = CARTESIAN_POINT('',(-31.830402,27.788298,-4.6E-02));
#5857 = VECTOR('',#5858,1.);
#5858 = DIRECTION('',(0.,0.,1.));
#5859 = ORIENTED_EDGE('',*,*,#4273,.F.);
#5860 = ORIENTED_EDGE('',*,*,#5854,.F.);
#5861 = CYLINDRICAL_SURFACE('',#5862,0.45);
#5862 = AXIS2_PLACEMENT_3D('',#5863,#5864,#5865);
#5863 = CARTESIAN_POINT('',(-31.830402,28.238298,-4.6E-02));
#5864 = DIRECTION('',(-0.,-0.,-1.));
#5865 = DIRECTION('',(-0.,-1.,0.));
#5866 = ADVANCED_FACE('',(#5867),#5878,.F.);
#5867 = FACE_BOUND('',#5868,.T.);
#5868 = EDGE_LOOP('',(#5869,#5870,#5876,#5877));
#5869 = ORIENTED_EDGE('',*,*,#3210,.T.);
#5870 = ORIENTED_EDGE('',*,*,#5871,.T.);
#5871 = EDGE_CURVE('',#3211,#4285,#5872,.T.);
#5872 = LINE('',#5873,#5874);
#5873 = CARTESIAN_POINT('',(-30.034351,29.584349,-4.6E-02));
#5874 = VECTOR('',#5875,1.);
#5875 = DIRECTION('',(0.,0.,1.));
#5876 = ORIENTED_EDGE('',*,*,#4284,.F.);
#5877 = ORIENTED_EDGE('',*,*,#5871,.F.);
#5878 = CYLINDRICAL_SURFACE('',#5879,0.45);
#5879 = AXIS2_PLACEMENT_3D('',#5880,#5881,#5882);
#5880 = CARTESIAN_POINT('',(-30.034351,30.034349,-4.6E-02));
#5881 = DIRECTION('',(-0.,-0.,-1.));
#5882 = DIRECTION('',(-0.,-1.,0.));
#5883 = ADVANCED_FACE('',(#5884),#5895,.F.);
#5884 = FACE_BOUND('',#5885,.T.);
#5885 = EDGE_LOOP('',(#5886,#5887,#5893,#5894));
#5886 = ORIENTED_EDGE('',*,*,#3221,.T.);
#5887 = ORIENTED_EDGE('',*,*,#5888,.T.);
#5888 = EDGE_CURVE('',#3222,#4296,#5889,.T.);
#5889 = LINE('',#5890,#5891);
#5890 = CARTESIAN_POINT('',(-28.2383,31.3804,-4.6E-02));
#5891 = VECTOR('',#5892,1.);
#5892 = DIRECTION('',(0.,0.,1.));
#5893 = ORIENTED_EDGE('',*,*,#4295,.F.);
#5894 = ORIENTED_EDGE('',*,*,#5888,.F.);
#5895 = CYLINDRICAL_SURFACE('',#5896,0.45);
#5896 = AXIS2_PLACEMENT_3D('',#5897,#5898,#5899);
#5897 = CARTESIAN_POINT('',(-28.2383,31.8304,-4.6E-02));
#5898 = DIRECTION('',(-0.,0.,-1.));
#5899 = DIRECTION('',(7.894919286223E-15,-1.,-0.));
#5900 = ADVANCED_FACE('',(#5901),#5912,.F.);
#5901 = FACE_BOUND('',#5902,.T.);
#5902 = EDGE_LOOP('',(#5903,#5904,#5910,#5911));
#5903 = ORIENTED_EDGE('',*,*,#3232,.T.);
#5904 = ORIENTED_EDGE('',*,*,#5905,.T.);
#5905 = EDGE_CURVE('',#3233,#4307,#5906,.T.);
#5906 = LINE('',#5907,#5908);
#5907 = CARTESIAN_POINT('',(-18.593565,37.801986,-4.6E-02));
#5908 = VECTOR('',#5909,1.);
#5909 = DIRECTION('',(0.,0.,1.));
#5910 = ORIENTED_EDGE('',*,*,#4306,.F.);
#5911 = ORIENTED_EDGE('',*,*,#5905,.F.);
#5912 = CYLINDRICAL_SURFACE('',#5913,0.45);
#5913 = AXIS2_PLACEMENT_3D('',#5914,#5915,#5916);
#5914 = CARTESIAN_POINT('',(-18.593565,38.251986,-4.6E-02));
#5915 = DIRECTION('',(-0.,-0.,-1.));
#5916 = DIRECTION('',(-7.894919286223E-15,-1.,0.));
#5917 = ADVANCED_FACE('',(#5918),#5929,.F.);
#5918 = FACE_BOUND('',#5919,.T.);
#5919 = EDGE_LOOP('',(#5920,#5921,#5927,#5928));
#5920 = ORIENTED_EDGE('',*,*,#3243,.T.);
#5921 = ORIENTED_EDGE('',*,*,#5922,.T.);
#5922 = EDGE_CURVE('',#3244,#4318,#5923,.T.);
#5923 = LINE('',#5924,#5925);
#5924 = CARTESIAN_POINT('',(-16.255482,38.794443,-4.6E-02));
#5925 = VECTOR('',#5926,1.);
#5926 = DIRECTION('',(0.,0.,1.));
#5927 = ORIENTED_EDGE('',*,*,#4317,.F.);
#5928 = ORIENTED_EDGE('',*,*,#5922,.F.);
#5929 = CYLINDRICAL_SURFACE('',#5930,0.45);
#5930 = AXIS2_PLACEMENT_3D('',#5931,#5932,#5933);
#5931 = CARTESIAN_POINT('',(-16.255482,39.244443,-4.6E-02));
#5932 = DIRECTION('',(-0.,-0.,-1.));
#5933 = DIRECTION('',(-0.,-1.,0.));
#5934 = ADVANCED_FACE('',(#5935),#5946,.F.);
#5935 = FACE_BOUND('',#5936,.T.);
#5936 = EDGE_LOOP('',(#5937,#5938,#5944,#5945));
#5937 = ORIENTED_EDGE('',*,*,#3254,.T.);
#5938 = ORIENTED_EDGE('',*,*,#5939,.T.);
#5939 = EDGE_CURVE('',#3255,#4329,#5940,.T.);
#5940 = LINE('',#5941,#5942);
#5941 = CARTESIAN_POINT('',(-13.9174,39.7869,-4.6E-02));
#5942 = VECTOR('',#5943,1.);
#5943 = DIRECTION('',(0.,0.,1.));
#5944 = ORIENTED_EDGE('',*,*,#4328,.F.);
#5945 = ORIENTED_EDGE('',*,*,#5939,.F.);
#5946 = CYLINDRICAL_SURFACE('',#5947,0.45);
#5947 = AXIS2_PLACEMENT_3D('',#5948,#5949,#5950);
#5948 = CARTESIAN_POINT('',(-13.9174,40.2369,-4.6E-02));
#5949 = DIRECTION('',(-0.,-0.,-1.));
#5950 = DIRECTION('',(-0.,-1.,0.));
#5951 = ADVANCED_FACE('',(#5952),#5963,.F.);
#5952 = FACE_BOUND('',#5953,.T.);
#5953 = EDGE_LOOP('',(#5954,#5955,#5961,#5962));
#5954 = ORIENTED_EDGE('',*,*,#3265,.T.);
#5955 = ORIENTED_EDGE('',*,*,#5956,.T.);
#5956 = EDGE_CURVE('',#3266,#4340,#5957,.T.);
#5957 = LINE('',#5958,#5959);
#5958 = CARTESIAN_POINT('',(-2.54,42.05,-4.6E-02));
#5959 = VECTOR('',#5960,1.);
#5960 = DIRECTION('',(0.,0.,1.));
#5961 = ORIENTED_EDGE('',*,*,#4339,.F.);
#5962 = ORIENTED_EDGE('',*,*,#5956,.F.);
#5963 = CYLINDRICAL_SURFACE('',#5964,0.45);
#5964 = AXIS2_PLACEMENT_3D('',#5965,#5966,#5967);
#5965 = CARTESIAN_POINT('',(-2.54,42.5,-4.6E-02));
#5966 = DIRECTION('',(-0.,-0.,-1.));
#5967 = DIRECTION('',(-0.,-1.,0.));
#5968 = ADVANCED_FACE('',(#5969),#5980,.F.);
#5969 = FACE_BOUND('',#5970,.T.);
#5970 = EDGE_LOOP('',(#5971,#5972,#5978,#5979));
#5971 = ORIENTED_EDGE('',*,*,#3276,.T.);
#5972 = ORIENTED_EDGE('',*,*,#5973,.T.);
#5973 = EDGE_CURVE('',#3277,#4351,#5974,.T.);
#5974 = LINE('',#5975,#5976);
#5975 = CARTESIAN_POINT('',(-6.008901426488E-32,42.05,-4.6E-02));
#5976 = VECTOR('',#5977,1.);
#5977 = DIRECTION('',(0.,0.,1.));
#5978 = ORIENTED_EDGE('',*,*,#4350,.F.);
#5979 = ORIENTED_EDGE('',*,*,#5973,.F.);
#5980 = CYLINDRICAL_SURFACE('',#5981,0.45);
#5981 = AXIS2_PLACEMENT_3D('',#5982,#5983,#5984);
#5982 = CARTESIAN_POINT('',(-1.387778780781E-17,42.5,-4.6E-02));
#5983 = DIRECTION('',(-0.,0.,-1.));
#5984 = DIRECTION('',(3.083952846181E-17,-1.,-0.));
#5985 = ADVANCED_FACE('',(#5986),#5997,.F.);
#5986 = FACE_BOUND('',#5987,.T.);
#5987 = EDGE_LOOP('',(#5988,#5989,#5995,#5996));
#5988 = ORIENTED_EDGE('',*,*,#3287,.T.);
#5989 = ORIENTED_EDGE('',*,*,#5990,.T.);
#5990 = EDGE_CURVE('',#3288,#4362,#5991,.T.);
#5991 = LINE('',#5992,#5993);
#5992 = CARTESIAN_POINT('',(42.5,-0.45,-4.6E-02));
#5993 = VECTOR('',#5994,1.);
#5994 = DIRECTION('',(0.,0.,1.));
#5995 = ORIENTED_EDGE('',*,*,#4361,.F.);
#5996 = ORIENTED_EDGE('',*,*,#5990,.F.);
#5997 = CYLINDRICAL_SURFACE('',#5998,0.45);
#5998 = AXIS2_PLACEMENT_3D('',#5999,#6000,#6001);
#5999 = CARTESIAN_POINT('',(42.5,2.900457651833E-15,-4.6E-02));
#6000 = DIRECTION('',(-0.,-0.,-1.));
#6001 = DIRECTION('',(-0.,-1.,0.));
#6002 = ADVANCED_FACE('',(#6003),#6014,.F.);
#6003 = FACE_BOUND('',#6004,.T.);
#6004 = EDGE_LOOP('',(#6005,#6006,#6012,#6013));
#6005 = ORIENTED_EDGE('',*,*,#3298,.T.);
#6006 = ORIENTED_EDGE('',*,*,#6007,.T.);
#6007 = EDGE_CURVE('',#3299,#4373,#6008,.T.);
#6008 = LINE('',#6009,#6010);
#6009 = CARTESIAN_POINT('',(42.5,2.09,-4.6E-02));
#6010 = VECTOR('',#6011,1.);
#6011 = DIRECTION('',(0.,0.,1.));
#6012 = ORIENTED_EDGE('',*,*,#4372,.F.);
#6013 = ORIENTED_EDGE('',*,*,#6007,.F.);
#6014 = CYLINDRICAL_SURFACE('',#6015,0.45);
#6015 = AXIS2_PLACEMENT_3D('',#6016,#6017,#6018);
#6016 = CARTESIAN_POINT('',(42.5,2.54,-4.6E-02));
#6017 = DIRECTION('',(-0.,-0.,-1.));
#6018 = DIRECTION('',(-0.,-1.,0.));
#6019 = ADVANCED_FACE('',(#6020),#6031,.F.);
#6020 = FACE_BOUND('',#6021,.T.);
#6021 = EDGE_LOOP('',(#6022,#6023,#6029,#6030));
#6022 = ORIENTED_EDGE('',*,*,#3309,.T.);
#6023 = ORIENTED_EDGE('',*,*,#6024,.T.);
#6024 = EDGE_CURVE('',#3310,#4384,#6025,.T.);
#6025 = LINE('',#6026,#6027);
#6026 = CARTESIAN_POINT('',(40.2369,13.4674,-4.6E-02));
#6027 = VECTOR('',#6028,1.);
#6028 = DIRECTION('',(0.,0.,1.));
#6029 = ORIENTED_EDGE('',*,*,#4383,.F.);
#6030 = ORIENTED_EDGE('',*,*,#6024,.F.);
#6031 = CYLINDRICAL_SURFACE('',#6032,0.45);
#6032 = AXIS2_PLACEMENT_3D('',#6033,#6034,#6035);
#6033 = CARTESIAN_POINT('',(40.2369,13.9174,-4.6E-02));
#6034 = DIRECTION('',(-0.,-0.,-1.));
#6035 = DIRECTION('',(-1.578983857245E-14,-1.,0.));
#6036 = ADVANCED_FACE('',(#6037),#6048,.F.);
#6037 = FACE_BOUND('',#6038,.T.);
#6038 = EDGE_LOOP('',(#6039,#6040,#6046,#6047));
#6039 = ORIENTED_EDGE('',*,*,#3320,.T.);
#6040 = ORIENTED_EDGE('',*,*,#6041,.T.);
#6041 = EDGE_CURVE('',#3321,#4395,#6042,.T.);
#6042 = LINE('',#6043,#6044);
#6043 = CARTESIAN_POINT('',(39.244443,15.805482,-4.6E-02));
#6044 = VECTOR('',#6045,1.);
#6045 = DIRECTION('',(0.,0.,1.));
#6046 = ORIENTED_EDGE('',*,*,#4394,.F.);
#6047 = ORIENTED_EDGE('',*,*,#6041,.F.);
#6048 = CYLINDRICAL_SURFACE('',#6049,0.45);
#6049 = AXIS2_PLACEMENT_3D('',#6050,#6051,#6052);
#6050 = CARTESIAN_POINT('',(39.244443,16.255482,-4.6E-02));
#6051 = DIRECTION('',(-0.,-0.,-1.));
#6052 = DIRECTION('',(-1.578983857245E-14,-1.,0.));
#6053 = ADVANCED_FACE('',(#6054),#6065,.F.);
#6054 = FACE_BOUND('',#6055,.T.);
#6055 = EDGE_LOOP('',(#6056,#6057,#6063,#6064));
#6056 = ORIENTED_EDGE('',*,*,#3331,.T.);
#6057 = ORIENTED_EDGE('',*,*,#6058,.T.);
#6058 = EDGE_CURVE('',#3332,#4406,#6059,.T.);
#6059 = LINE('',#6060,#6061);
#6060 = CARTESIAN_POINT('',(38.251986,18.143565,-4.6E-02));
#6061 = VECTOR('',#6062,1.);
#6062 = DIRECTION('',(0.,0.,1.));
#6063 = ORIENTED_EDGE('',*,*,#4405,.F.);
#6064 = ORIENTED_EDGE('',*,*,#6058,.F.);
#6065 = CYLINDRICAL_SURFACE('',#6066,0.45);
#6066 = AXIS2_PLACEMENT_3D('',#6067,#6068,#6069);
#6067 = CARTESIAN_POINT('',(38.251986,18.593565,-4.6E-02));
#6068 = DIRECTION('',(-0.,-0.,-1.));
#6069 = DIRECTION('',(-0.,-1.,0.));
#6070 = ADVANCED_FACE('',(#6071),#6082,.F.);
#6071 = FACE_BOUND('',#6072,.T.);
#6072 = EDGE_LOOP('',(#6073,#6074,#6080,#6081));
#6073 = ORIENTED_EDGE('',*,*,#3342,.T.);
#6074 = ORIENTED_EDGE('',*,*,#6075,.T.);
#6075 = EDGE_CURVE('',#3343,#4417,#6076,.T.);
#6076 = LINE('',#6077,#6078);
#6077 = CARTESIAN_POINT('',(2.54,42.05,-4.6E-02));
#6078 = VECTOR('',#6079,1.);
#6079 = DIRECTION('',(0.,0.,1.));
#6080 = ORIENTED_EDGE('',*,*,#4416,.F.);
#6081 = ORIENTED_EDGE('',*,*,#6075,.F.);
#6082 = CYLINDRICAL_SURFACE('',#6083,0.45);
#6083 = AXIS2_PLACEMENT_3D('',#6084,#6085,#6086);
#6084 = CARTESIAN_POINT('',(2.54,42.5,-4.6E-02));
#6085 = DIRECTION('',(-0.,-0.,-1.));
#6086 = DIRECTION('',(-0.,-1.,0.));
#6087 = ADVANCED_FACE('',(#6088),#6099,.F.);
#6088 = FACE_BOUND('',#6089,.T.);
#6089 = EDGE_LOOP('',(#6090,#6091,#6097,#6098));
#6090 = ORIENTED_EDGE('',*,*,#3353,.T.);
#6091 = ORIENTED_EDGE('',*,*,#6092,.T.);
#6092 = EDGE_CURVE('',#3354,#4428,#6093,.T.);
#6093 = LINE('',#6094,#6095);
#6094 = CARTESIAN_POINT('',(13.891006,39.722801,-4.6E-02));
#6095 = VECTOR('',#6096,1.);
#6096 = DIRECTION('',(0.,0.,1.));
#6097 = ORIENTED_EDGE('',*,*,#4427,.F.);
#6098 = ORIENTED_EDGE('',*,*,#6092,.F.);
#6099 = CYLINDRICAL_SURFACE('',#6100,0.45);
#6100 = AXIS2_PLACEMENT_3D('',#6101,#6102,#6103);
#6101 = CARTESIAN_POINT('',(13.891006,40.172801,-4.6E-02));
#6102 = DIRECTION('',(-0.,-0.,-1.));
#6103 = DIRECTION('',(-0.,-1.,0.));
#6104 = ADVANCED_FACE('',(#6105),#6116,.F.);
#6105 = FACE_BOUND('',#6106,.T.);
#6106 = EDGE_LOOP('',(#6107,#6108,#6114,#6115));
#6107 = ORIENTED_EDGE('',*,*,#3364,.T.);
#6108 = ORIENTED_EDGE('',*,*,#6109,.T.);
#6109 = EDGE_CURVE('',#3365,#4439,#6110,.T.);
#6110 = LINE('',#6111,#6112);
#6111 = CARTESIAN_POINT('',(18.6011,37.8198,-4.6E-02));
#6112 = VECTOR('',#6113,1.);
#6113 = DIRECTION('',(0.,0.,1.));
#6114 = ORIENTED_EDGE('',*,*,#4438,.F.);
#6115 = ORIENTED_EDGE('',*,*,#6109,.F.);
#6116 = CYLINDRICAL_SURFACE('',#6117,0.45);
#6117 = AXIS2_PLACEMENT_3D('',#6118,#6119,#6120);
#6118 = CARTESIAN_POINT('',(18.6011,38.2698,-4.6E-02));
#6119 = DIRECTION('',(-0.,-0.,-1.));
#6120 = DIRECTION('',(-7.894919286223E-15,-1.,0.));
#6121 = ADVANCED_FACE('',(#6122),#6133,.F.);
#6122 = FACE_BOUND('',#6123,.T.);
#6123 = EDGE_LOOP('',(#6124,#6125,#6131,#6132));
#6124 = ORIENTED_EDGE('',*,*,#3375,.T.);
#6125 = ORIENTED_EDGE('',*,*,#6126,.T.);
#6126 = EDGE_CURVE('',#3376,#4450,#6127,.T.);
#6127 = LINE('',#6128,#6129);
#6128 = CARTESIAN_POINT('',(16.246053,38.771301,-4.6E-02));
#6129 = VECTOR('',#6130,1.);
#6130 = DIRECTION('',(0.,0.,1.));
#6131 = ORIENTED_EDGE('',*,*,#4449,.F.);
#6132 = ORIENTED_EDGE('',*,*,#6126,.F.);
#6133 = CYLINDRICAL_SURFACE('',#6134,0.45);
#6134 = AXIS2_PLACEMENT_3D('',#6135,#6136,#6137);
#6135 = CARTESIAN_POINT('',(16.246053,39.221301,-4.6E-02));
#6136 = DIRECTION('',(-0.,-0.,-1.));
#6137 = DIRECTION('',(-0.,-1.,0.));
#6138 = ADVANCED_FACE('',(#6139),#6150,.F.);
#6139 = FACE_BOUND('',#6140,.T.);
#6140 = EDGE_LOOP('',(#6141,#6147,#6148,#6149));
#6141 = ORIENTED_EDGE('',*,*,#6142,.T.);
#6142 = EDGE_CURVE('',#3387,#4461,#6143,.T.);
#6143 = LINE('',#6144,#6145);
#6144 = CARTESIAN_POINT('',(27.309398,25.809398,0.));
#6145 = VECTOR('',#6146,1.);
#6146 = DIRECTION('',(0.,0.,1.));
#6147 = ORIENTED_EDGE('',*,*,#4460,.T.);
#6148 = ORIENTED_EDGE('',*,*,#6142,.F.);
#6149 = ORIENTED_EDGE('',*,*,#3386,.F.);
#6150 = CYLINDRICAL_SURFACE('',#6151,1.5);
#6151 = AXIS2_PLACEMENT_3D('',#6152,#6153,#6154);
#6152 = CARTESIAN_POINT('',(25.809398,25.809398,0.));
#6153 = DIRECTION('',(-0.,-0.,-1.));
#6154 = DIRECTION('',(1.,0.,-0.));
#6155 = ADVANCED_FACE('',(#6156),#6167,.F.);
#6156 = FACE_BOUND('',#6157,.T.);
#6157 = EDGE_LOOP('',(#6158,#6159,#6165,#6166));
#6158 = ORIENTED_EDGE('',*,*,#3397,.T.);
#6159 = ORIENTED_EDGE('',*,*,#6160,.T.);
#6160 = EDGE_CURVE('',#3398,#4472,#6161,.T.);
#6161 = LINE('',#6162,#6163);
#6162 = CARTESIAN_POINT('',(31.8481,27.806,-4.6E-02));
#6163 = VECTOR('',#6164,1.);
#6164 = DIRECTION('',(0.,0.,1.));
#6165 = ORIENTED_EDGE('',*,*,#4471,.F.);
#6166 = ORIENTED_EDGE('',*,*,#6160,.F.);
#6167 = CYLINDRICAL_SURFACE('',#6168,0.45);
#6168 = AXIS2_PLACEMENT_3D('',#6169,#6170,#6171);
#6169 = CARTESIAN_POINT('',(31.8481,28.256,-4.6E-02));
#6170 = DIRECTION('',(-0.,-0.,-1.));
#6171 = DIRECTION('',(-0.,-1.,0.));
#6172 = ADVANCED_FACE('',(#6173),#6184,.F.);
#6173 = FACE_BOUND('',#6174,.T.);
#6174 = EDGE_LOOP('',(#6175,#6176,#6182,#6183));
#6175 = ORIENTED_EDGE('',*,*,#3408,.T.);
#6176 = ORIENTED_EDGE('',*,*,#6177,.T.);
#6177 = EDGE_CURVE('',#3409,#4483,#6178,.T.);
#6178 = LINE('',#6179,#6180);
#6179 = CARTESIAN_POINT('',(28.255998,31.398102,-4.6E-02));
#6180 = VECTOR('',#6181,1.);
#6181 = DIRECTION('',(0.,0.,1.));
#6182 = ORIENTED_EDGE('',*,*,#4482,.F.);
#6183 = ORIENTED_EDGE('',*,*,#6177,.F.);
#6184 = CYLINDRICAL_SURFACE('',#6185,0.45);
#6185 = AXIS2_PLACEMENT_3D('',#6186,#6187,#6188);
#6186 = CARTESIAN_POINT('',(28.255998,31.848102,-4.6E-02));
#6187 = DIRECTION('',(-0.,0.,-1.));
#6188 = DIRECTION('',(7.894919286223E-15,-1.,-0.));
#6189 = ADVANCED_FACE('',(#6190),#6201,.F.);
#6190 = FACE_BOUND('',#6191,.T.);
#6191 = EDGE_LOOP('',(#6192,#6193,#6199,#6200));
#6192 = ORIENTED_EDGE('',*,*,#3419,.T.);
#6193 = ORIENTED_EDGE('',*,*,#6194,.T.);
#6194 = EDGE_CURVE('',#3420,#4494,#6195,.T.);
#6195 = LINE('',#6196,#6197);
#6196 = CARTESIAN_POINT('',(30.052049,29.602051,-4.6E-02));
#6197 = VECTOR('',#6198,1.);
#6198 = DIRECTION('',(0.,0.,1.));
#6199 = ORIENTED_EDGE('',*,*,#4493,.F.);
#6200 = ORIENTED_EDGE('',*,*,#6194,.F.);
#6201 = CYLINDRICAL_SURFACE('',#6202,0.45);
#6202 = AXIS2_PLACEMENT_3D('',#6203,#6204,#6205);
#6203 = CARTESIAN_POINT('',(30.052049,30.052051,-4.6E-02));
#6204 = DIRECTION('',(-0.,-0.,-1.));
#6205 = DIRECTION('',(-0.,-1.,0.));
#6206 = ( GEOMETRIC_REPRESENTATION_CONTEXT(3) 
GLOBAL_UNCERTAINTY_ASSIGNED_CONTEXT((#6210)) 
GLOBAL_UNIT_ASSIGNED_CONTEXT((#6207,#6208,#6209)) REPRESENTATION_CONTEXT
('Context #1','3D Context with UNIT and UNCERTAINTY') );
#6207 = ( LENGTH_UNIT() NAMED_UNIT(*) SI_UNIT(.MILLI.,.METRE.) );
#6208 = ( NAMED_UNIT(*) PLANE_ANGLE_UNIT() SI_UNIT($,.RADIAN.) );
#6209 = ( NAMED_UNIT(*) SI_UNIT($,.STERADIAN.) SOLID_ANGLE_UNIT() );
#6210 = UNCERTAINTY_MEASURE_WITH_UNIT(LENGTH_MEASURE(1.E-07),#6207,
  'distance_accuracy_value','confusion accuracy');
#6211 = CONTEXT_DEPENDENT_SHAPE_REPRESENTATION(#6212,#6214);
#6212 = ( REPRESENTATION_RELATIONSHIP('','',#2322,#10) 
REPRESENTATION_RELATIONSHIP_WITH_TRANSFORMATION(#6213) 
SHAPE_REPRESENTATION_RELATIONSHIP() );
#6213 = ITEM_DEFINED_TRANSFORMATION('','',#11,#79);
#6214 = PRODUCT_DEFINITION_SHAPE('Placement','Placement of an item',
  #6215);
#6215 = NEXT_ASSEMBLY_USAGE_OCCURRENCE('17','=>[0:1:1:3]','',#5,#2317,$
  );
#6216 = PRODUCT_RELATED_PRODUCT_CATEGORY('part',$,(#2319));
#6217 = MECHANICAL_DESIGN_GEOMETRIC_PRESENTATION_REPRESENTATION('',(
    #6218),#6206);
#6218 = STYLED_ITEM('color',(#6219),#2323);
#6219 = PRESENTATION_STYLE_ASSIGNMENT((#6220));
#6220 = SURFACE_STYLE_USAGE(.BOTH.,#6221);
#6221 = SURFACE_SIDE_STYLE('',(#6222));
#6222 = SURFACE_STYLE_FILL_AREA(#6223);
#6223 = FILL_AREA_STYLE('',(#6224));
#6224 = FILL_AREA_STYLE_COLOUR('',#6225);
#6225 = COLOUR_RGB('',0.313304153717,0.484529207832,0.410020903123);
#6226 = MECHANICAL_DESIGN_GEOMETRIC_PRESENTATION_REPRESENTATION('',(
    #6227,#6235,#6242,#6249,#6256,#6263,#6270,#6277,#6284,#6291,#6299,
    #6306,#6313,#6320,#6327,#6334,#6341,#6348,#6355,#6362,#6369,#6376,
    #6383,#6390,#6397,#6404,#6411,#6418,#6425,#6432,#6439,#6446,#6453,
    #6460,#6467,#6474,#6481,#6488,#6495,#6502,#6509,#6516,#6523,#6530,
    #6537,#6544,#6551,#6558,#6565,#6572,#6579,#6586,#6593,#6600,#6607,
    #6614,#6621,#6628,#6635,#6642,#6649,#6656,#6663,#6670,#6677,#6684,
    #6691),#2229);
#6227 = STYLED_ITEM('color',(#6228),#99);
#6228 = PRESENTATION_STYLE_ASSIGNMENT((#6229));
#6229 = SURFACE_STYLE_USAGE(.BOTH.,#6230);
#6230 = SURFACE_SIDE_STYLE('',(#6231));
#6231 = SURFACE_STYLE_FILL_AREA(#6232);
#6232 = FILL_AREA_STYLE('',(#6233));
#6233 = FILL_AREA_STYLE_COLOUR('',#6234);
#6234 = COLOUR_RGB('',9.999999991362E-02,5.000000142576E-02,
  9.999999991362E-02);
#6235 = STYLED_ITEM('color',(#6236),#139);
#6236 = PRESENTATION_STYLE_ASSIGNMENT((#6237));
#6237 = SURFACE_STYLE_USAGE(.BOTH.,#6238);
#6238 = SURFACE_SIDE_STYLE('',(#6239));
#6239 = SURFACE_STYLE_FILL_AREA(#6240);
#6240 = FILL_AREA_STYLE('',(#6241));
#6241 = FILL_AREA_STYLE_COLOUR('',#6234);
#6242 = STYLED_ITEM('color',(#6243),#188);
#6243 = PRESENTATION_STYLE_ASSIGNMENT((#6244));
#6244 = SURFACE_STYLE_USAGE(.BOTH.,#6245);
#6245 = SURFACE_SIDE_STYLE('',(#6246));
#6246 = SURFACE_STYLE_FILL_AREA(#6247);
#6247 = FILL_AREA_STYLE('',(#6248));
#6248 = FILL_AREA_STYLE_COLOUR('',#6234);
#6249 = STYLED_ITEM('color',(#6250),#213);
#6250 = PRESENTATION_STYLE_ASSIGNMENT((#6251));
#6251 = SURFACE_STYLE_USAGE(.BOTH.,#6252);
#6252 = SURFACE_SIDE_STYLE('',(#6253));
#6253 = SURFACE_STYLE_FILL_AREA(#6254);
#6254 = FILL_AREA_STYLE('',(#6255));
#6255 = FILL_AREA_STYLE_COLOUR('',#6234);
#6256 = STYLED_ITEM('color',(#6257),#336);
#6257 = PRESENTATION_STYLE_ASSIGNMENT((#6258));
#6258 = SURFACE_STYLE_USAGE(.BOTH.,#6259);
#6259 = SURFACE_SIDE_STYLE('',(#6260));
#6260 = SURFACE_STYLE_FILL_AREA(#6261);
#6261 = FILL_AREA_STYLE('',(#6262));
#6262 = FILL_AREA_STYLE_COLOUR('',#6234);
#6263 = STYLED_ITEM('color',(#6264),#403);
#6264 = PRESENTATION_STYLE_ASSIGNMENT((#6265));
#6265 = SURFACE_STYLE_USAGE(.BOTH.,#6266);
#6266 = SURFACE_SIDE_STYLE('',(#6267));
#6267 = SURFACE_STYLE_FILL_AREA(#6268);
#6268 = FILL_AREA_STYLE('',(#6269));
#6269 = FILL_AREA_STYLE_COLOUR('',#6234);
#6270 = STYLED_ITEM('color',(#6271),#420);
#6271 = PRESENTATION_STYLE_ASSIGNMENT((#6272));
#6272 = SURFACE_STYLE_USAGE(.BOTH.,#6273);
#6273 = SURFACE_SIDE_STYLE('',(#6274));
#6274 = SURFACE_STYLE_FILL_AREA(#6275);
#6275 = FILL_AREA_STYLE('',(#6276));
#6276 = FILL_AREA_STYLE_COLOUR('',#6234);
#6277 = STYLED_ITEM('color',(#6278),#437);
#6278 = PRESENTATION_STYLE_ASSIGNMENT((#6279));
#6279 = SURFACE_STYLE_USAGE(.BOTH.,#6280);
#6280 = SURFACE_SIDE_STYLE('',(#6281));
#6281 = SURFACE_STYLE_FILL_AREA(#6282);
#6282 = FILL_AREA_STYLE('',(#6283));
#6283 = FILL_AREA_STYLE_COLOUR('',#6234);
#6284 = STYLED_ITEM('color',(#6285),#449);
#6285 = PRESENTATION_STYLE_ASSIGNMENT((#6286));
#6286 = SURFACE_STYLE_USAGE(.BOTH.,#6287);
#6287 = SURFACE_SIDE_STYLE('',(#6288));
#6288 = SURFACE_STYLE_FILL_AREA(#6289);
#6289 = FILL_AREA_STYLE('',(#6290));
#6290 = FILL_AREA_STYLE_COLOUR('',#6234);
#6291 = STYLED_ITEM('color',(#6292),#528);
#6292 = PRESENTATION_STYLE_ASSIGNMENT((#6293));
#6293 = SURFACE_STYLE_USAGE(.BOTH.,#6294);
#6294 = SURFACE_SIDE_STYLE('',(#6295));
#6295 = SURFACE_STYLE_FILL_AREA(#6296);
#6296 = FILL_AREA_STYLE('',(#6297));
#6297 = FILL_AREA_STYLE_COLOUR('',#6298);
#6298 = COLOUR_RGB('',0.823999987314,0.819999987296,0.781000009244);
#6299 = STYLED_ITEM('color',(#6300),#682);
#6300 = PRESENTATION_STYLE_ASSIGNMENT((#6301));
#6301 = SURFACE_STYLE_USAGE(.BOTH.,#6302);
#6302 = SURFACE_SIDE_STYLE('',(#6303));
#6303 = SURFACE_STYLE_FILL_AREA(#6304);
#6304 = FILL_AREA_STYLE('',(#6305));
#6305 = FILL_AREA_STYLE_COLOUR('',#6298);
#6306 = STYLED_ITEM('color',(#6307),#706);
#6307 = PRESENTATION_STYLE_ASSIGNMENT((#6308));
#6308 = SURFACE_STYLE_USAGE(.BOTH.,#6309);
#6309 = SURFACE_SIDE_STYLE('',(#6310));
#6310 = SURFACE_STYLE_FILL_AREA(#6311);
#6311 = FILL_AREA_STYLE('',(#6312));
#6312 = FILL_AREA_STYLE_COLOUR('',#6298);
#6313 = STYLED_ITEM('color',(#6314),#852);
#6314 = PRESENTATION_STYLE_ASSIGNMENT((#6315));
#6315 = SURFACE_STYLE_USAGE(.BOTH.,#6316);
#6316 = SURFACE_SIDE_STYLE('',(#6317));
#6317 = SURFACE_STYLE_FILL_AREA(#6318);
#6318 = FILL_AREA_STYLE('',(#6319));
#6319 = FILL_AREA_STYLE_COLOUR('',#6298);
#6320 = STYLED_ITEM('color',(#6321),#870);
#6321 = PRESENTATION_STYLE_ASSIGNMENT((#6322));
#6322 = SURFACE_STYLE_USAGE(.BOTH.,#6323);
#6323 = SURFACE_SIDE_STYLE('',(#6324));
#6324 = SURFACE_STYLE_FILL_AREA(#6325);
#6325 = FILL_AREA_STYLE('',(#6326));
#6326 = FILL_AREA_STYLE_COLOUR('',#6298);
#6327 = STYLED_ITEM('color',(#6328),#902);
#6328 = PRESENTATION_STYLE_ASSIGNMENT((#6329));
#6329 = SURFACE_STYLE_USAGE(.BOTH.,#6330);
#6330 = SURFACE_SIDE_STYLE('',(#6331));
#6331 = SURFACE_STYLE_FILL_AREA(#6332);
#6332 = FILL_AREA_STYLE('',(#6333));
#6333 = FILL_AREA_STYLE_COLOUR('',#6298);
#6334 = STYLED_ITEM('color',(#6335),#1048);
#6335 = PRESENTATION_STYLE_ASSIGNMENT((#6336));
#6336 = SURFACE_STYLE_USAGE(.BOTH.,#6337);
#6337 = SURFACE_SIDE_STYLE('',(#6338));
#6338 = SURFACE_STYLE_FILL_AREA(#6339);
#6339 = FILL_AREA_STYLE('',(#6340));
#6340 = FILL_AREA_STYLE_COLOUR('',#6298);
#6341 = STYLED_ITEM('color',(#6342),#1072);
#6342 = PRESENTATION_STYLE_ASSIGNMENT((#6343));
#6343 = SURFACE_STYLE_USAGE(.BOTH.,#6344);
#6344 = SURFACE_SIDE_STYLE('',(#6345));
#6345 = SURFACE_STYLE_FILL_AREA(#6346);
#6346 = FILL_AREA_STYLE('',(#6347));
#6347 = FILL_AREA_STYLE_COLOUR('',#6298);
#6348 = STYLED_ITEM('color',(#6349),#1212);
#6349 = PRESENTATION_STYLE_ASSIGNMENT((#6350));
#6350 = SURFACE_STYLE_USAGE(.BOTH.,#6351);
#6351 = SURFACE_SIDE_STYLE('',(#6352));
#6352 = SURFACE_STYLE_FILL_AREA(#6353);
#6353 = FILL_AREA_STYLE('',(#6354));
#6354 = FILL_AREA_STYLE_COLOUR('',#6234);
#6355 = STYLED_ITEM('color',(#6356),#1236);
#6356 = PRESENTATION_STYLE_ASSIGNMENT((#6357));
#6357 = SURFACE_STYLE_USAGE(.BOTH.,#6358);
#6358 = SURFACE_SIDE_STYLE('',(#6359));
#6359 = SURFACE_STYLE_FILL_AREA(#6360);
#6360 = FILL_AREA_STYLE('',(#6361));
#6361 = FILL_AREA_STYLE_COLOUR('',#6234);
#6362 = STYLED_ITEM('color',(#6363),#1247);
#6363 = PRESENTATION_STYLE_ASSIGNMENT((#6364));
#6364 = SURFACE_STYLE_USAGE(.BOTH.,#6365);
#6365 = SURFACE_SIDE_STYLE('',(#6366));
#6366 = SURFACE_STYLE_FILL_AREA(#6367);
#6367 = FILL_AREA_STYLE('',(#6368));
#6368 = FILL_AREA_STYLE_COLOUR('',#6234);
#6369 = STYLED_ITEM('color',(#6370),#1257);
#6370 = PRESENTATION_STYLE_ASSIGNMENT((#6371));
#6371 = SURFACE_STYLE_USAGE(.BOTH.,#6372);
#6372 = SURFACE_SIDE_STYLE('',(#6373));
#6373 = SURFACE_STYLE_FILL_AREA(#6374);
#6374 = FILL_AREA_STYLE('',(#6375));
#6375 = FILL_AREA_STYLE_COLOUR('',#6298);
#6376 = STYLED_ITEM('color',(#6377),#1288);
#6377 = PRESENTATION_STYLE_ASSIGNMENT((#6378));
#6378 = SURFACE_STYLE_USAGE(.BOTH.,#6379);
#6379 = SURFACE_SIDE_STYLE('',(#6380));
#6380 = SURFACE_STYLE_FILL_AREA(#6381);
#6381 = FILL_AREA_STYLE('',(#6382));
#6382 = FILL_AREA_STYLE_COLOUR('',#6298);
#6383 = STYLED_ITEM('color',(#6384),#1392);
#6384 = PRESENTATION_STYLE_ASSIGNMENT((#6385));
#6385 = SURFACE_STYLE_USAGE(.BOTH.,#6386);
#6386 = SURFACE_SIDE_STYLE('',(#6387));
#6387 = SURFACE_STYLE_FILL_AREA(#6388);
#6388 = FILL_AREA_STYLE('',(#6389));
#6389 = FILL_AREA_STYLE_COLOUR('',#6298);
#6390 = STYLED_ITEM('color',(#6391),#1416);
#6391 = PRESENTATION_STYLE_ASSIGNMENT((#6392));
#6392 = SURFACE_STYLE_USAGE(.BOTH.,#6393);
#6393 = SURFACE_SIDE_STYLE('',(#6394));
#6394 = SURFACE_STYLE_FILL_AREA(#6395);
#6395 = FILL_AREA_STYLE('',(#6396));
#6396 = FILL_AREA_STYLE_COLOUR('',#6298);
#6397 = STYLED_ITEM('color',(#6398),#1513);
#6398 = PRESENTATION_STYLE_ASSIGNMENT((#6399));
#6399 = SURFACE_STYLE_USAGE(.BOTH.,#6400);
#6400 = SURFACE_SIDE_STYLE('',(#6401));
#6401 = SURFACE_STYLE_FILL_AREA(#6402);
#6402 = FILL_AREA_STYLE('',(#6403));
#6403 = FILL_AREA_STYLE_COLOUR('',#6298);
#6404 = STYLED_ITEM('color',(#6405),#1535);
#6405 = PRESENTATION_STYLE_ASSIGNMENT((#6406));
#6406 = SURFACE_STYLE_USAGE(.BOTH.,#6407);
#6407 = SURFACE_SIDE_STYLE('',(#6408));
#6408 = SURFACE_STYLE_FILL_AREA(#6409);
#6409 = FILL_AREA_STYLE('',(#6410));
#6410 = FILL_AREA_STYLE_COLOUR('',#6298);
#6411 = STYLED_ITEM('color',(#6412),#1547);
#6412 = PRESENTATION_STYLE_ASSIGNMENT((#6413));
#6413 = SURFACE_STYLE_USAGE(.BOTH.,#6414);
#6414 = SURFACE_SIDE_STYLE('',(#6415));
#6415 = SURFACE_STYLE_FILL_AREA(#6416);
#6416 = FILL_AREA_STYLE('',(#6417));
#6417 = FILL_AREA_STYLE_COLOUR('',#6298);
#6418 = STYLED_ITEM('color',(#6419),#1564);
#6419 = PRESENTATION_STYLE_ASSIGNMENT((#6420));
#6420 = SURFACE_STYLE_USAGE(.BOTH.,#6421);
#6421 = SURFACE_SIDE_STYLE('',(#6422));
#6422 = SURFACE_STYLE_FILL_AREA(#6423);
#6423 = FILL_AREA_STYLE('',(#6424));
#6424 = FILL_AREA_STYLE_COLOUR('',#6298);
#6425 = STYLED_ITEM('color',(#6426),#1581);
#6426 = PRESENTATION_STYLE_ASSIGNMENT((#6427));
#6427 = SURFACE_STYLE_USAGE(.BOTH.,#6428);
#6428 = SURFACE_SIDE_STYLE('',(#6429));
#6429 = SURFACE_STYLE_FILL_AREA(#6430);
#6430 = FILL_AREA_STYLE('',(#6431));
#6431 = FILL_AREA_STYLE_COLOUR('',#6298);
#6432 = STYLED_ITEM('color',(#6433),#1598);
#6433 = PRESENTATION_STYLE_ASSIGNMENT((#6434));
#6434 = SURFACE_STYLE_USAGE(.BOTH.,#6435);
#6435 = SURFACE_SIDE_STYLE('',(#6436));
#6436 = SURFACE_STYLE_FILL_AREA(#6437);
#6437 = FILL_AREA_STYLE('',(#6438));
#6438 = FILL_AREA_STYLE_COLOUR('',#6298);
#6439 = STYLED_ITEM('color',(#6440),#1615);
#6440 = PRESENTATION_STYLE_ASSIGNMENT((#6441));
#6441 = SURFACE_STYLE_USAGE(.BOTH.,#6442);
#6442 = SURFACE_SIDE_STYLE('',(#6443));
#6443 = SURFACE_STYLE_FILL_AREA(#6444);
#6444 = FILL_AREA_STYLE('',(#6445));
#6445 = FILL_AREA_STYLE_COLOUR('',#6298);
#6446 = STYLED_ITEM('color',(#6447),#1632);
#6447 = PRESENTATION_STYLE_ASSIGNMENT((#6448));
#6448 = SURFACE_STYLE_USAGE(.BOTH.,#6449);
#6449 = SURFACE_SIDE_STYLE('',(#6450));
#6450 = SURFACE_STYLE_FILL_AREA(#6451);
#6451 = FILL_AREA_STYLE('',(#6452));
#6452 = FILL_AREA_STYLE_COLOUR('',#6298);
#6453 = STYLED_ITEM('color',(#6454),#1649);
#6454 = PRESENTATION_STYLE_ASSIGNMENT((#6455));
#6455 = SURFACE_STYLE_USAGE(.BOTH.,#6456);
#6456 = SURFACE_SIDE_STYLE('',(#6457));
#6457 = SURFACE_STYLE_FILL_AREA(#6458);
#6458 = FILL_AREA_STYLE('',(#6459));
#6459 = FILL_AREA_STYLE_COLOUR('',#6298);
#6460 = STYLED_ITEM('color',(#6461),#1666);
#6461 = PRESENTATION_STYLE_ASSIGNMENT((#6462));
#6462 = SURFACE_STYLE_USAGE(.BOTH.,#6463);
#6463 = SURFACE_SIDE_STYLE('',(#6464));
#6464 = SURFACE_STYLE_FILL_AREA(#6465);
#6465 = FILL_AREA_STYLE('',(#6466));
#6466 = FILL_AREA_STYLE_COLOUR('',#6298);
#6467 = STYLED_ITEM('color',(#6468),#1683);
#6468 = PRESENTATION_STYLE_ASSIGNMENT((#6469));
#6469 = SURFACE_STYLE_USAGE(.BOTH.,#6470);
#6470 = SURFACE_SIDE_STYLE('',(#6471));
#6471 = SURFACE_STYLE_FILL_AREA(#6472);
#6472 = FILL_AREA_STYLE('',(#6473));
#6473 = FILL_AREA_STYLE_COLOUR('',#6298);
#6474 = STYLED_ITEM('color',(#6475),#1700);
#6475 = PRESENTATION_STYLE_ASSIGNMENT((#6476));
#6476 = SURFACE_STYLE_USAGE(.BOTH.,#6477);
#6477 = SURFACE_SIDE_STYLE('',(#6478));
#6478 = SURFACE_STYLE_FILL_AREA(#6479);
#6479 = FILL_AREA_STYLE('',(#6480));
#6480 = FILL_AREA_STYLE_COLOUR('',#6298);
#6481 = STYLED_ITEM('color',(#6482),#1717);
#6482 = PRESENTATION_STYLE_ASSIGNMENT((#6483));
#6483 = SURFACE_STYLE_USAGE(.BOTH.,#6484);
#6484 = SURFACE_SIDE_STYLE('',(#6485));
#6485 = SURFACE_STYLE_FILL_AREA(#6486);
#6486 = FILL_AREA_STYLE('',(#6487));
#6487 = FILL_AREA_STYLE_COLOUR('',#6298);
#6488 = STYLED_ITEM('color',(#6489),#1734);
#6489 = PRESENTATION_STYLE_ASSIGNMENT((#6490));
#6490 = SURFACE_STYLE_USAGE(.BOTH.,#6491);
#6491 = SURFACE_SIDE_STYLE('',(#6492));
#6492 = SURFACE_STYLE_FILL_AREA(#6493);
#6493 = FILL_AREA_STYLE('',(#6494));
#6494 = FILL_AREA_STYLE_COLOUR('',#6298);
#6495 = STYLED_ITEM('color',(#6496),#1751);
#6496 = PRESENTATION_STYLE_ASSIGNMENT((#6497));
#6497 = SURFACE_STYLE_USAGE(.BOTH.,#6498);
#6498 = SURFACE_SIDE_STYLE('',(#6499));
#6499 = SURFACE_STYLE_FILL_AREA(#6500);
#6500 = FILL_AREA_STYLE('',(#6501));
#6501 = FILL_AREA_STYLE_COLOUR('',#6298);
#6502 = STYLED_ITEM('color',(#6503),#1768);
#6503 = PRESENTATION_STYLE_ASSIGNMENT((#6504));
#6504 = SURFACE_STYLE_USAGE(.BOTH.,#6505);
#6505 = SURFACE_SIDE_STYLE('',(#6506));
#6506 = SURFACE_STYLE_FILL_AREA(#6507);
#6507 = FILL_AREA_STYLE('',(#6508));
#6508 = FILL_AREA_STYLE_COLOUR('',#6298);
#6509 = STYLED_ITEM('color',(#6510),#1780);
#6510 = PRESENTATION_STYLE_ASSIGNMENT((#6511));
#6511 = SURFACE_STYLE_USAGE(.BOTH.,#6512);
#6512 = SURFACE_SIDE_STYLE('',(#6513));
#6513 = SURFACE_STYLE_FILL_AREA(#6514);
#6514 = FILL_AREA_STYLE('',(#6515));
#6515 = FILL_AREA_STYLE_COLOUR('',#6298);
#6516 = STYLED_ITEM('color',(#6517),#1797);
#6517 = PRESENTATION_STYLE_ASSIGNMENT((#6518));
#6518 = SURFACE_STYLE_USAGE(.BOTH.,#6519);
#6519 = SURFACE_SIDE_STYLE('',(#6520));
#6520 = SURFACE_STYLE_FILL_AREA(#6521);
#6521 = FILL_AREA_STYLE('',(#6522));
#6522 = FILL_AREA_STYLE_COLOUR('',#6298);
#6523 = STYLED_ITEM('color',(#6524),#1814);
#6524 = PRESENTATION_STYLE_ASSIGNMENT((#6525));
#6525 = SURFACE_STYLE_USAGE(.BOTH.,#6526);
#6526 = SURFACE_SIDE_STYLE('',(#6527));
#6527 = SURFACE_STYLE_FILL_AREA(#6528);
#6528 = FILL_AREA_STYLE('',(#6529));
#6529 = FILL_AREA_STYLE_COLOUR('',#6298);
#6530 = STYLED_ITEM('color',(#6531),#1831);
#6531 = PRESENTATION_STYLE_ASSIGNMENT((#6532));
#6532 = SURFACE_STYLE_USAGE(.BOTH.,#6533);
#6533 = SURFACE_SIDE_STYLE('',(#6534));
#6534 = SURFACE_STYLE_FILL_AREA(#6535);
#6535 = FILL_AREA_STYLE('',(#6536));
#6536 = FILL_AREA_STYLE_COLOUR('',#6298);
#6537 = STYLED_ITEM('color',(#6538),#1848);
#6538 = PRESENTATION_STYLE_ASSIGNMENT((#6539));
#6539 = SURFACE_STYLE_USAGE(.BOTH.,#6540);
#6540 = SURFACE_SIDE_STYLE('',(#6541));
#6541 = SURFACE_STYLE_FILL_AREA(#6542);
#6542 = FILL_AREA_STYLE('',(#6543));
#6543 = FILL_AREA_STYLE_COLOUR('',#6298);
#6544 = STYLED_ITEM('color',(#6545),#1865);
#6545 = PRESENTATION_STYLE_ASSIGNMENT((#6546));
#6546 = SURFACE_STYLE_USAGE(.BOTH.,#6547);
#6547 = SURFACE_SIDE_STYLE('',(#6548));
#6548 = SURFACE_STYLE_FILL_AREA(#6549);
#6549 = FILL_AREA_STYLE('',(#6550));
#6550 = FILL_AREA_STYLE_COLOUR('',#6298);
#6551 = STYLED_ITEM('color',(#6552),#1882);
#6552 = PRESENTATION_STYLE_ASSIGNMENT((#6553));
#6553 = SURFACE_STYLE_USAGE(.BOTH.,#6554);
#6554 = SURFACE_SIDE_STYLE('',(#6555));
#6555 = SURFACE_STYLE_FILL_AREA(#6556);
#6556 = FILL_AREA_STYLE('',(#6557));
#6557 = FILL_AREA_STYLE_COLOUR('',#6298);
#6558 = STYLED_ITEM('color',(#6559),#1899);
#6559 = PRESENTATION_STYLE_ASSIGNMENT((#6560));
#6560 = SURFACE_STYLE_USAGE(.BOTH.,#6561);
#6561 = SURFACE_SIDE_STYLE('',(#6562));
#6562 = SURFACE_STYLE_FILL_AREA(#6563);
#6563 = FILL_AREA_STYLE('',(#6564));
#6564 = FILL_AREA_STYLE_COLOUR('',#6298);
#6565 = STYLED_ITEM('color',(#6566),#1916);
#6566 = PRESENTATION_STYLE_ASSIGNMENT((#6567));
#6567 = SURFACE_STYLE_USAGE(.BOTH.,#6568);
#6568 = SURFACE_SIDE_STYLE('',(#6569));
#6569 = SURFACE_STYLE_FILL_AREA(#6570);
#6570 = FILL_AREA_STYLE('',(#6571));
#6571 = FILL_AREA_STYLE_COLOUR('',#6298);
#6572 = STYLED_ITEM('color',(#6573),#1933);
#6573 = PRESENTATION_STYLE_ASSIGNMENT((#6574));
#6574 = SURFACE_STYLE_USAGE(.BOTH.,#6575);
#6575 = SURFACE_SIDE_STYLE('',(#6576));
#6576 = SURFACE_STYLE_FILL_AREA(#6577);
#6577 = FILL_AREA_STYLE('',(#6578));
#6578 = FILL_AREA_STYLE_COLOUR('',#6298);
#6579 = STYLED_ITEM('color',(#6580),#1950);
#6580 = PRESENTATION_STYLE_ASSIGNMENT((#6581));
#6581 = SURFACE_STYLE_USAGE(.BOTH.,#6582);
#6582 = SURFACE_SIDE_STYLE('',(#6583));
#6583 = SURFACE_STYLE_FILL_AREA(#6584);
#6584 = FILL_AREA_STYLE('',(#6585));
#6585 = FILL_AREA_STYLE_COLOUR('',#6298);
#6586 = STYLED_ITEM('color',(#6587),#1967);
#6587 = PRESENTATION_STYLE_ASSIGNMENT((#6588));
#6588 = SURFACE_STYLE_USAGE(.BOTH.,#6589);
#6589 = SURFACE_SIDE_STYLE('',(#6590));
#6590 = SURFACE_STYLE_FILL_AREA(#6591);
#6591 = FILL_AREA_STYLE('',(#6592));
#6592 = FILL_AREA_STYLE_COLOUR('',#6298);
#6593 = STYLED_ITEM('color',(#6594),#1984);
#6594 = PRESENTATION_STYLE_ASSIGNMENT((#6595));
#6595 = SURFACE_STYLE_USAGE(.BOTH.,#6596);
#6596 = SURFACE_SIDE_STYLE('',(#6597));
#6597 = SURFACE_STYLE_FILL_AREA(#6598);
#6598 = FILL_AREA_STYLE('',(#6599));
#6599 = FILL_AREA_STYLE_COLOUR('',#6298);
#6600 = STYLED_ITEM('color',(#6601),#2001);
#6601 = PRESENTATION_STYLE_ASSIGNMENT((#6602));
#6602 = SURFACE_STYLE_USAGE(.BOTH.,#6603);
#6603 = SURFACE_SIDE_STYLE('',(#6604));
#6604 = SURFACE_STYLE_FILL_AREA(#6605);
#6605 = FILL_AREA_STYLE('',(#6606));
#6606 = FILL_AREA_STYLE_COLOUR('',#6298);
#6607 = STYLED_ITEM('color',(#6608),#2018);
#6608 = PRESENTATION_STYLE_ASSIGNMENT((#6609));
#6609 = SURFACE_STYLE_USAGE(.BOTH.,#6610);
#6610 = SURFACE_SIDE_STYLE('',(#6611));
#6611 = SURFACE_STYLE_FILL_AREA(#6612);
#6612 = FILL_AREA_STYLE('',(#6613));
#6613 = FILL_AREA_STYLE_COLOUR('',#6298);
#6614 = STYLED_ITEM('color',(#6615),#2035);
#6615 = PRESENTATION_STYLE_ASSIGNMENT((#6616));
#6616 = SURFACE_STYLE_USAGE(.BOTH.,#6617);
#6617 = SURFACE_SIDE_STYLE('',(#6618));
#6618 = SURFACE_STYLE_FILL_AREA(#6619);
#6619 = FILL_AREA_STYLE('',(#6620));
#6620 = FILL_AREA_STYLE_COLOUR('',#6298);
#6621 = STYLED_ITEM('color',(#6622),#2047);
#6622 = PRESENTATION_STYLE_ASSIGNMENT((#6623));
#6623 = SURFACE_STYLE_USAGE(.BOTH.,#6624);
#6624 = SURFACE_SIDE_STYLE('',(#6625));
#6625 = SURFACE_STYLE_FILL_AREA(#6626);
#6626 = FILL_AREA_STYLE('',(#6627));
#6627 = FILL_AREA_STYLE_COLOUR('',#6298);
#6628 = STYLED_ITEM('color',(#6629),#2064);
#6629 = PRESENTATION_STYLE_ASSIGNMENT((#6630));
#6630 = SURFACE_STYLE_USAGE(.BOTH.,#6631);
#6631 = SURFACE_SIDE_STYLE('',(#6632));
#6632 = SURFACE_STYLE_FILL_AREA(#6633);
#6633 = FILL_AREA_STYLE('',(#6634));
#6634 = FILL_AREA_STYLE_COLOUR('',#6298);
#6635 = STYLED_ITEM('color',(#6636),#2086);
#6636 = PRESENTATION_STYLE_ASSIGNMENT((#6637));
#6637 = SURFACE_STYLE_USAGE(.BOTH.,#6638);
#6638 = SURFACE_SIDE_STYLE('',(#6639));
#6639 = SURFACE_STYLE_FILL_AREA(#6640);
#6640 = FILL_AREA_STYLE('',(#6641));
#6641 = FILL_AREA_STYLE_COLOUR('',#6298);
#6642 = STYLED_ITEM('color',(#6643),#2103);
#6643 = PRESENTATION_STYLE_ASSIGNMENT((#6644));
#6644 = SURFACE_STYLE_USAGE(.BOTH.,#6645);
#6645 = SURFACE_SIDE_STYLE('',(#6646));
#6646 = SURFACE_STYLE_FILL_AREA(#6647);
#6647 = FILL_AREA_STYLE('',(#6648));
#6648 = FILL_AREA_STYLE_COLOUR('',#6298);
#6649 = STYLED_ITEM('color',(#6650),#2120);
#6650 = PRESENTATION_STYLE_ASSIGNMENT((#6651));
#6651 = SURFACE_STYLE_USAGE(.BOTH.,#6652);
#6652 = SURFACE_SIDE_STYLE('',(#6653));
#6653 = SURFACE_STYLE_FILL_AREA(#6654);
#6654 = FILL_AREA_STYLE('',(#6655));
#6655 = FILL_AREA_STYLE_COLOUR('',#6298);
#6656 = STYLED_ITEM('color',(#6657),#2132);
#6657 = PRESENTATION_STYLE_ASSIGNMENT((#6658));
#6658 = SURFACE_STYLE_USAGE(.BOTH.,#6659);
#6659 = SURFACE_SIDE_STYLE('',(#6660));
#6660 = SURFACE_STYLE_FILL_AREA(#6661);
#6661 = FILL_AREA_STYLE('',(#6662));
#6662 = FILL_AREA_STYLE_COLOUR('',#6298);
#6663 = STYLED_ITEM('color',(#6664),#2149);
#6664 = PRESENTATION_STYLE_ASSIGNMENT((#6665));
#6665 = SURFACE_STYLE_USAGE(.BOTH.,#6666);
#6666 = SURFACE_SIDE_STYLE('',(#6667));
#6667 = SURFACE_STYLE_FILL_AREA(#6668);
#6668 = FILL_AREA_STYLE('',(#6669));
#6669 = FILL_AREA_STYLE_COLOUR('',#6298);
#6670 = STYLED_ITEM('color',(#6671),#2166);
#6671 = PRESENTATION_STYLE_ASSIGNMENT((#6672));
#6672 = SURFACE_STYLE_USAGE(.BOTH.,#6673);
#6673 = SURFACE_SIDE_STYLE('',(#6674));
#6674 = SURFACE_STYLE_FILL_AREA(#6675);
#6675 = FILL_AREA_STYLE('',(#6676));
#6676 = FILL_AREA_STYLE_COLOUR('',#6298);
#6677 = STYLED_ITEM('color',(#6678),#2183);
#6678 = PRESENTATION_STYLE_ASSIGNMENT((#6679));
#6679 = SURFACE_STYLE_USAGE(.BOTH.,#6680);
#6680 = SURFACE_SIDE_STYLE('',(#6681));
#6681 = SURFACE_STYLE_FILL_AREA(#6682);
#6682 = FILL_AREA_STYLE('',(#6683));
#6683 = FILL_AREA_STYLE_COLOUR('',#6298);
#6684 = STYLED_ITEM('color',(#6685),#2200);
#6685 = PRESENTATION_STYLE_ASSIGNMENT((#6686));
#6686 = SURFACE_STYLE_USAGE(.BOTH.,#6687);
#6687 = SURFACE_SIDE_STYLE('',(#6688));
#6688 = SURFACE_STYLE_FILL_AREA(#6689);
#6689 = FILL_AREA_STYLE('',(#6690));
#6690 = FILL_AREA_STYLE_COLOUR('',#6298);
#6691 = STYLED_ITEM('color',(#6692),#2217);
#6692 = PRESENTATION_STYLE_ASSIGNMENT((#6693));
#6693 = SURFACE_STYLE_USAGE(.BOTH.,#6694);
#6694 = SURFACE_SIDE_STYLE('',(#6695));
#6695 = SURFACE_STYLE_FILL_AREA(#6696);
#6696 = FILL_AREA_STYLE('',(#6697));
#6697 = FILL_AREA_STYLE_COLOUR('',#6298);
ENDSEC;
END-ISO-10303-21;
